niveau,wort,artikel,turkce,formen,typ,beispiele,eintrag,quelle
A1,ab,,"-den itibaren, -den beri",,Sonstiges,Ab morgen haben wir Ferien.,,
A1,aber,,"ama, fakat",,Sonstiges,"Der Film ist traurig, aber sehr schön.",,
A1,abfahren,,"hareket etmek, kalkmak",,Sonstiges,Der Zug fährt gleich ab.,,
A1,abgeben,,"teslim etmek, vermek",,Sonstiges,Kann ich das Buch hier abgeben?,,
A1,abholen,,"almak, karşılamak",,Sonstiges,Ich hole dich am Bahnhof ab.,,
A1,Achtung,die,dikkat,(Sg.),Nomen,Achtung! Jetzt fängt es an.,,
A1,Adresse,die,adres,-n,Nomen,Ich weiß die Adresse nicht.,,
A1,Ahnung,die,"fikir, tahmin",-en,Nomen,Ich habe keine Ahnung!,,
A1,alle,,"hepsi, herkes",,Sonstiges,Sind alle da? Hast du alles?,,
A1,allein,,yalnız,,Sonstiges,Er arbeitet gern allein.,,
A1,also,,"yani, öyleyse",,Sonstiges,"Wir haben viel Platz, du kannst also bei uns schlafen.",,
A1,alt,,"yaşlı, eski",,Sonstiges,Wie alt bist du? Unser Haus ist sehr alt.,,
A1,Alter,das,yaş,(Sg.),Nomen,1. Wir sind etwa im gleichen Alter. 2. Alter: 26 Jahre,,
A1,an,,"-de, -da; -e, -a",,Sonstiges,Am Sonntag/am Abend/am Anfang/am Meer/ am Fenster/an den See/am Marktplatz,,
A1,ander-,,"diğer, başka",,Sonstiges,"Gefällt dir die Jacke? / Nein, die andere finde ich schöner.",,
A1,Anfang,der,başlangıç,"ä, -e",Nomen,Am Anfang ist das Buch langweilig.,,
A1,anfangen,,başlamak,,Sonstiges,Fangt bitte mit Übung 12 an. / Fängst du an?,,
A1,Angst,die,korku,"ä, -e",Nomen,Hab keine Angst! Ich habe Angst vor großen Hunden.,,
A1,ankommen,,varmak,,Sonstiges,Wann kommt ihr in Berlin an?,,
A1,anrufen,,"aramak, telefon etmek",,Sonstiges,Ich rufe dich morgen an.,,
A1,Anruf,der,"telefon görüşmesi, arama",e,Nomen,Ich warte dann auf deinen Anruf - okay?,,
A1,Anrufbeantworter,der,telesekreter,,Nomen,Sind Nachrichten auf dem Anrufbeantworter?,,
A1,Antwort,die,"cevap, yanıt",-en,Nomen,Weißt du die Antwort?,,
A1,antworten,,"cevap vermek, yanıtlamak",,Sonstiges,Warum antwortest du nicht?,,
A1,Anzeige,die,ilan,-n,Nomen,Lies bitte die Anzeige in der Zeitung!,,
A1,Apfel,der,elma,"Ä, -",Nomen,Schmeckt dir der Apfel?,,
A1,Apotheke,die,eczane,-n,Nomen,Aspirin? Das bekommen Sie in der Apotheke.,,
A1,Appetit,der,iştah,(Sg.),Nomen,1. Ich habe heute keinen Appetit. Ich mag nichts essen. 2. Auf was hast du Appetit? Vielleicht auf einen Salat? 3. Guten,,
A1,Arbeit,die,"iş, çalışma",-en,Nomen,War die Physikarbeit schwer?,,
A1,arbeiten,,çalışmak,,Sonstiges,Mein Vater arbeitet bei einer Autofirma.,,
A1,arbeitslos,,işsiz,,Sonstiges,Meine Mutter ist arbeitslos.,,
A1,Arm,der,kol,-e,Nomen,Mein Freund hat sich den Arm gebrochen.,,
A1,Artikel,der,makale,-,Nomen,Der Artikel in der Zeitung ist sehr interessant.,,
A1,Arzt,der,"doktor, hekim","Ä, -e",Nomen,Morgen habe ich einen Termin bei meiner Ärztin.,,
A1,Ärztin,die,kadın doktor,-nen,Nomen,Die Ärztin arbeitet im Krankenhaus.,,
A1,auch,,"de, da; ayrıca",,Sonstiges,Ich möchte auch mitspielen.,,
A1,auf,,"üstünde, üzerinde",,Sonstiges,Die Zeitung ist auf dem Tisch./ Auf dem Foto bin ich mit meiner Schwester./ Wie heißt das auf Deutsch?,,
A1,aufmachen,,açmak,,Sonstiges,Kannst du bitte das Fenster aufmachen?,,
A1,aufpassen,,dikkat etmek,,Sonstiges,"Könnt ihr bitte aufpassen? Ich zeige euch, wie es geht.",,
A1,aufräumen,,"toplamak, düzenlemek",,Sonstiges,Räum bitte dein Zimmer auf.,,
A1,auf sein,,açık olmak,,Sonstiges,Das Fenster ist auf.,,
A1,aufstehen,,"kalkmak, ayağa kalkmak",,Sonstiges,Um acht Uhr stehen wir auf.,,
A1,Auge,das,göz,-n,Nomen,Seine Augen sind grün.,,
A1,aus,,"-den, -dan; içinden",,Sonstiges,Wann kommt ihr aus der Schule?/ Ich komme aus Deutschland.,,
A1,Ausflug,der,gezi,"ü, -e",Nomen,Wir machen mit der Schule einen Ausflug.,,
A1,Ausland,das,yurt dışı,(Sg.),Nomen,Mein Vater war lange im Ausland.,,
A1,aussehen,,görünmek,,Sonstiges,Das Buch sieht sehr interessant aus. Du siehst heute hübsch aus.,,
A1,aus sein,,"bitmiş olmak, sona ermek",,Sonstiges,Um ein Uhr ist die Schule aus.,,
A1,aussteigen,,inmek,,Sonstiges,Du musst am Marktplatz aussteigen.,,
A1,Auto,das,araba,-s,Nomen,Wir kommen mit dem Auto.,,
A1,Automat,der,otomat,-en,Nomen,Die Fahrkarte bekommst du am Automaten.,,
A1,Baby,das,bebek,-s,Nomen,Meine Schwester ist noch ein Baby.,,
A1,Bad,das,banyo,"ä, -er",Nomen,Wir haben kein großes Bad.,,
A1,Bahnhof,der,"tren istasyonu, gar","ö, -e",Nomen,Wir gehen zum Bahnhof.,,
A1,Bahnsteig,der,peron,-e,Nomen,Der Zug kommt auf Bahnsteig zehn an.,,
A1,bald,,yakında,,Sonstiges,Ich komme bald. Auf Wiedersehen! Bis bald!,,
A1,Ball,der,top,"ä, -e",Nomen,Wir spielen mit dem Ball.,,
A1,Banane,die,muz,-n,Nomen,Kann ich eine Banane haben? Ich habe Hunger.,,
A1,Band,die,müzik grubu,-s,Nomen,Die Schülerband spielt heute um 9.,,
A1,Basketball,der,basketbol,"ä, -e",Nomen,Meine Hobbys sind Basketball und Musik.,,
A1,basteln,,el işi yapmak,,Sonstiges,Basteln ist mein Hobby.,,
A1,Bauch,der,karın,"ä, -e",Nomen,Seit gestern tut mir der Bauch weh.,,
A1,Baum,der,ağaç,"ä, -e",Nomen,Die Bäume sind schon grün.,,
A1,bedeuten,,anlamına gelmek,,Sonstiges,Was bedeutet das Wort?,,
A1,bei,,"yanında, -de",,Sonstiges,Er wohnt bei seinen Freunden./ Sie arbeitet bei Herrn Müller.,,
A1,beide,,"her ikisi, ikisi de",,Sonstiges,"Meine Schwester und ich, wir beide sind immer zusammen.",,
A1,bekommen,,"almak, elde etmek",,Sonstiges,Was bekommst du zum Geburtstag?,,
A1,Beruf,der,meslek,-e,Nomen,Was ist deine Mutter von Beruf?,,
A1,besetzt,,"dolu, meşgul",,Sonstiges,Der Platz ist besetzt.,,
A1,besonders,,özellikle,,Sonstiges,Das finde ich besonders interessant.,,
A1,besser,,daha iyi,,Sonstiges,Hoffentlich geht es dir bald besser.,,
A1,beste,,en iyi,,Sonstiges,"der beste Schüler, die beste Freundin, das beste Buch",,
A1,besuchen,,ziyaret etmek,,Sonstiges,Im Sommer besuche ich dich.,,
A1,Bett,das,yatak,-en,Nomen,Wann gehst du ins Bett?,,
A1,bezahlen,,ödemek,,Sonstiges,Wo muss ich bezahlen?,,
A1,Bibliothek,die,kütüphane,-en,Nomen,In der Bibliothek gibt es dreißigtausend Bücher.,,
A1,billig,,ucuz,,Sonstiges,Die Brötchen sind hier billig und gut.,,
A1,bis,,-e kadar,,Sonstiges,Wir haben bis ein Uhr Unterricht./ Wir fahren nur bis Mannheim.,,
A1,bisschen,,biraz,,Sonstiges,Ich helfe dir ein bisschen.,,
A1,bitte,,lütfen,,Sonstiges,Können Sie mir bitte helfen? Bitte komm schnell!,,
A1,bleiben,,kalmak,,Sonstiges,Wir bleiben zu Hause.,,
A1,Bleistift,der,kurşun kalem,-e,Nomen,Hier ist dein Bleistift.,,
A1,blöd,,"aptal, salak",,Sonstiges,Ich finde dich blöd!,,
A1,Blume,die,çiçek,-n,Nomen,Hier sind Blumen für dich.,,
A1,Bluse,die,bluz,-n,Nomen,Ich möchte eine rote Bluse.,,
A1,brauchen,,"ihtiyaç duymak, gerekmek",,Sonstiges,Ich brauche einen Taschenrechner.,,
A1,Brief,der,mektup,-e,Nomen,Sie bekommt immer viele Briefe.,,
A1,bringen,,getirmek,,Sonstiges,Ich bringe dir die Bücher morgen.,,
A1,Brot,das,ekmek,-e,Nomen,Wir müssen auch Brot kaufen./ Bitte ein Wurstbrot.,,
A1,Brötchen,das,"küçük ekmek, sandviç ekmeği",-,Nomen,Ich esse lieber Brötchen.,,
A1,Buch,das,kitap,"ü, er",Nomen,Die Bücher sind schon im Rucksack.,,
A1,Bus,der,otobüs,-se,Nomen,Sie fährt mit dem Bus.,,
A1,CD,die,CD,-s,Nomen,Wir können ihm eine CD schenken.,,
A1,Comic,der,çizgi roman,-s,Nomen,Liest du gern Comics?,,
A1,Computer,der,bilgisayar,-,Nomen,Mein Computer ist schon alt.,,
A1,da,,"orada, işte",,Sonstiges,Die Zeitung ist da auf dem Tisch./Ist Erika auch da?,,
A1,Dank,der,teşekkür,(Sg.),Nomen,Vielen Dank! Herzlichen Dank!,,
A1,danken,,teşekkür etmek,,Sonstiges,"Die CD ist wunderbar, ich danke dir.",,
A1,dann,,"sonra, o zaman",,Sonstiges,"Gib mir deine Adresse, dann schreibe ich dir!",,
A1,dein,,senin,-e,Sonstiges,Hier ist dein Platz. (vergl. Grammatik),,
A1,denken,,düşünmek,,Sonstiges,"Ich denke, die Hausaufgaben sind sehr einfach.",,
A1,der,,"bu, şu","die, das",Sonstiges,Möchtest du das da? (vergl. Grammatik),,
A1,deshalb,,"bu yüzden, bu nedenle",,Sonstiges,"Ich muss lernen, deshalb bleibe ich zu Hause.",,
A1,dick,,"şişman, kalın",,Sonstiges,Ich bin leider sehr dick.,,
A1,Disco,die,"disko, diskotek","-s (-thek, -en)",Nomen,Sie geht gern in die Diskothek.,,
A1,doch,,"evet, yine de",,Sonstiges,"Magst du das nicht? – Doch, es schmeckt gut.",,
A1,dort,,orada,,Sonstiges,Du gehst in die Stadt? Und was machst du dort?,,
A1,du,,sen,,Sonstiges,Wie heißt du? (vergl. Grammatik),,
A1,dumm,,"aptal, saçma",,Sonstiges,"Ich finde den Film dumm. Entschuldigung, das war dumm von mir. Das ist mir zu dumm.",,
A1,durch,,"içinden, aracılığıyla",,Sonstiges,Wir fahren durch die Stadt.,,
A1,Durst,der,susuzluk,(Sg.),Nomen,Hast du etwas zu trinken? Ich habe großen Durst.,,
A1,duschen,,duş almak,,Sonstiges,"Erst dusche ich, dann gehe ich zum Frühstück.",,
A1,Ei,das,yumurta,-er,Nomen,Möchtest du ein Ei zum Frühstück?,,
A1,ein,,bir,e,Sonstiges,Haben Sie ein Buch von Michael Ende? (vergl. Grammatik),,
A1,einfach,,"basit, kolay",,Sonstiges,Du kannst ihn einfach fragen./ Die Übung ist ganz einfach.,,
A1,einkaufen,,alışveriş yapmak,,Sonstiges,Wer kauft bei euch ein?,,
A1,einladen,,davet etmek,,Sonstiges,Darf ich Sie zu einem Kaffee einladen?,,
A1,Einladung,die,"davet, davetiye",-en,Nomen,Das ist eine Einladung zur Geburtstagsparty.,,
A1,einmal,,"bir kere, bir defa",,Sonstiges,Kannst du mir das noch einmal erklären?,,
A1,Eins,die,"bir, en yüksek not",(Sg.),Nomen,In Englisch habe ich eine Eins.,,
A1,einsteigen,,binmek,,Sonstiges,Bitte steigen Sie ein!,,
A1,einverstanden sein,,"aynı fikirde olmak, hemfikir olmak",,Sonstiges,Bist du einverstanden?,,
A1,Eis,das,dondurma,(Sg.),Nomen,Ich möchte ein großes Eis.,,
A1,Eltern,die,"ebeveynler, anne baba",(Pl.),Nomen,Meine Eltern leben in Spanien.,,
A1,Ende,das,son,(Sg),Nomen,Das Ende war sehr traurig.,,
A1,endlich,,"sonunda, nihayet",,Sonstiges,Wann antwortest du endlich?,,
A1,entschuldigen,,"özür dilemek, affetmek",,Sonstiges,"Bitte, entschuldigen Sie!",,
A1,Entschuldigung,die,"özür, mazeret",-en,Nomen,Entschuldigung! – Bitte.,,
A1,er,,o (erkek),,Sonstiges,Was macht er jetzt? (vergl. Grammatik),,
A1,erklären,,açıklamak,,Sonstiges,Können Sie das bitte erklären?,,
A1,r/e Erwachsene,,yetişkin,-n,Sonstiges,Dieser Film ist nur für Erwachsene.,,
A1,erzählen,,anlatmak,,Sonstiges,Kannst du die Geschichte erzählen?,,
A1,es,,"o (nötr, cansız)",,Sonstiges,Heute ist es sehr warm./Hier gibt es auch ein altes Schloss./Wie geht es dir/Ihnen? (vergl. Grammatik),,
A1,essen,,yemek,,Sonstiges,Was wollt ihr essen?,,
A1,Essen,das,yemek,-,Nomen,Wie war das Essen in Deutschland?,,
A1,etwas,,"biraz, bir şey",,Sonstiges,Ich bringe dir etwas.,,
A1,euer,,sizin (çoğul iyelik),,Sonstiges,Ist das euer Hund? (vergl. Grammatik),,
A1,Fach,das,"ders, alan","ä, -er",Nomen,Chemie ist mein Lieblingsfach.,,
A1,fahren,,"gitmek, sürmek",,Sonstiges,Ich fahre mit dem Auto zur Arbeit.,,
A1,Fahrkarte,die,bilet,-n,Nomen,Sie brauchen eine Fahrkarte.,,
A1,Fahrplan,der,"sefer tarifesi, tarife","ä, -e",Nomen,Da ist der Fahrplan!,,
A1,Fahrrad,das,bisiklet,"ä, -er",Nomen,Wir kommen mit dem Fahrrad.,,
A1,Familie,die,aile,-n,Nomen,Er hat eine große Familie.,,
A1,Familienname,der,soyadı,-n,Nomen,Mein Familienname ist Schmidt.,,
A1,Fehler,der,hata,-,Nomen,Ich hatte vier Fehler in der Englischarbeit.,,
A1,Fenster,das,pencere,-,Nomen,Ich möchte einen Platz am Fenster.,,
A1,Ferien,die,tatil,(Pl.),Nomen,Was macht ihr in den Ferien?,,
A1,fernsehen,,televizyon izlemek,,Sonstiges,Siehst du viel fern?,,
A1,Fernsehen,das,televizyon,(Sg.),Nomen,Was gibt es heute im Fernsehen?,,
A1,fertig sein,,"hazır olmak, bitmiş olmak",,Sonstiges,Ich bin schon fertig.,,
A1,Film,der,film,-e,Nomen,Ich möchte gern diesen Film sehen.,,
A1,finden,,"bulmak, düşünmek",,Sonstiges,Ich kann die Zeitung nicht finden./ Ich finde deinen Pullover schön.,,
A1,Fisch,der,balık,-e,Nomen,Ich mag keinen Fisch.,,
A1,Flasche,die,şişe,-n,Nomen,Bitte eine Flasche Mineralwasser.,,
A1,Fleisch,das,et,(Sg.),Nomen,Ich esse kein Fleisch.,,
A1,fliegen,,uçmak,,Sonstiges,Wir fliegen nach Athen.,,
A1,Flughafen,der,"havaalanı, havalimanı","ä, -",Nomen,Wir müssen um sieben Uhr am Flughafen sein.,,
A1,Flugzeug,das,uçak,-e,Nomen,Im Flugzeug hatte meine Mutter Angst.,,
A1,Fluss,der,"nehir, ırmak","ü, -e",Nomen,Der Rhein ist ein großer Fluss.,,
A1,Foto,das,fotoğraf,-s,Nomen,Auf dem Foto bin ich mit meinem Hund.,,
A1,Fotoapparat,der,fotoğraf makinesi,-e,Nomen,Sie hat einen teuren Fotoapparat.,,
A1,fragen,,sormak,,Sonstiges,Ich möchte etwas fragen.,,
A1,Frage,die,soru,-n,Nomen,Wiederholen Sie bitte die Frage.,,
A1,Frau,die,"kadın, bayan",-en,Nomen,Siehst du die Frau dort? Das ist Frau Bergner.,,
A1,frei,,"boş, serbest",,Sonstiges,Ist der Platz noch frei?,,
A1,Freund,der,"arkadaş, erkek arkadaş",-e,Nomen,Mein bester Freund heißt Ivan.,,
A1,Freundin,die,"kız arkadaş, arkadaş",-nen,Nomen,Ich habe viele Freundinnen.,,
A1,freundlich,,"arkadaş canlısı, güler yüzlü",,Sonstiges,Der Schuldirektor war sehr freundlich.,,
A1,froh,,"mutlu, sevinçli",,Sonstiges,"Ich bin froh, dass du kommen kannst. Frohes Fest!",,
A1,früh,,erken,,Sonstiges,Wir stehen immer früh auf.,,
A1,Frühstück,das,kahvaltı,(Sg.),Nomen,Zum Frühstück trinke ich Milch.,,
A1,frühstücken,,kahvaltı yapmak,,Sonstiges,Wir frühstücken nicht zusammen.,,
A1,für,,için,,Sonstiges,Ich kaufe einen Comic für meine Schwester.,,
A1,Fuß,der,ayak,"ü, -e",Nomen,Mein Fuß tut weh./Wir gehen zu Fuß.,,
A1,Fußball,der,futbol,"ä, -e",Nomen,Am Nachmittag spielen wir Fußball.,,
A1,Garten,der,bahçe,"ä, -",Nomen,Wir suchen ein Haus mit Garten.,,
A1,geben,,"vermek, bulunmak",,Sonstiges,Geben Sie mir bitte zwei Fahrkarten./ Was gibt es heute im Fernsehen?/ Gibt es hier auch ein Theater?,,
A1,geboren,,doğmuş,,Sonstiges,Ich bin in Zagreb geboren.,,
A1,Geburtstag,der,doğum günü,-e,Nomen,Heute ist mein Geburtstag.,,
A1,gefallen,,"hoşuna gitmek, beğenilmek",,Sonstiges,Das gefällt mir nicht.,,
A1,gehen,,gitmek,,Sonstiges,Wohin wollt ihr gehen?/Wie geht es dir?,,
A1,Geld,das,para,(Sg.),Nomen,Ich habe nicht genug Geld.,,
A1,Gemüse,das,sebze,(Sg.),Nomen,Ich esse sehr gern Gemüse.,,
A1,gemütlich,,"rahat, keyifli, huzurlu",,Sonstiges,Mein Zimmer ist gemütlich.,,
A1,genug,,"yeterli, yeterince",,Sonstiges,Es ist noch genug Pizza da. Möchtest du noch ein Stück? Ich verdiene nicht genug.,,
A1,Gepäck,das,bagaj,(Sg.),Nomen,Das ist nicht mein Gepäck.,,
A1,gerade,,"şu anda, tam şimdi",,Sonstiges,Was machst du gerade?,,
A1,geradeaus,,"doğru, dümdüz",,Sonstiges,"Gehen Sie hier geradeaus, dann sehen Sie das Rathaus.",,
A1,gern,,"severek, memnuniyetle",,Sonstiges,Wir sehen gern Krimis.,,
A1,Geschäft,das,"dükkân, mağaza",-e,Nomen,Meine Mutter wartet vor dem Geschäft.,,
A1,Geschenk,das,hediye,-e,Nomen,Hier ist ein Geschenk für dich.,,
A1,Geschichte,die,"hikâye, tarih",-n,Nomen,Kennst du die Geschichte?/In Geschichte hat er eine Eins.,,
A1,geschlossen sein,,kapalı olmak,,Sonstiges,Die Apotheke ist heute geschlossen.,,
A1,gestern,,dün,,Sonstiges,Gestern war Sonntag.,,
A1,gewinnen,,kazanmak,,Sonstiges,Man kann eine Reise gewinnen.,,
A1,Glas,das,"bardak, cam","ä, -er",Nomen,Bitte ein Glas Cola.,,
A1,glauben,,"sanmak, inanmak, düşünmek",,Sonstiges,"Ich glaube, Karin spricht sehr gut Englisch.",,
A1,gleich,,"hemen, aynı",,Sonstiges,Er kommt gleich./Das ist mir gleich.,,
A1,Gleis,das,"peron, ray",-e,Nomen,Der Zug kommt auf Gleis vier an.,,
A1,Glück,das,"şans, mutluluk",(Sg.),Nomen,Viel Glück!/Hoffentlich hast du Glück.,,
A1,glücklich,,mutlu,,Sonstiges,Ich war in Deutschland sehr glücklich.,,
A1,Glückwunsch,der,tebrik,"ü, -e",Nomen,Herzlichen Glückwunsch!,,
A1,groß,,büyük,,Sonstiges,Unser Haus ist groß.,,
A1,Großeltern,die,büyükanne ve büyükbaba,(Pl.),Nomen,Meine Großeltern wohnen nicht bei uns.,,
A1,Gruß,der,selam,"ü, -e",Nomen,Viele Grüße von Angelika.,,
A1,gut,,iyi,,Sonstiges,Das Essen ist hier immer sehr gut./Ich finde deine Idee nicht so gut.,,
A1,Haar,das,saç,-e,Nomen,Sie hat lange Haare.,,
A1,haben,,sahip olmak,,Sonstiges,Wir haben einen Hund und zwei Katzen.,,
A1,hallo,,merhaba,,Sonstiges,Hallo! Bist du Michael Schmidt?,,
A1,Hals,der,boyun,"ä, -e",Nomen,Mein Hals tut so weh!,,
A1,halten,,"durmak, tutmak",,Sonstiges,Alle Busse halten hier.,,
A1,Haltestelle,die,durak,-n,Nomen,Da ist die Haltestelle.,,
A1,Handy,das,cep telefonu,-s,Nomen,Du kannst mit dem Handy telefonieren.,,
A1,Haus,das,ev,"ä, -er",Nomen,Ich bin zu Haus./Ich gehe nach Haus./ Da ist unser Haus.,,
A1,Hausaufgabe,die,ev ödevi,-n,Nomen,Wir machen zusammen Hausaufgaben.,,
A1,Heft,das,defter,-e,Nomen,Schreibt die Übung ins Heft.,,
A1,heiraten,,evlenmek,,Sonstiges,Nächste Woche heiratet meine Schwester.,,
A1,heißen,,"adı olmak, denmek",,Sonstiges,Ich heiße Charlotte Meier. Wie heißt das auf Deutsch?,,
A1,helfen,,yardım etmek,,Sonstiges,"Können Sie mir helfen, bitte?",,
A1,Herr,der,"bay, efendi",-en,Nomen,Sind Sie Herr Braunmüller?,,
A1,herzlich,,"içten, samimi",,Sonstiges,Herzliche Grüße von Michael.,,
A1,heute,,bugün,,Sonstiges,Heute kommt meine Freundin aus Italien.,,
A1,hier,,burada,,Sonstiges,"Hier ist 06131-553221, Pamela Linke. Hier wohne ich.",,
A1,Hobby,das,hobi,-s,Nomen,Meine Hobbys sind Lesen und Tanzen.,,
A1,Hochzeit,die,düğün,-en,Nomen,Die Hochzeit war sehr langweilig.,,
A1,hoffen,,ummak,,Sonstiges,"Ich hoffe, du antwortest bald.",,
A1,hoffentlich,,umarım,,Sonstiges,Hoffentlich kommt er mit.,,
A1,hören,,"duymak, dinlemek",,Sonstiges,Hörst du gern Musik?,,
A1,hübsch,,"güzel, hoş",,Sonstiges,Ich finde sie wirklich hübsch.,,
A1,Hund,der,köpek,-e,Nomen,Der Hund ist noch jung.,,
A1,Hunger,der,açlık,(Sg.),Nomen,Ich habe Hunger! Wann ist das Essen fertig?,,
A1,ich,,ben,,Sonstiges,Ich wohne in Berlin. (vergl. Grammatik),,
A1,Idee,die,fikir,-n,Nomen,Das ist eine tolle Idee.,,
A1,Ihr,,sizin,-e,Sonstiges,Ist das Ihr Hund/Ihre Katze?,,
A1,immer,,her zaman,,Sonstiges,Mathe ist immer so langweilig.,,
A1,in,,"içinde, -de/-da",,Sonstiges,In Spanien/in der Stadt/ins Schwimmbad/ in den Wald/in den Ferien/im Sommer,,
A1,Information,die,bilgi,-en,Nomen,Hier kann man Informationen bekommen.,,
A1,Insel,die,ada,-n,Nomen,Rügen ist eine Insel.,,
A1,interessant,,ilginç,,Sonstiges,Das Buch ist interessant.,,
A1,Internet,das,internet,(Sg.),Nomen,Wir suchen die Informationen im Internet.,,
A1,ja,,evet,,Sonstiges,"Kommst du mit? - Ja, gern.",,
A1,Jacke,die,ceket,-n,Nomen,"Du brauchst eine Jacke, es ist kalt.",,
A1,Jeans,die,"kot pantolon, kot",(Pl.),Nomen,Sie trägt heute Jeans und ein Hemd.,,
A1,jeder,,her,"-e, -s",Sonstiges,Wir fahren jeden Sommer nach München.,,
A1,jetzt,,şimdi,,Sonstiges,Das ist jetzt nicht mehr wichtig.,,
A1,r/e Jugendliche,,genç,-n,Sonstiges,Ist das ein Film für Jugendliche?,,
A1,jung,,genç,,Sonstiges,Meine Eltern sind noch jung.,,
A1,Junge,der,"erkek çocuk, oğlan",-n,Nomen,Der Junge ist neu in unserer Klasse.,,
A1,Kaffee,der,kahve,(Sg.),Nomen,Möchtest du eine Tasse Kaffee?,,
A1,Kakao,der,kakao,(Sg.),Nomen,Ich trinke lieber Kakao.,,
A1,Kamera,die,"kamera, fotoğraf makinesi",-s,Nomen,Ich zeige dir meine neue Digitalkamera.,,
A1,kalt,,soğuk,,Sonstiges,Heute ist es sehr kalt./Mir ist kalt.,,
A1,kaputt,,"bozuk, kırık",,Sonstiges,Das Radio ist kaputt.,,
A1,Karte,die,"kart, harita",-n,Nomen,Wir können unsren Freunden eine Karte schicken.,,
A1,Kartoffel,die,patates,-n,Nomen,Ich möchte keine Kartoffeln.,,
A1,Käse,der,peynir,(Sg.),Nomen,Bitte ein Brötchen mit Käse.,,
A1,Katze,die,kedi,-n,Nomen,"Das ist Timmy, meine Katze.",,
A1,kaufen,,"satın almak, almak",,Sonstiges,Ich möchte einen CD-Player kaufen.,,
A1,kein,,"hiç, hiçbir",-e,Sonstiges,Ich habe keine Lust.,,
A1,kennen,,"tanımak, bilmek",,Sonstiges,"Kennen Sie diese Frau? – Nein, leider nicht.",,
A1,kennenlernen,,tanışmak,,Sonstiges,Möchtest du meine Freunde kennenlernen?,,
A1,Kind,das,çocuk,-er,Nomen,Die Kinder sind noch in der Schule.,,
A1,Kino,das,sinema,-s,Nomen,Wir sehen heute Abend im Kino einen schönen Film.,,
A1,Kiosk,der,"büfe, kulübe",-e,Nomen,Am Kiosk bekommt man Zeitungen und Eis.,,
A1,klar,,"tabii, elbette, açık",,Sonstiges,Können wir das mitnehmen? Na klar!,,
A1,Klasse,die,sınıf,-n,Nomen,In unserer Klasse sind 25 Teilnehmende.,,
A1,Klassenarbeit,die,"sınav, yazılı sınav",-en,Nomen,"Ich muss lernen, morgen schreiben wir eine Klassenarbeit.",,
A1,Klavier,das,piyano,-e,Nomen,Spielst du auch Klavier?,,
A1,Kleid,das,elbise,-er,Nomen,Das Kleid ist sehr teuer.,,
A1,klein,,küçük,,Sonstiges,Mein Zimmer ist klein.,,
A1,kochen,,"pişirmek, yemek yapmak",,Sonstiges,Mein Vater kocht für uns.,,
A1,kommen,,gelmek,,Sonstiges,Ich komme aus Polen./Warum willst du nicht mitkommen?,,
A1,können,,"yapabilmek, bilmek",,Sonstiges,Ich kann Deutsch und Russisch. Können Sie mir helfen?,,
A1,Kopf,der,"baş, kafa","ö, -e",Nomen,1. Ich habe Kopfschmerzen. 2. Michael kann gut im Kopf rechnen.,,
A1,kosten,,"mal olmak, fiyatı olmak",,Sonstiges,Wie viel kostet das? – 10 Euro.,,
A1,krank,,hasta,,Sonstiges,Ich war gestern krank.,,
A1,Krankenhaus,das,hastane,"ä, -er",Nomen,Meine Freundin ist im Krankenhaus.,,
A1,Kuchen,der,"kek, pasta",-,Nomen,Ich mag keinen Kuchen.,,
A1,Küche,die,mutfak,-n,Nomen,Wir frühstücken in der Küche.,,
A1,Kühlschrank,der,buzdolabı,"ä, -e",Nomen,Im Kühlschrank ist Limonade.,,
A1,Kugelschreiber,der,tükenmez kalem,-,Nomen,Wo ist mein Kugelschreiber?,,
A1,Kurs,der,kurs,-e,Nomen,In den Ferien mache ich einen Englischkurs.,,
A1,kurz,,kısa,,Sonstiges,Seine Haare sind kurz.,,
A1,lachen,,gülmek,,Sonstiges,Lisa lacht immer viel.,,
A1,Lampe,die,lamba,-n,Nomen,Die Lampe ist kaputt.,,
A1,Land,das,"ülke, kara","ä, -er",Nomen,Österreich ist ein kleines Land.,,
A1,lang,,uzun,,Sonstiges,Das Kleid ist zu kurz.,,
A1,lange,,"uzun süre, uzun zamandır",,Sonstiges,Wartest du schon lange?/Ich bin schon lange hier.,,
A1,langsam,,yavaş,,Sonstiges,"Sprich langsam, ich verstehe dich nicht.",,
A1,langweilig,,sıkıcı,,Sonstiges,Physik ist langweilig.,,
A1,lassen,,bırakmak,,Sonstiges,Ihr könnt die Bücher zu Hause lassen.,,
A1,laufen,,"koşmak, yürümek",,Sonstiges,Wir laufen schnell nach Hause.,,
A1,leben,,yaşamak,,Sonstiges,Sie lebt bei ihrer Schwester. Ihre Eltern leben nicht mehr.,,
A1,leicht,,"kolay, hafif",,Sonstiges,Die Hausaufgaben sind leicht.,,
A1,leid,,üzgün,,Sonstiges,Es tut mir leid.,,
A1,leider,,"maalesef, ne yazık ki",,Sonstiges,Ich kann leider nicht kommen.,,
A1,lernen,,"öğrenmek, çalışmak",,Sonstiges,"Ich komme nicht mit, ich muss noch Vokabeln lernen./ Karin lernt Tennis spielen.",,
A1,lesen,,okumak,,Sonstiges,Ich lese ein Buch von García Márquez.,,
A1,Leute,die,insanlar,(Pl.),Nomen,In unserem Haus wohnen viele Leute.,,
A1,lieb,,"sevgili, sevimli",,Sonstiges,Lieber Franz!/Meine Lehrerin ist sehr lieb.,,
A1,lieben,,sevmek,,Sonstiges,Ich liebe meinen Hund Toby.,,
A1,lieber,,"tercihen, daha çok",,Sonstiges,Ich möchte lieber ein Eis.,,
A1,Lieblings-,,"favori, en sevilen",,Sonstiges,Mein Lieblingsfach ist Sozialkunde.,,
A1,links,,"sol, solda",,Sonstiges,"Gehen Sie hier geradeaus, dann sehen Sie links den Bahnhof.",,
A1,Lust,die,"istek, keyif",(Sg.),Nomen,Ich habe keine Lust.,,
A1,lustig,,"komik, eğlenceli",,Sonstiges,Jan ist nett und lustig.,,
A1,machen,,yapmak,,Sonstiges,"Am Samstag machen wir einen Ausflug./ Das macht nichts./Das macht 4,00 Euro.",,
A1,Mädchen,das,"kız, kız çocuk",-,Nomen,Die Mädchen spielen auch Fußball.,,
A1,Mail,die,e-posta,-s,Nomen,Danke für deine Mail.,,
A1,Mal,das,"kez, defa",-e,Nomen,Ich war zwei Mal in England./Bis zum nächsten Mal!,,
A1,man,,insan,,Sonstiges,Hier kann man auch Eis essen.,,
A1,manchmal,,bazen,,Sonstiges,Ich bin manchmal sehr traurig.,,
A1,Mann,der,"erkek, adam","ä, -er",Nomen,Ein Mann geht mit seinem Hund spazieren.,,
A1,Mantel,der,palto,"ä, -",Nomen,Er trägt einen Mantel.,,
A1,Markt,der,"pazar, çarşı","ä, -e",Nomen,Heute ist hier Markt.,,
A1,Marktplatz,der,pazar yeri,"ä, -e",Nomen,Der Bus fährt zum Marktplatz.,,
A1,Marmelade,die,reçel,-n,Nomen,Ich esse Brot mit Marmelade.,,
A1,mehr,,"daha fazla, artık",,Sonstiges,Ich habe kein Geld mehr./Du musst mir noch mehr erzählen.,,
A1,mein,,benim,-e,Sonstiges,Meine Freundin heißt Gaby. (vergl. Grammatik),,
A1,Milch,die,süt,(Sg.),Nomen,Ich mag keine Milch.,,
A1,mindestens,,en az,,Sonstiges,Schreibe mindestens 30 Wörter./ Das kostet mindestens 10 Euro.,,
A1,Mineralwasser,das,maden suyu,"ä, -",Nomen,Haben Sie auch Mineralwasser?,,
A1,mit,,"ile, birlikte",,Sonstiges,Ich spiele mit Andrea./Er fährt mit dem Bus.,,
A1,mitbringen,,beraberinde getirmek,,Sonstiges,Ich gehe einkaufen. Soll ich dir was mitbringen?,,
A1,mitkommen,,birlikte gelmek,,Sonstiges,Ich gehe ins Kino. Kommst du mit?,,
A1,mitmachen,,katılmak,,Sonstiges,Warum macht ihr nicht mit?,,
A1,mitnehmen,,"yanına almak, beraberinde götürmek",,Sonstiges,Was nehmen wir zu der Party mit?,,
A1,mögen,,"hoşlanmak, sevmek, istemek",,Sonstiges,Ich mag gern Spaghetti und Fleisch.,,
A1,möglich,,mümkün,,Sonstiges,"Ich kann nicht kommen, es ist leider nicht möglich.",,
A1,morgen,,yarın,,Sonstiges,Wir gehen morgen ins Schwimmbad.,,
A1,müde,,yorgun,,Sonstiges,Ich bin müde. Ich gehe schlafen.,,
A1,Musik,die,müzik,(Sg.),Nomen,Ich höre gern Disco-Musik.,,
A1,müssen,,"zorunda olmak, gerekmek",,Sonstiges,Mein Zimmer muss ich allein aufräumen.,,
A1,nach,,"-e doğru, sonra",,Sonstiges,Sie fährt mit dem Bus nach Berlin.,,
A1,Nachricht,die,"haber, mesaj",-en,Nomen,Du hörst die Nachricht noch einmal./ Das ist eine gute Nachricht.,,
A1,nächste,,"gelecek, bir sonraki",,Sonstiges,Nächsten Monat bekommen wir Zeugnisse.,,
A1,Name,der,"isim, ad",-n,Nomen,Mein Name ist Peter Niemöller.,,
A1,nehmen,,almak,,Sonstiges,Nehmen Sie den Bus zum Marktplatz.,,
A1,nein,,hayır,,Sonstiges,"Kommst du mit? - Nein, leider nicht.",,
A1,nett,,"kibar, hoş",,Sonstiges,"Ich finde, sie ist nett und lustig.",,
A1,neu,,yeni,,Sonstiges,Ist der Computer neu?,,
A1,nicht,,değil,,Sonstiges,Ich kann dich nicht verstehen.,,
A1,nichts,,hiçbir şey,,Sonstiges,Ich möchte nichts essen./Das macht nichts.,,
A1,nie,,"asla, hiç",,Sonstiges,Ich war noch nie in Frankreich.,,
A1,niemand,,hiç kimse,,Sonstiges,Kann mir niemand helfen?,,
A1,noch,,"hâlâ, henüz",,Sonstiges,Ich muss noch Hausaufgaben machen.,,
A1,normal,,normal,,Sonstiges,Eine ganz normale Situation.,,
A1,Note,die,not,-n,Nomen,Hast du gute Noten in Englisch?,,
A1,Nummer,die,numara,-n,Nomen,"Bitte, sag mir deine Telefonnummer./ Welche Hausnummer hast du?",,
A1,nur,,sadece,,Sonstiges,Ich möchte nur ein Glas Wasser.,,
A1,Obst,das,meyve,(Sg.),Nomen,Wir essen immer viel Obst.,,
A1,oder,,"veya, ya da",,Sonstiges,Trinkst du Tee oder Kaffee?,,
A1,offen,,açık,,Sonstiges,Jetzt ist die Tür offen.,,
A1,oft,,sık sık,,Sonstiges,Wir gehen oft im Park spazieren.,,
A1,ohne,,"-siz, olmadan",,Sonstiges,Ein Sonntag ohne meine Freunde ist langweilig.,,
A1,Ohrring,der,küpe,-e,Nomen,Sie trägt einen kleinen Ohrring.,,
A1,Ordnung,die,düzen,-en,Nomen,Das ist in Ordnung./Kannst du hier Ordnung machen?,,
A1,Paket,das,"paket, koli",-e,Nomen,Ist das Paket für mich?,,
A1,Park,der,park,-s,Nomen,Wir gehen in den Park. .,,
A1,passieren,,"olmak, meydana gelmek",,Sonstiges,Wie ist der Unfall passiert? Was ist passiert?,,
A1,Pause,die,"mola, ara",-n,Nomen,Jetzt machen wir eine Pause.,,
A1,Pferd,das,at,-e,Nomen,Das Pferd ist schon alt.,,
A1,Pizza,die,pizza,-en,Nomen,Heute gibt es bei uns Pizza mit Tomaten und Käse.,,
A1,Platz,der,"yer, meydan, alan","ä, -e",Nomen,Das ist mein Platz./In meiner Wohnung ist wenig Platz./Ist der Platz noch frei?,,
A1,Post,die,"postane, posta",(Sg.),Nomen,"Ich gehe zur Post, kommst du mit?",,
A1,Poster,das,poster,-,Nomen,In meinem Zimmer sind viele Poster.,,
A1,Postkarte,die,kartpostal,-n,Nomen,Wir schreiben ihm eine Postkarte.,,
A1,Problem,das,"sorun, problem",-e,Nomen,Mein Problem ist die Sprache.,,
A1,Pullover,der,kazak,-,Nomen,"Du brauchst keinen Pullover, es ist warm.",,
A1,pünktlich,,"dakik, tam zamanında",,Sonstiges,Kommt bitte pünktlich!,,
A1,Quatsch,der,saçmalık,(Sg.),Nomen,"Ich finde, das ist Quatsch!",,
A1,Quiz,das,bilgi yarışması,(Sg.),Nomen,Das ist ein Quiz für Kinder.,,
A1,Rad,das,"bisiklet, tekerlek","ä, -er",Nomen,Ich fahre mit dem Rad in die Schule.,,
A1,(s Fahrrad),,bisiklet,,Sonstiges,,,
A1,Radiergummi,der,silgi,-s,Nomen,Gibst du mir deinen Radiergummi?,,
A1,Radio,das,radyo,-s,Nomen,Ich habe ein neues Radio.,,
A1,raten,,tahmin etmek,,Sonstiges,"Das ist ein Spiel, man muss die Städte raten.",,
A1,Rätsel,das,bilmece,-,Nomen,Ich finde das Rätsel zu schwer.,,
A1,recht haben,,haklı olmak,,Sonstiges,Du hast (nicht) recht.,,
A1,rechts,,"sağda, sağa",,Sonstiges,Hier rechts ist unsere Schule.,,
A1,Regen,der,yağmur,(Sg.),Nomen,Ich mag den Regen nicht.,,
A1,regnen,,yağmur yağmak,,Sonstiges,Es regnet oft bei uns.,,
A1,Reise,die,"yolculuk, seyahat",-n,Nomen,Wir machen eine Reise.,,
A1,reiten,,at binmek,,Sonstiges,Reiten ist mein Hobby.,,
A1,reparieren,,"tamir etmek, onarmak",,Sonstiges,Mein Vater kann das Fahrrad reparieren.,,
A1,Restaurant,das,restoran,s,Nomen,Wir essen heute im Restaurant.,,
A1,richtig,,doğru,,Sonstiges,Die Antwort ist nicht richtig.,,
A1,Ring,der,yüzük,-e,Nomen,Sie trägt viele Ringe.,,
A1,Rucksack,der,sırt çantası,"ä, -e",Nomen,Der Rucksack für die Schule ist fertig.,,
A1,ruhig,,sakin,,Sonstiges,Seid jetzt bitte ruhig!,,
A1,Sache,die,"şey, eşya",-n,Nomen,Wo sind meine Schulsachen?/Das ist eine tolle Sache.,,
A1,Saft,der,meyve suyu,"ä, -e",Nomen,Möchtest du Wasser oder Saft?,,
A1,sagen,,"söylemek, demek",,Sonstiges,"Eva sagt, sie kommt heute nicht.",,
A1,Salat,der,salata,-e,Nomen,Am Abend gibt es immer Salat.,,
A1,schade,,yazık,,Sonstiges,Du kannst nicht kommen? Das ist schade!,,
A1,schenken,,hediye etmek,,Sonstiges,Ich möchte Anna einen Pullover schenken.,,
A1,Schiff,das,gemi,-e,Nomen,Sie fahren mit dem Schiff.,,
A1,schlafen,,uyumak,,Sonstiges,Wo kann ich schlafen?,,
A1,schlecht,,"kötü, fena",,Sonstiges,Mir ist so schlecht./Das Essen hier ist nicht schlecht.,,
A1,schmecken,,"tadı olmak, lezzetli olmak",,Sonstiges,Wie schmeckt der Hamburger?,,
A1,Schmerz,der,"ağrı, acı",-en,Nomen,Ich habe Bauchschmerzen.,,
A1,schnell,,"hızlı, çabuk",,Sonstiges,Warum fährst du so schnell?,,
A1,Schokolade,die,çikolata,(Sg.),Nomen,Ich esse keine Schokolade.,,
A1,schon,,"zaten, bile",,Sonstiges,Ich habe schon sechs Computerspiele.,,
A1,schön,,güzel,,Sonstiges,Mein Zimmer ist sehr schön und gemütlich.,,
A1,schreiben,,yazmak,,Sonstiges,Erika schreibt mir jeden Tag.,,
A1,schwer,,"zor, ağır",,Sonstiges,Ich finde die Hausaufgaben sehr schwer.,,
A1,Schwimmbad,das,yüzme havuzu,"ä, -er",Nomen,Im Sommer gehen wir oft ins Schwimmbad.,,
A1,schwimmen,,yüzmek,,Sonstiges,Ich kann gut schwimmen.,,
A1,See,der,göl,-n,Nomen,Der See ist sehr groß./Wir wohnen am See./ Wir fahren zum Ammersee.,,
A1,sehen,,görmek,,Sonstiges,Siehst du das große Haus? Da wohne ich.,,
A1,sehr,,çok,,Sonstiges,Ich liebe ihn sehr./Das ist sehr wichtig.,,
A1,sein,,olmak,,Sonstiges,Ich bin 13 Jahre alt./Das ist mein Bruder./ Er ist Student./ Die Kinder sind im Garten.,,
A1,Seite,die,sayfa,-n,Nomen,Das steht auf Seite 3.,,
A1,sicher,,"emin, kesin, güvenli",,Sonstiges,Du bist sicher gut in der Schule.,,
A1,sie,,"o, onlar",,Sonstiges,"Das ist Frau Meyer, sie wohnt hier.",,
A1,Sie,,siz,,Sonstiges,Sind Sie der neue Lehrer?/Wie geht es Ihnen? (vergl. Grammatik),,
A1,so,,"böyle, bu kadar, o kadar",,Sonstiges,Ich mache das nicht so./Das schmeckt so gut./ Sie ist so alt wie ich.,,
A1,sofort,,"hemen, derhal",,Sonstiges,"Warte, ich komme sofort!",,
A1,Spaß,der,"eğlence, zevk",(Sg.),Nomen,Wir haben immer viel Spaß zusammen./Viel Spaß!,,
A1,spät,,geç,,Sonstiges,"Mach schnell, es ist spät!/Ich komme zu spät./ Wie spät ist es?",,
A1,später,,daha sonra,,Sonstiges,Ich mache die Hausaufgaben später.,,
A1,spazieren gehen,,yürüyüşe çıkmak,,Sonstiges,Wollen wir spazieren gehen?,,
A1,Spiel,das,oyun,-e,Nomen,Ich kenne ein neues Spiel.,,
A1,spielen,,oynamak,,Sonstiges,Willst du mit uns spielen?,,
A1,Spielplatz,der,"oyun alanı, oyun parkı","ä, -e",Nomen,Sie ist mit Ben auf dem Spielplatz.,,
A1,Sport,der,spor,(Sg.),Nomen,Sport ist mein Hobby.,,
A1,Sprache,die,dil,-n,Nomen,Er spricht fünf Sprachen.,,
A1,sprechen,,konuşmak,,Sonstiges,Sie spricht mit dem Lehrer.,,
A1,Stadt,die,"şehir, kent","ä, -e",Nomen,Unsere Stadt ist nicht so groß.,,
A1,Strand,der,"plaj, kumsal","ä, -e",Nomen,Wir spielen am Strand.,,
A1,Straße,die,"sokak, cadde",-n,Nomen,Wir wohnen in der Goethe-Straße.,,
A1,Stück,das,parça,-e,Nomen,Willst du noch ein Stück Kuchen?,,
A1,suchen,,aramak,,Sonstiges,Ich suche meinen Kugelschreiber.,,
A1,Supermarkt,der,süpermarket,"ä, -e",Nomen,Wir kaufen immer im Supermarkt ein.,,
A1,Suppe,die,çorba,-n,Nomen,Ich kann auch Suppe kochen.,,
A1,süß,,tatlı,,Sonstiges,Der Kaffee ist zu süß./Der neue Tennislehrer ist wirklich süß!,,
A1,Süßigkeiten,die,"tatlılar, şekerlemeler",(Pl.),Nomen,Am liebsten esse ich Süßigkeiten.,,
A1,sympathisch,,"sempatik, sevimli",,Sonstiges,Ich finde ihn sehr sympathisch.,,
A1,tanzen,,dans etmek,,Sonstiges,Leider kann er nicht gut tanzen.,,
A1,Tasche,die,çanta,-n,Nomen,Die Tasche ist sehr schwer.,,
A1,Taschengeld,das,harçlık,(Sg.),Nomen,Wie viel Taschengeld bekommst du?,,
A1,Tasse,die,fincan,-n,Nomen,Ich möchte eine Tasse Kakao.,,
A1,Tee,der,çay,-s,Nomen,Am Abend trinken wir Tee.,,
A1,telefonieren,,telefonla konuşmak,,Sonstiges,Ich telefoniere oft mit meiner Freundin in Frankfurt.,,
A1,Tennis spielen,,tenis oynamak,,Sonstiges,Er spielt gut Tennis.,,
A1,teuer,,pahalı,,Sonstiges,"Mein neues Kleid war sehr teuer, aber es ist wunderbar.",,
A1,Theater,das,tiyatro,-,Nomen,Am Sonntag waren wir im Theater.,,
A1,Thema,das,konu,Themen,Nomen,Wie heißt das Thema des Buchs?,,
A1,Tier,das,hayvan,-e,Nomen,Ich möchte ein Tier haben: eine Katze oder einen Hund.,,
A1,Tisch,der,masa,-e,Nomen,Am Fenster ist ein Tisch.,,
A1,Toilette,die,tuvalet,-n,Nomen,Wo ist die Toilette?,,
A1,toll,,"harika, muhteşem",,Sonstiges,In den Ferien war es toll.,,
A1,tragen,,"taşımak, giymek",,Sonstiges,"Ich kann den Koffer nicht tragen, er ist zu schwer. Er trägt heute einen blauen Anzug.",,
A1,traurig,,üzgün,,Sonstiges,Ich bin oft traurig.,,
A1,treffen,,"buluşmak, karşılaşmak",,Sonstiges,Am Nachmittag treffe ich meine Freunde.,,
A1,trinken,,içmek,,Sonstiges,Wir trinken gern Saft.,,
A1,T-Shirt,das,tişört,-s,Nomen,Wie gefällt dir mein neues T-Shirt?,,
A1,tschüss!,,hoşça kal!,,Sonstiges,Also bis bald - tschüss!,,
A1,Tür,die,kapı,-en,Nomen,Mach bitte die Tür zu!,,
A1,U-Bahn,die,metro,-en,Nomen,Wir nehmen die U-Bahn.,,
A1,üben,,"alıştırma yapmak, çalışmak",,Sonstiges,Ich muss jeden Tag Klavier üben.,,
A1,über,,"üzerinden, karşıdan karşıya",,Sonstiges,Jetzt gehen wir über die Straße.,,
A1,überall,,her yerde,,Sonstiges,In der Altstadt gibt es überall kleine Cafés.,,
A1,Uhr,die,saat,-en,Nomen,Hast du keine Uhr?/Wie viel Uhr ist es?,,
A1,um,,"saat ...'de, etrafında, çevresinde",,Sonstiges,Um 7.30 Uhr kommt der Zug.,,
A1,und,,ve,,Sonstiges,Karl und Susanne kommen auch.,,
A1,und so weiter,,"ve saire, vesaire",,Sonstiges,usw.,,
A1,unser,,bizim,-e,Sonstiges,Das ist unser neues Auto. (vergl. Grammatik),,
A1,Unterricht,der,ders,(Sg.),Nomen,Der Unterricht macht mir Spaß.,,
A1,verdienen,,kazanmak,,Sonstiges,In den Ferien möchte ich ein bisschen Geld verdienen.,,
A1,vergessen,,unutmak,,Sonstiges,Ich vergesse oft die Vokabeln.,,
A1,verrückt,,"çılgın, deli",,Sonstiges,Ich finde die Idee verrückt. Sie trägt so verrückte Kleider.,,
A1,verstehen,,anlamak,,Sonstiges,Ich verstehe dich nicht.,,
A1,viel,,çok,-e,Sonstiges,Hast du viele Freunde?,,
A1,vielleicht,,belki,,Sonstiges,Kannst du mir vielleicht helfen?/Vielleicht kommt er.,,
A1,von,,"-den/-dan, tarafından",,Sonstiges,Der Computer ist ein Geschenk von meinem Onkel./ Sie arbeitet von sieben bis neun./Er kommt von der Arbeit.,,
A1,vor,,"önünde, önce",,Sonstiges,Ich treffe Peter vor dem Kino./Vor dem Frühstück.,,
A1,Vorname,der,"ad, isim",-n,Nomen,Wie ist dein Vorname?,,
A1,vorstellen,,kendini tanıtmak,(sich),Sonstiges,Stell dich bitte vor!,,
A1,wahr,,"doğru, gerçek",,Sonstiges,"Das ist sicher nicht wahr./Das schmeckt gut, nicht wahr?",,
A1,Wald,der,orman,"ä, -er",Nomen,In Thüringen gibt es sehr viel Wald.,,
A1,wandern,,"yürüyüş yapmak, doğa yürüyüşüne çıkmak",,Sonstiges,Am Wochenende wandern wir zum Tüngelsee.,,
A1,wann,,ne zaman,,Sonstiges,Wann hast du Geburtstag?,,
A1,warm,,"sıcak, ılık",,Sonstiges,Gestern war es hier schon sehr warm.,,
A1,warten,,beklemek,,Sonstiges,Wartest du schon lange?,,
A1,warum,,"neden, niçin",,Sonstiges,Warum antwortest du nicht?,,
A1,was,,ne,,Sonstiges,Was kann man hier kaufen?,,
A1,waschen,,yıkamak,,Sonstiges,Ich will meine Haare waschen.,,
A1,Wasser,das,su,(Sg.),Nomen,Das Wasser ist so kalt./Gib mir bitte ein Glas Wasser.,,
A1,wecken,,uyandırmak,,Sonstiges,Meine Mutter weckt mich um 7.30 Uhr.,,
A1,weh tun,,"acımak, ağrımak",,Sonstiges,Mein Kopf tut so weh.,,
A1,weit,,uzak,,Sonstiges,"Wir fahren zum See, das ist nicht weit.",,
A1,weiter,,"daha, ileri",,Sonstiges,Der Bus fährt nicht weiter.,,
A1,welch-,,hangi,"-er, -e, -s",Sonstiges,Welche CD möchtest du?,,
A1,wenig,,az,e,Sonstiges,Ich habe heute wenig Zeit.,,
A1,wer,,kim,,Sonstiges,Wer ist die elegante Frau?,,
A1,werden,,"olmak, haline gelmek",,Sonstiges,Ich möchte Architekt werden.,,
A1,wichtig,,önemli,,Sonstiges,"Ich glaube, die Frage ist wichtig.",,
A1,wie,,"nasıl, gibi",,Sonstiges,Wie heißt du?/Wie groß ist Berlin?/Wie alt ist er?/ Das ist wie im Kino!,,
A1,wieder,,"tekrar, yine",,Sonstiges,Ich möchte wieder nach Deutschland fahren.,,
A1,wiederholen,,tekrarlamak,,Sonstiges,Können Sie das bitte wiederholen?,,
A1,Wiedersehen,das,"tekrar görüşme, yeniden buluşma",-,Nomen,Auf Wiedersehen!,,
A1,wie viel,,"ne kadar, kaç",,Sonstiges,Wie viel kostet das?,,
A1,willkommen,,"hoş geldin, hoş geldiniz",,Sonstiges,Herzlich willkommen!,,
A1,wir,,biz,,Sonstiges,Wir haben eine neue Lehrerin. (vergl. Grammatik),,
A1,wirklich,,gerçekten,,Sonstiges,Willst du das wirklich kaufen?,,
A1,wissen,,bilmek,,Sonstiges,"Weißt du, wie er heißt?",,
A1,wo,,nerede,,Sonstiges,Wo waren Sie im Urlaub? Wo ist die Post? Wo sind Sie geboren?,,
A1,woher,,nereden,,Sonstiges,Woher kommt der Zug?,,
A1,wohin,,nereye,,Sonstiges,Wohin fährt der Bus?,,
A1,wohnen,,"oturmak, yaşamak, ikamet etmek",,Sonstiges,Ich wohne in München.,,
A1,Wohnung,die,"daire, ev",-en,Nomen,Unsere Wohnung hat drei Zimmer.,,
A1,Wohnzimmer,das,oturma odası,-,Nomen,Ich mache die Hausaufgaben im Wohnzimmer.,,
A1,wollen,,istemek,,Sonstiges,Willst du meine Freunde kennenlernen?,,
A1,Wort,das,"kelime, sözcük","ö, -er",Nomen,Wie viele Wörter hat dein Brief?,,
A1,wunderbar,,"harika, mükemmel",,Sonstiges,Das Essen schmeckt wunderbar.,,
A1,wünschen,,dilemek,,Sonstiges,Ich wünsche dir schöne Ferien.,,
A1,Wurst,die,"sosis, sucuk","ü, -e",Nomen,Ich möchte eine Curry-Wurst.,,
A1,Zahn,der,diş,"ä, -e",Nomen,Der Zahn tut mir schon seit einer Woche weh.,,
A1,zeigen,,göstermek,,Sonstiges,Zeigst du mir deinen Computer?,,
A1,Zeit,die,"zaman, vakit",-en,Nomen,Wann hast du Zeit für mich?,,
A1,Zeitung,die,gazete,-en,Nomen,Meine Mutter liest am Morgen die Zeitung.,,
A1,Zimmer,das,oda,-,Nomen,Mein Zimmer ist sehr klein.,,
A1,zu,,"çok, fazla; -e, -a",,Sonstiges,zu groß/zum Frühstück/zum Zahnarzt/zur Post/ zum Geburtstag,,
A1,zuerst,,"önce, ilk olarak",,Sonstiges,Sagen Sie bitte zuerst den Vornamen.,,
A1,Zug,der,tren,"ü, -e",Nomen,Ich fahre gern mit dem Zug.,,
A1,zum Beispiel,,örneğin,,Sonstiges,"Mein Freund hat viele Hobbys, zum Beispiel Kochen, Lesen und Tanzen.",,
A1,zumachen,,kapatmak,,Sonstiges,Machst du bitte das Fenster zu?,,
A1,zusammen,,birlikte,,Sonstiges,Wir machen zusammen Hausaufgaben.,,
A1,zu sein,,kapalı olmak,,Sonstiges,Die Bibliothek ist in den Ferien zu.,,
A1,Abfahrt,die,"kalkış, hareket",,Nomen,Vor der Abfahrt rufe ich an.,,
A1,Absender,der,gönderen kişi,,Nomen,Da ist ein Brief für dich ohne Absender.,,
A1,Achtung,,dikkat,,Sonstiges,Achtung! Das dürfen Sie nicht tun.,,
A1,all-,,"tüm, bütün, hepsi",,Sonstiges,Alles Gute! Das ist alles. Sind alle da? Alle Freunde kommen. Hast du alles?,,
A1,anbieten,,"sunmak, ikram etmek",,Sonstiges,Was darf ich dir anbieten?,,
A1,Angebot,das,"teklif, kampanya",-e,Nomen,Heute sind Sportschuhe im Angebot.,,
A1,anklicken,,tıklamak,,Sonstiges,Da musst du dieses Wort anklicken.,,
A1,Ankunft,die,varış,,Nomen,Auf diesem Plan steht nur die Ankunft(-szeit) der Züge.,,
A1,ankreuzen,,"işaretlemek, çarpı koymak",,Sonstiges,Auf dem Formular müssen Sie an mehreren Stellen etwas ankreuzen.,,
A1,anmachen,,açmak,,Sonstiges,Mach bitte das Licht an!,,
A1,sich anmelden,,"kayıt olmak, kaydolmak",,Sonstiges,Wo kann ich mich anmelden?,,
A1,Anmeldung,die,"kayıt, kayıt işlemi",,Nomen,Eine Anmeldung für diesen Kurs ist nicht mehr möglich.,,
A1,Anrede,die,hitap,,Nomen,Schreiben Sie auch eine Anrede und einen Gruß.,,
A1,Anruf-,der,"arama, telefon çağrısı",,Nomen,Wir sind im Moment nicht da. Sprechen Sie bitte auf,,
A1,beantworter,,"telesekreter, sesli mesaj sistemi",,Sonstiges,den Anrufbeantworter.,,
A1,Ansage,die,"anons, duyuru",-n,Nomen,Hören Sie die Ansagen.,,
A1,Anschluss,der,"bağlantı, aktarma",,Nomen,In Mannheim haben Sie Anschluss nach Saarbrücken. Ist das die Anmeldung für einen Telefonanschluss?,,
A1,an sein,,açık olmak,,Sonstiges,Heute Nacht war das Licht an.,,
A1,sich anziehen,,giyinmek,,Sonstiges,Ich muss mich noch anziehen.,,
A1,Apartment,das,"apartman dairesi, stüdyo daire",-s,Nomen,Wir haben ein Apartment gemietet.,,
A1,Arbeitsplatz,der,"iş yeri, çalışma yeri","-ä, e",Nomen,An meinem Arbeitsplatz fehlt ein Drucker.,,
A1,Aufgabe,die,"görev, ödev",-n,Nomen,Das ist eine schwere Aufgabe.,,
A1,aufhören,,"bitmek, sona ermek",,Sonstiges,Der Kurs hört in einer Woche auf. Hier hört die Bahnhofstraße auf.,,
A1,Aufzug,der,asansör,"-ü, e",Nomen,In diesem Haus gibt es keinen Aufzug.,,
A1,ausfüllen,,doldurmak,,Sonstiges,Füllen Sie bitte dieses Formular aus.,,
A1,Ausgang,der,çıkış,,Nomen,"Entschuldigung, wo ist der Ausgang?",,
A1,Auskunft,die,"bilgi, danışma","-ü, e",Nomen,Können Sie mir eine Auskunft geben?,,
A1,Ausländer,der,yabancı,-,Nomen,SInd Sie Ausländerin?,,
A1,ausländisch,,yabancı,,Sonstiges,Leider habe ich nur ausländisches Geld.,,
A1,ausmachen,,kapatmak,,Sonstiges,Mach bitte das Licht aus!,,
A1,Aussage,die,"ifade, cümle",-n,Nomen,Ist die Aussage richtig oder falsch?,,
A1,Ausweis,der,"kimlik, kimlik kartı",,Nomen,Hier ist mein Ausweis.,,
A1,sich ausziehen,,soyunmak,,Sonstiges,"Zieh die Schuhe aus, bitte!",,
A1,Autobahn,die,otoyol,-en,Nomen,Wo geht‘s hier bitte zur Autobahn?,,
A1,automatisch,,otomatik olarak,,Sonstiges,Du musst nichts machen. Das geht automatisch.,,
A1,Bäckerei,die,"fırın, pastane",,Nomen,Ich geh mal schnell zur Bäckerei.,,
A1,baden,,"banyo yapmak, yıkanmak",,Sonstiges,"Ich bade nicht so gern, ich dusche lieber.",,
A1,Bahn,die,"tren, demiryolu",,Nomen,Wir fahren lieber mit der Bahn. Ich nehme die nächste Bahn.,,
A1,Balkon,der,balkon,,Nomen,Die Wohnung hat auch einen kleinen Balkon.,,
A1,Bank,die,"banka, bank",,Nomen,Die Bank schließt schon um vier Uhr. Er sitzt im Park auf einer Bank und liest.,,
A1,bar,,"nakit, peşin",,Sonstiges,Muss ich bar zahlen oder geht‘s auch mit Karte?,,
A1,Beamte,der,memur,-n,Nomen,Fragen Sie die Beamtin an Schalter acht!,,
A1,beginnen,,başlamak,,Sonstiges,Das Spiel beginnt um 15.30 Uhr.,,
A1,Bein,das,bacak,-e,Nomen,Mein rechtes Bein tut weh.,,
A1,Beispiel,das,örnek,-e,Nomen,Kannst du mir ein Beispiel sagen?,,
A1,zum Beispiel/z. B.,,örneğin,,Sonstiges,"Viele meiner Verwandten, z. B. meine beiden Brüder, arbeiten auch hier.",,
A1,bekannt,,"tanınmış, bilinen",,Sonstiges,Picasso ist sehr bekannt.,,
A1,der/die Bekannte,,"tanıdık, tanış",-n,Sonstiges,Ein Bekannter von mir heißt Klaus.,,
A1,benutzen,,kullanmak,,Sonstiges,Die Aufzüge bitte nicht benutzen!,,
A1,besichtigen,,"gezmek, ziyaret etmek",,Sonstiges,Ich möchte gern den Dom besichtigen.,,
A1,best-,,en iyi,,Sonstiges,Am besten treffen wir uns morgen.,,
A1,bestellen,,"sipariş etmek, ısmarlamak",,Sonstiges,"Wir möchten bestellen, bitte. Dieses Buch haben wir nicht – sollen wir es für Sie bestellen?",,
A1,Bier,das,bira,,Nomen,Noch ein Bier bitte.,,
A1,Bild,das,resim,-er,Nomen,Hast du ein Bild von deinem Sohn?,,
A1,Birne,die,armut,-n,Nomen,"Ein Kilo Birnen, bitte!",,
A1,Bitte,die,rica,-n,Nomen,Ich habe noch eine Bitte.,,
A1,bitten,,rica etmek,,Sonstiges,Darf ich Sie um etwas bitten?,,
A1,bitter,,acı,,Sonstiges,Der Kaffee schmeckt bitter.,,
A1,Blick,der,"bakış, manzara",,Nomen,Von diesem Hotel hat man einen guten Blick auf den Rhein.,,
A1,Bogen,der,"kağıt, form; yay",,Nomen,Schreiben Sie Ihre Lösungen bitte auf den Antwortbogen.,,
A1,böse,,"kızgın, öfkeli",,Sonstiges,Sie ist böse auf mich.,,
A1,breit,,geniş,,Sonstiges,Wie breit ist der Schrank?,,
A1,Briefmarke,die,pul,-n,Nomen,Kaufst du bitte Briefmarken bei der Post.,,
A1,Bruder,der,erkek kardeş,-ü,Nomen,Sein Bruder arbeitet auch hier.,,
A1,Buchstabe,der,harf,-n,Nomen,Diesen Buchstaben gibt es in meiner Sprache nicht.,,
A1,buchstabieren,,"harf harf söylemek, hecelemek",,Sonstiges,Bitte buchstabieren Sie Ihren Namen.,,
A1,Butter,die,tereyağı,,Nomen,Für mich bitte ein Brötchen mit Butter und Käse.,,
A1,Café,das,kafe,-s,Nomen,Sollen wir uns im Café treffen?,,
A1,Chef,der,"şef, patron",,Nomen,Wir haben eine neue Chefin.,,
A1,circa/ca.,,"yaklaşık, tahminen",,Sonstiges,Von Mainz nach Frankfurt sind es circa fünfzig Kilometer.,,
A1,Dame,die,"bayan, hanım",-n,Nomen,Damen (an der Toilette) Sehr geehrte Damen und Herren!,,
A1,daneben,,"yanında, bitişiğinde",,Sonstiges,Du kennst doch die Post. Daneben ist die Bank.,,
A1,danke,,"teşekkürler, sağ ol",,Sonstiges,"Soll ich Ihnen helfen? - Nein, danke!",,
A1,Datum,das,tarih,,Nomen,Bitte schreiben Sie noch das Datum auf das Formular.,,
A1,dauern,,sürmek,,Sonstiges,Wie lange dauert der Film?,,
A1,dein-,,senin,,Sonstiges,Ist das dein Auto? Ist das deins?,,
A1,denn,,çünkü,,Sonstiges,"Ich kann nicht kommen, denn ich bin krank.",,
A1,dich,,seni,,Sonstiges,Die Blumen sind für dich.,,
A1,dies-,,bu,,Sonstiges,Ich nehme lieber diesen Kuchen.,,
A1,dir,,sana,,Sonstiges,Gefallen dir die Blumen?,,
A1,Doktor,der,doktor,,Nomen,Meine Tochter ist krank. Wir gehen zum Doktor.,,
A1,Doppelzimmer,das,çift kişilik oda,,Nomen,Wollen Sie ein Doppelzimmer oder ein Einzelzimmer?,,
A1,Dorf,das,köy,"-ö, er",Nomen,Meine Familie lebt in einem Dorf.,,
A1,draußen,,dışarıda,,Sonstiges,Wollen wir draußen sitzen?,,
A1,drucken,,"yazdırmak, basmak",,Sonstiges,Bitte drucke das Formular für mich.,,
A1,Drucker,der,yazıcı,–,Nomen,Mein Drucker ist kaputt.,,
A1,drücken,,basmak,,Sonstiges,"Drück hier, dann geht der Computer an.",,
A1,Durchsage,die,"anons, duyuru",-n,Nomen,Ich habe die Durchsage nicht verstanden.,,
A1,dürfen,,"izinli olmak, -ebilmek",,Sonstiges,Sie dürfen hier nicht rauchen. Darf ich Sie zu einem Kaffee einladen? Es darf nicht mehr als 15 Euro kosten.,,
A1,sich duschen,,duş almak,,Sonstiges,"Ich bade nicht so gern, ich dusche lieber.",,
A1,Dusche,die,duş,,Nomen,Unsere Wohnung hat nur eine Dusche.,,
A1,Ecke,die,köşe,-n,Nomen,An der nächsten Ecke links.,,
A1,Ehefrau,die,"eş, karı",-en/,Nomen,Das ist mein Ehemann/meine Ehefrau.,,
A1,Ehemann,der,"eş, koca","ä, er",Nomen,Das ist mein (Ehe-) Mann/meine (Ehe-) Frau.,,
A1,eilig,,"acele, ivedi",,Sonstiges,Hast du es eilig?,,
A1,ein-,,"bir, biri",,Sonstiges,"Ich nehme ein Bier. Willst du auch eins? Ist hier einer, der das kann?",,
A1,Eingang,der,giriş,,Nomen,Der Eingang ist um die Ecke.,,
A1,Eintritt,der,"giriş, giriş ücreti",,Nomen,Der Preis für den Eintritt ist 5 Euro.,,
A1,Einzelzimmer,das,tek kişilik oda,,Nomen,Haben Sie noch ein Einzelzimmer?,,
A1,E-Mail,die,e-posta,-s,Nomen,Ich habe Ihre E-Mail nicht bekommen.,,
A1,Empfänger,der,alıcı,–,Nomen,"Auf dem Brief steht dein Name, also bist du der Empfänger.",,
A1,empfehlen,,"tavsiye etmek, önermek",,Sonstiges,Welchen Wein können Sie mir empfehlen?,,
A1,enden,,"bitmek, sona ermek",,Sonstiges,Die Straße endet hier.,,
A1,Ergebnis,das,sonuç,-se,Nomen,Das Ergebnis des Tests bekommen Sie in zwei Wochen.,,
A1,erlauben,,izin vermek,,Sonstiges,Rauchen ist hier nicht erlaubt.,,
A1,Erwachsene,der,yetişkin,-n,Nomen,Dieser Film ist nur für Erwachsene.,,
A1,Fahrer,der,"sürücü, şoför",,Nomen,Bitte nicht mit dem Fahrer sprechen!,,
A1,falsch,,yanlış,,Sonstiges,Die Lösung ist falsch. Sie haben die falsche Nummer gewählt.,,
A1,Familienstand,der,medeni hâl,,Nomen,Bei „Familienstand“ musst du „ledig“ ankreuzen.,,
A1,Farbe,die,renk,-n,Nomen,Die Farbe gefällt mir gut.,,
A1,Fax,das,faks,-e,Nomen,Schicken Sie uns einfach ein Fax!,,
A1,Feier-,,"bayram, tatil",,Sonstiges,"z. B. Feierabend, Feiertag Am Montag ist Feiertag.",,
A1,feiern,,kutlamak,,Sonstiges,Wir feiern heute meinen Geburtstag.,,
A1,fehlen,,"eksik olmak, yok olmak",,Sonstiges,"Herr Müller ist nicht da, er fehlt schon seit drei Tagen. Was fehlt Ihnen?",,
A1,fertig,,"hazır, bitmiş",,Sonstiges,Bist du fertig? Ist mein Auto schon fertig?,,
A1,Feuer,das,ateş,,Nomen,1. Der Schaden durch das Feuer war sehr groß. 2. Haben Sie Feuer?,,
A1,Fieber,das,ateş,,Nomen,Mein Mann hat noch immer Fieber.,,
A1,Firma,die,"şirket, firma",,Nomen,Er arbeitet jetzt bei einer anderen Firma.,,
A1,abfliegen,,"kalkmak, havalanmak",,Sonstiges,Wann fliegst du ab?,,
A1,Abflug,der,kalkış,,Nomen,Der Abflug ist um 11.20 Uhr.,,
A1,Formular,das,"form, formüler",-e,Nomen,Sie müssen dieses Formular ausfüllen.,,
A1,Freizeit,die,"boş zaman, serbest zaman",,Nomen,In meiner Freizeit spiele ich oft Fußball.,,
A1,fremd,,yabancı,,Sonstiges,Das weiß ich nicht; ich bin fremd hier.,,
A1,sich freuen,,"sevinmek, mutlu olmak",,Sonstiges,Ich freue mich auf den Urlaub.,,
A1,früher,,"eskiden, önceleri",,Sonstiges,Früher waren wir oft zusammen im Kino.,,
A1,Führung,die,"rehberli tur, gezi",,Nomen,Die Führung durch das Haus beginnt in 3 Minuten.,,
A1,Gast,der,"misafir, konuk","-ä, e",Nomen,Am Wochenende haben wir mehrere Gäste.,,
A1,Geburtsjahr,das,doğum yılı,,Nomen,"Das Geburtsjahr Ihres Sohnes, bitte?",,
A1,Geburtsort,der,doğum yeri,,Nomen,Bitte schreiben Sie Ihren Geburtsort auf das Formular.,,
A1,gegen,,karşı,,Sonstiges,Fahr nicht gegen den Baum! Ich bin gegen diese Lösung. Wer spielt gegen wen?,,
A1,gehören,,ait olmak,,Sonstiges,Gehört der Stift dir?,,
A1,gern(e),,"seve seve, memnuniyetle",,Sonstiges,Ich gehe gerne einkaufen.,,
A1,Geschwister,die,kardeşler,(pl.),Nomen,Ich habe leider keine Geschwister.,,
A1,Gespräch,das,"görüşme, konuşma",-e,Nomen,Das Gespräch mit Frau Kunz ist um 14 Uhr.,,
A1,gestorben,,"ölmüş, vefat etmiş",,Sonstiges,Meine Frau ist gestern gestorben.,,
A1,Getränk,das,içecek,-e,Nomen,Mein Lieblingsgetränk ist Tomatensaft.,,
A1,Gewicht,das,ağırlık,,Nomen,Bei „Gewicht“ schreibst du: 62 Kilo.,,
A1,Grad,,derece,(Celsius),Sonstiges,Heute haben wir dreißig Grad.,,
A1,gratulieren,,tebrik etmek,,Sonstiges,Ich gratuliere euch zur Geburt eurer Tochter.,,
A1,grillen,,"mangal yapmak, ızgara yapmak",,Sonstiges,Heute grillen wir im Garten.,,
A1,Größe,die,"beden, boyut",,Nomen,Haben Sie das auch in Größe 40?,,
A1,Großmutter,die,büyükanne,,Nomen,Meine Großmutter heißt Eva.,,
A1,Großvater,der,büyükbaba,,Nomen,Mein Großvater ist schon 80.,,
A1,Gruppe,die,grup,-n,Nomen,Die erste Gruppe beginnt um 16 Uhr.,,
A1,gültig,,geçerli,,Sonstiges,Der Pass ist nicht mehr gültig.,,
A1,günstig,,"uygun fiyatlı, ucuz",,Sonstiges,Dort gibt es günstige Angebote.,,
A1,Hähnchen,das,"piliç, tavuk",-,Nomen,Ein Hähnchen mit Pommes bitte!,,
A1,Halbpension,die,yarım pansiyon,,Nomen,Möchten Sie Vollpension oder Halbpension?,,
A1,Halle,die,"salon, hol",,Nomen,Wir treffen uns in Halle B,,
A1,Hand,die,el,"-ä, e",Nomen,Er gibt mir die Hand.,,
A1,Hausfrau,die,ev hanımı,-en/,Nomen,,,
A1,Hausmann,der,ev erkeği,,Nomen,"Die Hausfrau/der Hausmann wäscht, kocht und kauft ein.",,
A1,Heimat,die,"vatan, memleket",,Nomen,Ich komme aus der Schweiz. Das ist meine Heimat.,,
A1,hell,,"aydınlık, parlak",,Sonstiges,Im Sommer ist es bis 21 Uhr hell.,,
A1,Herd,der,ocak (mutfak),,Nomen,In der neuen Küche fehlt noch der Herd.,,
A1,Hilfe,die,yardım,,Nomen,Hilfe! Bitte helfen Sie mir! Brauchen Sie meine Hilfe?,,
A1,hinten,,"arkada, arkasında",,Sonstiges,Die Tür zum Aussteigen ist hinten.,,
A1,hoch,,yüksek,,Sonstiges,Der Mount Everest ist 8.880 Meter hoch.,,
A1,holen,,"getirmek, almak",,Sonstiges,Ich hole zwei Flaschen Wasser aus der Küche.,,
A1,Hotel,das,otel,-s,Nomen,Im Urlaub sind wir in einem Hotel am Meer.,,
A1,ihr/ihm/ihn,,"ona, onu",,Sonstiges,Gib ihr/ihm bitte das Buch. Ruf ihn bitte an.,,
A1,international,,uluslararası,,Sonstiges,"Unser Deutschkurs ist international: Silvana kommt aus Italien, Conchi aus Spanien, Yin aus China ...",,
A1,jed-,,her,,Sonstiges,Blumen kannst du in jedem Bahnhof kaufen.,,
A1,Job,der,iş,-s,Nomen,Jenny hat einen neuen Job bei der Post.,,
A1,Jugendliche,der,genç,-n,Nomen,Viele Jugendliche kaufen gern ein.,,
A1,(Kredit)-Karte,,"kart, kredi kartı",-n,Sonstiges,Kann ich auch mit Karte (be-) zahlen?,,
A1,Kasse,die,kasa,,Nomen,Zahlen Sie bitte an der Kasse.,,
A1,Kindergarten,der,anaokulu,,Nomen,Die kleine Laura geht schon in den Kindergarten.,,
A1,Kleidung,die,"giysi, kıyafet",,Nomen,"Wo finde ich Kleidung? – Jacken im ersten, Jeans im zweiten Stock.",,
A1,Koffer,der,bavul,–,Nomen,Hast du den Koffer schon gepackt?,,
A1,Kollege,der,"iş arkadaşı, meslektaş",-n,Nomen,Wie heißt die neue Kollegin?,,
A1,Konto,das,hesap (banka),,Nomen,Das Geld überweisen wir am ersten März auf Ihr Konto.,,
A1,kriegen,,"almak, elde etmek",,Sonstiges,Ich kriege 15 Euro in der Stunde für meine Arbeit.,,
A1,kulturell,,kültürel,,Sonstiges,Ich bin kulturell interessiert. Ich gehe oft ins Museum.,,
A1,sich kümmern,,"ilgilenmek, bakmak",,Sonstiges,Jede Mutter kümmert sich um ihre kleinen Kinder.,,
A1,Kunde,der,müşteri,-n,Nomen,"Einen Moment, bitte. Ich habe eine Kundin.",,
A1,Laden,der,"dükkân, mağaza",-ä,Nomen,Im Buchladen können Sie Bücher kaufen.,,
A1,laut,,"gürültülü, yüksek sesle",,Sonstiges,Nicht so laut! Das Baby schläft.,,
A1,Leben,das,"hayat, yaşam",,Nomen,Das Leben in diesem Land ist teuer.,,
A1,Lebens-,die,yaşam-,,Nomen,,,
A1,mittel,,gıda maddeleri,(pl.),Sonstiges,Lebensmittel bekommen Sie im Supermarkt.,,
A1,ledig,,bekâr,,Sonstiges,Sind Sie verheiratet? – Nein. Ledig.,,
A1,legen,,"koymak, yerleştirmek",,Sonstiges,Legen Sie das Buch auf den Tisch.,,
A1,Lehrer,der,öğretmen,–,Nomen,Unsere Deutschlehrerin heißt Frau Müller.,,
A1,leise,,"sessiz, sessizce",,Sonstiges,Seid leise. Die anderen schlafen schon.,,
A1,letzt-,,son,,Sonstiges,Morgen ist der letzte Kurstag.,,
A1,Licht,das,ışık,,Nomen,Wo macht man hier das Licht an?,,
A1,lieb-,,sevgili,,Sonstiges,"Liebe Susanne, lieber Hans,",,
A1,Lied,das,şarkı,-er,Nomen,Welches ist dein Lieblingslied?,,
A1,liegen,,"yatmak, bulunmak",,Sonstiges,Um neun Uhr liegt Judith noch im Bett. Frankfurt liegt am Main.,,
A1,Lkw,der,kamyon,-s,Nomen,Dieser Lastkraftwagen ist sehr groß.,,
A1,Lokal,das,"lokanta, mekân",,Nomen,In unserer Straße gibt es ein neues Lokal.,,
A1,Lösung,die,çözüm,-en,Nomen,Die Lösung ist ganz einfach.,,
A1,männlich,,"erkek, eril",,Sonstiges,Kreuzen Sie bitte an: „weiblich“ oder „männlich“.,,
A1,Maschine,die,makine,-n,Nomen,Die Waschmaschine ist günstig.,,
A1,Meer,das,deniz,,Nomen,Wir machen Urlaub am Meer.,,
A1,meist-,,"çoğu, en çok",,Sonstiges,Die meisten Norddeutschen sind sehr groß.,,
A1,Mensch,der,insan,-en,Nomen,Die Menschen sind hier anders als bei uns.,,
A1,mieten,,kiralamak,,Sonstiges,Ich möchte ein Auto mieten.,,
A1,Miete,die,kira,,Nomen,Die Miete für diese Wohnung ist 600 Euro.,,
A1,Mitte,die,"orta, merkez",,Nomen,Der Lehrer steht in der Mitte des Klassenzimmers.,,
A1,Möbel,die,mobilya,(pl.),Nomen,Eure Möbel sind sehr schön.,,
A1,möchten,,istemek,,Sonstiges,Was möchten Sie trinken?,,
A1,Moment,der,"an, moment",,Nomen,Moment mal bitte! Einen Moment bitte.,,
A1,Mund,der,ağız,,Nomen,Öffnen Sie den Mund.,,
A1,Mutter,die,anne,-ü,Nomen,Frau Berghäuser ist die Mutter von Michaela.,,
A1,nächst-,,"gelecek, bir sonraki",,Sonstiges,Sehen wir uns nächste Woche?,,
A1,oben,,yukarıda,,Sonstiges,Ich wohne oben im 4. Stock.,,
A1,öffnen,,açmak,,Sonstiges,Ich öffne die Tür. Der Laden ist samstags bis 16.00 Uhr geöffnet.,,
A1,geöffnet,,açık,,Sonstiges,Der Laden ist samstags bis 16.00 Uhr geöffnet.,,
A1,Öl,das,yağ,,Nomen,Den Salat machen wir ohne Öl.,,
A1,Oma,die,büyükanne,-s,Nomen,Meine Oma ist schon tot.,,
A1,Opa,der,büyükbaba,-s,Nomen,Mein Opa heißt Hans.,,
A1,Ort,der,"yer, mekân",-e,Nomen,Der Ort liegt am Meer.,,
A1,Papier,das,kağıt,,Nomen,Hier sind Papier und Bleistift.,,
A1,Papiere,die,"belgeler, evraklar",(pl.),Nomen,Haben Sie Ihre Papiere dabei?,,
A1,Partner,der,"partner, eş",-/,Nomen,Veronika ist meine Partnerin.,,
A1,Partnerin,die,"partner, eş",-nen,Nomen,Sie ist meine Partnerin.,,
A1,Party,die,parti,,Nomen,Heute Abend machen wir eine Party.,,
A1,Pass,der,pasaport,"-ä, e",Nomen,Im Hotel brauchst du deinen Pass.,,
A1,Plan,der,plan,"-ä, e",Nomen,Ich kaufe mir einen Stadtplan.,,
A1,Polizei,die,polis,,Nomen,Holen Sie die Polizei!,,
A1,Pommes frites (pl.) Die,die,patates kızartması,,Nomen,Kinder essen Hähnchen mit Pommes frites.,,
A1,Postleitzahl,die,posta kodu,,Nomen,Wie ist Ihre Postleitzahl?,,
A1,Praktikum,das,staj,,Nomen,Ich mache ein Praktikum bei Siemens.,,
A1,Praxis,die,muayenehane,,Nomen,Die Praxis ist ab acht Uhr geöffnet.,,
A1,Preis,der,fiyat,-e,Nomen,Die Preise sind hoch.,,
A1,Prospekt,der,"broşür, katalog",-e,Nomen,Bitte schicken Sie mir einen Prospekt von Ihrem Hotel.,,
A1,Prüfung,die,sınav,,Nomen,Die Prüfung ist am Montag um 8.00 Uhr.,,
A1,Rad fahren,,bisiklete binmek,,Sonstiges,Das Kind kann schon Rad fahren.,,
A1,rauchen,,sigara içmek,,Sonstiges,"Stört es Sie, wenn ich rauche? Rauchen ist hier verboten!",,
A1,Raum,der,"oda, mekân","-ä, e",Nomen,Der Unterricht ist in Raum 332.,,
A1,Rechnung,die,"hesap, fatura",-en,Nomen,"Die Rechnung, bitte.",,
A1,Reis,der,pirinç,,Nomen,Ich esse gern Reis mit Gemüse und Fisch.,,
A1,reisen,,seyahat etmek,,Sonstiges,Ich reise gern nach Spanien.,,
A1,Reisebüro,das,seyahat acentesi,-s,Nomen,Mein Mann arbeitet im Reisebüro.,,
A1,Reiseführer,der,"rehber, seyahat rehberi",,Nomen,Ich kaufe mir einen Reiseführer von Berlin. Unser Reiseführer heißt Peter.,,
A1,Reparatur,die,"tamir, onarım",,Nomen,Die Reparatur ist sehr teuer.,,
A1,Rezeption,die,resepsiyon,,Nomen,Fragen Sie bitte im Hotel an der Rezeption.,,
A1,riechen,,"koklamak, kokmak",,Sonstiges,Dieser Wein riecht gut.,,
A1,Salz,das,tuz,,Nomen,"Herr Ober, kann ich bitte Salz haben?",,
A1,Satz,,cümle,"-ä, e",Sonstiges,Dieser Satz ist sehr einfach.,,
A1,S-Bahn,die,banliyö treni,,Nomen,Ich nehme lieber die S-Bahn.,,
A1,Schalter,der,gişe,,Nomen,Gehen Sie bitte zum Schalter drei!,,
A1,scheinen,,"parlamak, görünmek",,Sonstiges,1. Gestern hat es geregnet. Heute scheint wieder die Sonne. 2. Mein Kollege scheint krank zu sein. Er war heute nicht im,,
A1,schicken,,göndermek,,Sonstiges,Bitte schicken Sie mir eine E-Mail.,,
A1,Schild,das,"tabela, levha",-er,Nomen,Haben Sie nicht das Schild gesehen?,,
A1,Schinken,der,jambon,–,Nomen,Ich möchte gern ein Schinkenbrot.,,
A1,schließen,,kapatmak,,Sonstiges,"Bitte, schließen Sie die Tür.",,
A1,geschlossen,,kapalı,,Sonstiges,Die Bank hat am Samstag geschlossen.,,
A1,Schluss,der,"son, bitiş",,Nomen,Ich muss jetzt Schluss machen. Zum Schluss gibt er uns allen die Hand.,,
A1,Schlüssel,der,anahtar,–,Nomen,Ich gebe Ihnen noch den Zimmerschlüssel.,,
A1,Schrank,der,dolap,"-ä, e",Nomen,Die Gläser stehen im Schrank.,,
A1,Schuh,der,ayakkabı,-e,Nomen,Zieh die Schuhe aus!,,
A1,Schule,die,okul,,Nomen,Meine Tochter geht schon in die Schule. Die Schule ist gleich hier um die Ecke.,,
A1,Schüler,der,öğrenci,–,Nomen,In meinem Kurs sind acht Schülerinnen und fünf Schüler.,,
A1,Schwester,die,kız kardeş,-n,Nomen,Meine Schwester kommt am Dienstag.,,
A1,Sehenswürdigkeit,die,"görülmeye değer yer, turistik yer",,Nomen,-en Welche Sehenswürdigkeiten gibt es in Frankfurt?,,
A1,weg sein,,gitmiş olmak,,Sonstiges,Herr Meier ist schon weg.,,
A1,seit,,-den beri,,Sonstiges,Ich wohne seit drei Jahren in Köln.,,
A1,selbstständig,,"bağımsız, serbest meslek sahibi",,Sonstiges,Er ist selbstständig.,,
A1,sich,,"kendini, kendine",,Sonstiges,Sie müssen sich erst anmelden.,,
A1,sitzen,,oturmak,,Sonstiges,Wo möchten Sie sitzen? – Bitte ganz hinten.,,
A1,Sofa,das,kanepe,,Nomen,Das Sofa ist bequem.,,
A1,Sohn,der,oğul,"-ö, e",Nomen,"Das ist Hans, mein Sohn.",,
A1,sollen,,"gerekmek, -meli",,Sonstiges,Soll ich kommen? Was soll ich mitbringen?,,
A1,Sonne,die,güneş,,Nomen,1. Das Wetter ist schön. Die Sonne scheint. 2. Ich habe zu lange in der Sonne gelegen.,,
A1,Speisekarte,die,"yemek listesi, menü",,Nomen,"Bringen Sie mir die Speisekarte, bitte.",,
A1,stehen,,"durmak, yazılı olmak",,Sonstiges,"Ich glaube es nicht, aber es steht in der Zeitung. Der Bus steht schon an der Haltestelle.",,
A1,Stelle,die,"iş, mevki",-n,Nomen,Ich habe eine neue Stelle.,,
A1,stellen,,"koymak, yerleştirmek",,Sonstiges,Stell die Tasche rechts in die Ecke!,,
A1,Stock,der,kat,,Nomen,Unsere Wohnung liegt im ersten Stock.,,
A1,Straßenbahn,die,tramvay,,Nomen,Wo fährt die Straßenbahn ab?,,
A1,studieren,,"üniversitede okumak, öğrenim görmek",,Sonstiges,Ich studiere in Mainz.,,
A1,Studium,das,"üniversite eğitimi, öğrenim",,Nomen,Das Studium beginnt im Oktober.,,
A1,Student,der,üniversite öğrencisi,-en,Nomen,Schüler und Studenten zahlen die Hälfte.,,
A1,Stunde,die,"saat, ders saati",-n,Nomen,Ich bin in einer Stunde zurück.,,
A1,Taxi,das,taksi,-s,Nomen,Es gibt heute keinen Bus mehr. Er fährt mit dem Taxi.,,
A1,Teil,der,"parça, bölüm",-e,Nomen,Lies bitte auch den zweiten Teil.,,
A1,Telefon,das,telefon,,Nomen,Darf ich bitte Ihr Telefon benutzen?,,
A1,Termin,der,randevu,-e,Nomen,Am besten machen wir sofort einen Termin.,,
A1,Test,der,"test, sınav",,Nomen,Der Test war einfach.,,
A1,Text,der,metin,-e,Nomen,Lesen Sie bitte diesen Text.,,
A1,Ticket,das,bilet,-s,Nomen,Wie viel kostet das Ticket?,,
A1,Tochter,die,kız evlat,-ö,Nomen,Das ist meine Tochter Katharina.,,
A1,Tomate,die,domates,-n,Nomen,Die Tomate ist noch grün.,,
A1,tot,,ölü,,Sonstiges,Sein Vater ist schon lange tot.,,
A1,sich treffen,,buluşmak,,Sonstiges,Ich treffe in der Stadt einen Kollegen. Wir treffen uns immer freitags.,,
A1,Treppe,die,merdiven,-n,Nomen,Die Toilette? Die Treppe hoch und dann links.,,
A1,tschüss,,"hoşça kal, güle güle",,Sonstiges,Junge Leute sagen meistens „tschüss!“ und nicht „auf Wiedersehen“.,,
A1,tun,,yapmak,,Sonstiges,Ich habe noch etwas zu tun. Was tut Ihr Mann?,,
A1,übernachten,,"gecelemek, konaklamak",,Sonstiges,Du kannst bei mir übernachten.,,
A1,überweisen,,havale etmek,,Sonstiges,Sie können das Geld auch überweisen.,,
A1,umziehen,,taşınmak,,Sonstiges,Nächsten Monat ziehen wir um.,,
A1,unser-,,bizim,,Sonstiges,Das ist unsere Lehrerin.,,
A1,unten,,aşağıda,,Sonstiges,Er wohnt ganz unten im Haus.,,
A1,unter,,altında,,Sonstiges,Unter uns wohnt eine Familie mit drei Kindern.,,
A1,unterschreiben,,imzalamak,,Sonstiges,Wo muss ich unterschreiben?,,
A1,Unterschrift,die,imza,,Nomen,Hier fehlt noch Ihre Unterschrift.,,
A1,Urlaub,der,"tatil, izin",,Nomen,Ich nehme im September Urlaub.,,
A1,Vater,der,baba,-ä,Nomen,Mein Vater ist Arbeiter.,,
A1,verboten,,yasak,,Sonstiges,Hier ist Rauchen verboten.,,
A1,Verein,der,"dernek, kulüp",,Nomen,Es gibt einen neuen Sportverein in der Stadt.,,
A1,verheiratet,,evli,,Sonstiges,Ich bin verheiratet und habe drei Kinder.,,
A1,verkaufen,,satmak,,Sonstiges,Er verkauft sein altes Auto.,,
A1,Verkäufer,der,satıcı,–,Nomen,Meine Mutter ist Verkäuferin im Kaufhaus.,,
A1,vermieten,,kiraya vermek,,Sonstiges,Die Wohnung ist schon vermietet.,,
A1,Vermieter,der,"ev sahibi, kiraya veren",,Nomen,Unser Vermieter heißt Huber. Er wohnt auch hier.,,
A1,Verwandte,der,akraba,-n,Nomen,Peter besucht seine Verwandten in Polen.,,
A1,Vorsicht,die,dikkat,,Nomen,Vorsicht! Da kommt ein Auto.,,
A1,sich vorstellen,,kendini tanıtmak,,Sonstiges,Wir wollen uns kennenlernen. Können Sie sich bitte vorstellen?,,
A1,Vorwahl,die,alan kodu,,Nomen,Wie ist die Vorwahl von München?,,
A1,was für ein,,"ne tür bir, nasıl bir",,Sonstiges,Was für eine Farbe möchten Sie?,,
A1,sich waschen,,yıkanmak,,Sonstiges,Wo kann ich mir die Hände waschen? Ich muss morgen waschen.,,
A1,weiblich,,"kadın, dişi",,Sonstiges,Kreuzen Sie bitte an: „weiblich“ oder „männlich“.,,
A1,Wein,der,şarap,,Nomen,"Nein danke, ich möchte keinen Wein.",,
A1,Welt,die,dünya,,Nomen,Es gibt viele Probleme auf der Welt.,,
A1,Wetter,das,"hava, hava durumu",,Nomen,Wir hatten schlechtes Wetter.,,
A1,Wiederhören,das,duyuşmak üzere,,Nomen,Wir müssen jetzt Schluss machen. Also auf Wiederhören!,,
A1,Wind,der,rüzgar,,Nomen,Der Wind kommt aus Osten.,,
A1,zahlen,,ödemek,,Sonstiges,"Entschuldigung, zahlen bitte!",,
A1,zurzeit,,"şu anda, şu sırada",,Sonstiges,Zurzeit habe ich sehr viel zu tun.,,
A1,Zigarette,die,sigara,-n,Nomen,Wie teuer sind die Zigaretten?,,
A1,Zoll,der,gümrük,,Nomen,Wir müssen noch durch den Zoll.,,
A1,zufrieden,,memnun,,Sonstiges,Ich bin mit der Wohnung zufrieden.,,
A1,zurück,,geri,,Sonstiges,Einmal Frankfurt und zurück. Wann kommst du zurück?,,
A1,zwischen,,arasında,,Sonstiges,Heidelberg liegt zwischen Frankfurt und Stuttgart. Zwischen 8 und 10 Uhr bin ich zu Hause.,,
A2,abschließen,,"kilitlemek, tamamlamak",,Sonstiges,Hast du die Tür abgeschlossen?,,
A2,schließt ab,,"tamamlamak, bitirmek, mezun olmak",hat abgeschlossen,Verb,Ich schließe dieses Jahr mein Studium/ meine Ausbildung ab.,,
A2,aktiv,,aktif,,Sonstiges,Peter ist sehr aktiv und macht viel Sport.,,
A2,aktuell,,güncel,,Sonstiges,Das ist das aktuelle Kinoprogramm.,,
A2,als,,"-den daha, olarak, iken",,Sonstiges,Hector ist jünger als seine Schwester. Sie arbeitet als Krankenschwester.,,
A2,Ampel,die,trafik ışığı,-n,Nomen,"Du kannst fahren, die Ampel ist grün. Nach der Ampel musst du nach links fahren.",,
A2,ändern,,değiştirmek,"ändert, hat geändert",Verb,Das Wetter hat sich geändert. Wie kann ich mein Passwort ändern?,,
A2,anders,,"başka, farklı",,Sonstiges,Anders geht das leider nicht. Oliver ist anders als seine Freunde.,,
A2,anmelden,,"kaydolmak, kayıt yaptırmak",(sich),Sonstiges,Wo kann ich mich anmelden?,,
A2,meldet an,,"kaydetmek, kayıt yaptırmak",hat angemeldet,Verb,Eine Anmeldung für diesen Kurs ist nicht mehr möglich.,,
A2,ansehen,,"izlemek, bakmak, seyretmek","sieht an, hat angesehen",Verb,Darf ich eure Urlaubsfotos ansehen? Ich sehe (mir) diese Sendung jeden Tag an.,,
A2,Anzug,der,takım elbise,¨-e,Nomen,Mein Mann muss sich einen neuen Anzug kaufen.,,
A2,Apparat,der,"cihaz, aygıt",-e,Nomen,Was machen wir mit deinem alten Apparat? Ich habe einen neuen Fotoapparat.,,
A2,ärgern (sich),,"sinirlenmek, kızmak","ärgert, hat geärgert",Verb,"Warum ärgerst du dich? - Ich ärgere mich, weil das Wetter schlecht ist.",,
A2,arm,,"fakir, yoksul",,Sonstiges,"Sie haben nicht viel Geld, sie sind arm.",,
A2,auf jeden/ keinen Fall,,"kesinlikle, her hâlükârda",,Sonstiges,Ich möchte auf jeden Fall den neuen James-Bond- Film sehen. - Wirklich? Ich finde James-Bond-Filme langweilig. Ich sehe ,,
A2,aufregend,,heyecan verici,,Sonstiges,Die letzte Woche war sehr aufregend. Der Film ist nicht besonders aufregend.,,
A2,Ausbildung,die,"meslek eğitimi, staj",-en,Nomen,Ich möchte eine Ausbildung zum Krankenpfleger machen.,,
A2,ausgeben,,harcamak,"gibt aus, hat ausgegeben",Verb,Agata gibt viel Geld für Bücher aus. Ich möchte nicht so viel Geld ausgeben.,,
A2,ausgehen,,"dışarı çıkmak, sönmek","geht aus, ist ausgegangen",Verb,Gehen wir am Freitag zusammen aus? Plötzlich ist das Licht ausgegangen.,,
A2,auspacken,,"paketten çıkarmak, açmak","packt aus, hat ausgepackt",Verb,Packst du bitte den Koffer aus?,,
A2,ausruhen (sich),,dinlenmek,"ruht aus, hat ausgeruht",Verb,Ruh dich erst mal aus! Du bist sicher müde. Er ruht sich nach der Arbeit immer aus.,,
A2,außer,,"dışında, hariç",,Sonstiges,Außer Lisa möchte niemand den Film sehen. Wir haben täglich außer Samstag geöffnet.,,
A2,außerdem,,"ayrıca, bunun yanında",,Sonstiges,"Vier Brötchen, möchten Sie außerdem noch etwas?",,
A2,außerhalb,,dışında,,Sonstiges,"Die Wohnung ist nicht in der Stadt, sie liegt etwas außerhalb.",,
A2,aussprechen,,telaffuz etmek,"spricht aus, hat ausgesprochen",Verb,Wie spricht man das Wort aus?,,
A2,Ausstellung,die,sergi,-en,Nomen,Gehen wir morgen zusammen in die Ausstellung?,,
A2,austragen,,dağıtmak,"trägt aus, hat ausgetragen",Verb,Er trägt jeden Morgen die Zeitung aus.,,
A2,Babysitter,der,bebek bakıcısı,-,Nomen,Meine Tochter arbeitet als Babysitter bei einer Familie mit vier Kindern.,,
A2,backen,,"pişirmek, fırınlamak","bäckt/backt, hat gebacken",Verb,"Wenn du kommst, backe ich einen Kuchen.",,
A2,bauen,,"inşa etmek, yapmak","baut, hat gebaut",Verb,Unsere Nachbarn bauen ein neues Haus.,,
A2,Baustelle,die,"inşaat alanı, şantiye",-n,Nomen,Vor unserem Haus ist eine große Baustelle.,,
A2,beantworten,,"cevaplamak, yanıtlamak","beantwortet, hat beantwortet",Verb,Können Sie meine Frage bitte beantworten? Hast du die Mail schon beantwortet?,,
A2,bedanken (sich),,teşekkür etmek,"bedankt, hat bedankt",Verb,Ich möchte mich noch einmal sehr herzlich für Ihre Hilfe bedanken.,,
A2,beeilen (sich),,acele etmek,"beeilt, hat beeilt",Verb,Kannst du dich bitte beeilen? Der Bus fährt gleich ab!,,
A2,beenden,,"bitirmek, sona erdirmek","beendet, hat beendet",Verb,Du musst deine Ausbildung auf jeden Fall beenden.,,
A2,begründen,,"gerekçelendirmek, açıklamak","begründet, hat begründet",Verb,Bitte begründen Sie Ihre Meinung.,,
A2,bekannt der/die Bekannte,,"tanınmış, ünlü, tanıdık",-n,Sonstiges,Picasso ist sehr bekannt. Er ist ein bekannter Maler. Ein Bekannter von mir heißt Klaus.,,
A2,beliebt,,"sevilen, popüler",,Sonstiges,Fußball ist bei vielen Menschen beliebt.,,
A2,bequem,,rahat,,Sonstiges,Das Sofa ist sehr bequem. Meine Kinder ziehen am liebsten bequeme Schuhe an.,,
A2,beraten,,"danışmanlık yapmak, tavsiye vermek","berät, hat beraten",Verb,"Unsere Sekretärin berät Sie gern, wenn Sie Fragen haben.",,
A2,Berg,der,dağ,-e,Nomen,Die Zugspitze ist der höchste Berg in Deutschland. Wir fahren am Wochenende in die Berge.,,
A2,berichten,,"bildirmek, haber vermek","berichtet, hat berichtet",Verb,Alle Zeitungen berichten von dem Unfall.,,
A2,berühmt,,"ünlü, meşhur",,Sonstiges,Thomas Müller ist ein berühmter Fußballspieler.,,
A2,Bescheid,der,"haber, bilgi",(bekommen/ geben/sagen),Nomen,Kann Lisa in Heidelberg studieren? - Sie weiß es noch nicht. Sie bekommt erst nächste Woche Bescheid. Kannst du mir bis ,,
A2,beschreiben,,"tarif etmek, tanımlamak","beschreibt, hat beschrieben",Verb,Kannst du mir den Weg zum Bahnhof beschreiben?,,
A2,beschweren (sich),,şikayet etmek,"beschwert, hat beschwert",Verb,"Hier ist es zu laut. Wo können wir uns beschweren? Mein Nachbar beschwert sich immer über unsere Kinder, wenn sie im Gar",,
A2,bestätigen,,"onaylamak, doğrulamak","bestätigt, hat bestätigt",Verb,"Ich kann bestätigen, dass er hier war.",,
A2,bestehen,,"geçmek, oluşmak","besteht, hat bestanden",Verb,"Ich habe die Prüfung bestanden! Die Prüfung besteht aus vier Teilen: Hören, Lesen, Schreiben und Sprechen.",,
A2,Besuch,der,ziyaret,-e,Nomen,Wir bekommen am Wochenende Besuch. Ich mache einen Besuch im Krankenhaus.,,
A2,bewerben (sich),,başvurmak,"bewirbt, hat beworben",Verb,Ich möchte mich um diese Stelle bewerben. Kannst du mir bei meiner Bewerbung helfen?,,
A2,Bewerbung,die,başvuru,-en,Nomen,Ich möchte mich um diese Stelle bewerben. Kannst du mir bei meiner Bewerbung helfen?,,
A2,bewölkt,,bulutlu,,Sonstiges,Heute ist es bewölkt. Es gibt viele Wolken am Himmel.,,
A2,Wolke,die,bulut,-n,Nomen,Heute ist es bewölkt. Es gibt viele Wolken am Himmel.,,
A2,Blatt,das,"yaprak, kağıt yaprağı",¨-er,Nomen,Haben Sie ein Blatt Papier für mich? Die Bäume haben schon gelbe Blätter.,,
A2,der/das Blog,,blog,-s,Sonstiges,Ich schreibe einen Blog über Mode.,,
A2,blond,,sarışın,,Sonstiges,Lisa hat blonde Haare.,,
A2,Bohne,die,fasulye,-n,Nomen,Hans isst nicht gern Bohnen.,,
A2,braten,,"kızartmak, kavurmak","brät, hat gebraten",Verb,Braten Sie das Fleisch in etwas Öl ! Der Fisch brät in der Pfanne.,,
A2,Brille,die,gözlük,-n,Nomen,Wo ist meine Brille? Mit dieser Brille kann ich nicht mehr gut sehen.,,
A2,Brücke,die,köprü,-n,Nomen,Fahren Sie über die nächste Brücke und dann nach links.,,
A2,buchen,,"rezervasyon yapmak, ayırtmak","bucht, hat gebucht",Verb,Morgen buche ich unsere Urlaubsreise.,,
A2,bunt,,renkli,,Sonstiges,"Anna trägt gern bunte Kleider. Meine Wohnung ist sehr bunt: Das Wohnzimmer ist rot, die Küche grün und das Bad blau.",,
A2,Büro,das,"ofis, büro",-s,Nomen,Ich arbeite in einem Büro. Unser Büro ist bis Dienstag geschlossen.,,
A2,Cafeteria,die,kafeterya,-s,Nomen,Ich gehe jetzt in die Cafeteria. Soll ich dir etwas mitbringen?,,
A2,chatten,,"sohbet etmek, yazışmak","chattet, hat gechattet",Verb,Luis chattet gern mit seinen Freunden im Internet.,,
A2,Club,der,kulüp,"-s / Klub, -s",Nomen,Gibt es hier einen Tennis-Club/Klub? Ich möchte gern tanzen gehen. Wo gibt es hier einen Club/Klub mit guter Musik?,,
A2,der/das Comic,,çizgi roman,-s,Sonstiges,Mein Sohn liest immer nur Comics.,,
A2,Creme,die,krem,-s/-n,Nomen,Ich suche eine Creme für die Hände. Der Kuchen schmeckt super! Was ist in der Creme? – Das ist eine Buttercreme mit viel,,
A2,da(r) (Bsp. darauf,,"ona, onun hakkında",darüber),Sonstiges,Darauf fällt mir keine Antwort ein. Darüber spreche ich nicht gern.,,
A2,dabei (sein),,"orada olmak, katılmak","ist dabei, war dabei, ist dabei gewesen",Verb,"Hast du einen Stift dabei? Schön, dass du da bist. Ist deine Familie auch dabei?",,
A2,dafür/dagegen sein,,"lehinde/aleyhinde olmak, taraftar olmak","ist dafür/dagegen, war dafür/dagegen, ist dafür/ dagegen gewesen",Verb,Ich bin dafür/dagegen.,,
A2,damals,,"o zamanlar, o dönemde",,Sonstiges,Als Student hatte ich viel Zeit und wollte reisen. Aber damals hatte ich kein Geld.,,
A2,dass,,"-dığı, ki",,Sonstiges,"Rico hat gesagt, dass er auch zur Party kommt. Ich finde es super, dass du mich besuchst.",,
A2,Datei,die,dosya,-en,Nomen,Wo hast du die Datei gespeichert? Kannst du die Datei bitte öffnen?,,
A2,deutlich,,"açık, net",,Sonstiges,Sprechen Sie bitte deutlich! Können Sie das bitte deutlicher schreiben? Ich kann das nicht lesen.,,
A2,Ding,das,"şey, nesne",-e,Nomen,Gib mir bitte mal das Ding da drüben! Was macht man mit diesem Ding? - Damit kann man Flaschen öffnen.,,
A2,direkt,,doğrudan,,Sonstiges,"Wir wohnen direkt über dem Café. Gibt es keinen direkten Zug nach Hamburg? - Nein, Sie müssen immer umsteigen. Ich möcht",,
A2,diskutieren,,tartışmak,"diskutiert, hat diskutiert",Verb,Ich möchte das mit meinen Kollegen diskutieren.,,
A2,dringend,,acil,,Sonstiges,Bitte kommen Sie schnell. Es ist dringend.,,
A2,drinnen,,içeride,,Sonstiges,Wollen Sie drinnen oder draußen sitzen? Hier drinnen ist es sehr warm.,,
A2,drüben,,"karşıda, öte tarafta",,Sonstiges,Da drüben ist die Haltestelle.,,
A2,dunkel,,"karanlık, koyu",,Sonstiges,Um sechs Uhr ist es schon dunkel. Meine Schwester hat dunkle Haare. Ich will eine dunkelblaue Bluse kaufen.,,
A2,dünn,,"ince, zayıf",,Sonstiges,"Das Buch ist sehr dünn. Es hat nur 40 Seiten. Mein Bruder ist 1,80 Meter groß und 62 Kilo schwer, er ist zu dünn.",,
A2,duschen (sich),,duş almak,"duscht, hat geduscht",Verb,"Ich bade nicht so gern, ich dusche lieber. Möchten Sie sich duschen? Das Badezimmer ist dort hinten links.",,
A2,E-Book,das,e-kitap,-s,Nomen,"Liest du lieber E-Books oder Bücher aus Papier? Entschuldigung, kann man hier E-Books kaufen?",,
A2,echt,,"gerçek, hakiki",,Sonstiges,Ist das Bild ein echter Picasso? Der Film ist echt gut.,,
A2,egal,,"fark etmez, önemli değil",,Sonstiges,Das ist mir egal. Willst du Tee oder Kaffee trinken? – Egal.,,
A2,eigeneigentlich,,"kendi, öz, aslında",,Sonstiges,"Nicht alle Kinder haben ein eigenes Zimmer. Wir wollten eigentlich Freunde besuchen, aber dann sind wir doch zu Hause ge",,
A2,einig-,,"bazı, birkaç",,Sonstiges,"In diesem Text sind einige Fehler. Das dauert noch einige Zeit, bis das Essen fertig ist.",,
A2,Einkaufszentrum,das,alışveriş merkezi,-en,Nomen,Kommst du morgen mit ins Einkaufszentrum?,,
A2,einpacken,,"paketlemek, sarmak","packt ein, hat eingepackt",Verb,Pack bitte die Handtücher ein ! Soll ich Ihnen das als Geschenk einpacken?,,
A2,eintragen (sich),,"kaydetmek, yazmak","trägt ein, hat eingetragen",Verb,Tragen Sie sich bitte in diese Liste ein ! Sie müssen Ihren Namen und Ihre Adresse eintragen.,,
A2,einzel-,,"tek, ayrı, tekli",,Sonstiges,Nicht alle zusammen. Könnt ihr bitte einzeln sprechen? Florian ist ein Einzelkind. Er hat keine Geschwister. Ein Einzelz,,
A2,einziehen,,"taşınmak, içeri girmek","zieht ein, ist eingezogen",Verb,Im Juni ziehen unsere neuen Nachbarn ein. Wann können wir in die Wohnung einziehen?,,
A2,(E-)Mail,die,e-posta,-s,Nomen,Ich schreibe Ihnen/dir eine E-Mail.,,
A2,eng,,dar,,Sonstiges,Diese Hose ist zu eng. Gibt es sie auch eine Nummer größer?,,
A2,entschuldigen (sich),,özür dilemek,"entschuldigt, hat entschuldigt",Verb,Entschuldigen Sie bitte! Ich möchte mich bei dir entschuldigen.,,
A2,Erdgeschoss,das,zemin kat,-e,Nomen,Ich wohne im Erdgeschoss.,,
A2,Erfahrung,die,"deneyim, tecrübe",-en,Nomen,Ich habe zehn Jahre Erfahrung in diesem Beruf.,,
A2,erinnern (sich),,hatırlamak,"erinnert, hat erinnert",Verb,"Erinnerst du dich an José? - Nein, ich erinnere mich nicht an ihn, tut mir leid. Kannst du mich morgen bitte an meinen A",,
A2,erkältet sein,,"nezle olmak, üşütmüş olmak","ist erkältet, war erkältet, ist erkältet gewesen",Verb,Lisa ist erkältet. Sie kann heute nicht zur Schule gehen.,,
A2,Erlaubnis,die,izin,(Sg.),Nomen,Haben Sie eine Arbeitserlaubnis?,,
A2,Ermäßigung,die,indirim,-en,Nomen,"Für Schüler, Studenten und Rentner gibt es eine Ermäßigung.",,
A2,erreichen,,"ulaşmak, yetişmek, varmak","erreicht, hat erreicht",Verb,"Wenn wir uns beeilen, erreichen wir noch den Zug um acht Uhr. Bis 18 Uhr können Sie mich im Büro erreichen.",,
A2,erst,,"ancak, henüz, daha yeni",,Sonstiges,"Wir können erst morgen kommen. Dina ist keine 18, sie ist erst 16 Jahre alt.",,
A2,(ab)fahren,,"hareket etmek, kalkmak","fährt (ab), ist (ab)gefahren",Verb,Ich fahre mit dem Auto zur Arbeit. Achtung an Gleis 17! Der Zug München - Paris fährt jetzt ab.,,
A2,(Fahr)Rad,das,bisiklet,¨-er,Nomen,"Wenn es nicht regnet, fahre ich mit dem Fahrrad.",,
A2,fallen,,düşmek,"fällt, ist gefallen",Verb,"Pass auf, das Glas fällt gleich vom Tisch.",,
A2,Fan,der,hayran,-s,Nomen,Er ist ein großer Fußballfan. Bella ist ein Fan von Rammstein.,,
A2,fantastisch,,"harika, muhteşem",,Sonstiges,Dein neues Kleid sieht fantastisch aus! Das Buch ist fantastisch. Du musst es unbedingt lesen!,,
A2,fast,,"neredeyse, hemen hemen",,Sonstiges,Der Film ist fast zu Ende. Ich habe fast alles verstanden.,,
A2,faul,,tembel,,Sonstiges,Heute sind wir faul: Wir machen keine Hausaufgaben und arbeiten nicht.,,
A2,Feier,die,kutlama,"-n (z. B. Feierabend, Feiertag)",Nomen,Wann hast du Feierabend? Am ersten Mai ist ein Feiertag.,,
A2,Fernseher,der,televizyon,-,Nomen,Der Fernseher ist kaputt.,,
A2,Fest,das,"bayram, şenlik",-e,Nomen,Frohes Fest! Am Wochenende feiern wir ein Fest. Meine Tochter hat Geburtstag.,,
A2,Festival,das,festival,-s,Nomen,Am Wochenende ist in der Stadt ein Musik-Festival.,,
A2,fett,,yağlı,,Sonstiges,Die Wurst ist mir zu fett.,,
A2,fit sein,,formda olmak,"ist fit, war fit, ist fit gewesen",Verb,Tom will fit sein. Er geht jeden Tag ins Fitnessstudio.,,
A2,fleißig,,çalışkan,,Sonstiges,Ibrahim ist sehr fleißig. Er macht immer seine Hausaufgaben.,,
A2,(ab)fliegen,,"uçmak, kalkmak","fliegt (ab), ist (ab)geflogen",Verb,Ich fliege nicht gern; ich fahre lieber mit dem Zug. Ich fliege in den Ferien nach Spanien. Wann fliegst du ab?,,
A2,Flohmarkt,der,bit pazarı,¨-e,Nomen,Ich gehe gern auf den Flohmarkt. Diesen Hut habe ich auf dem Flohmarkt gekauft.,,
A2,Flug,der,uçuş,¨-e,Nomen,Ich möchte einen Flug nach Kanada buchen. Der Flug LH123 von München nach Frankfurt ist um 21:00 Uhr.,,
A2,fotografieren,,fotoğraf çekmek,"fotografiert, hat fotografiert",Verb,Ich fotografiere gern.,,
A2,freiwillig,,"gönüllü olarak, isteyerek",,Sonstiges,Manchmal bleibe ich freiwillig länger im Büro.,,
A2,freuen,,"sevinmek, memnun olmak",(sich),Sonstiges,Zum Geburtstag habe ich ein interessantes Buch bekommen. Ich freue mich sehr über das Geschenk.,,
A2,freut,,sevinmek,hat gefreut,Verb,"Die Kinder freuen sich schon auf die Ferien. Ich freue mich, weil ich heute mit meinen Freunden Fußball spiele. Es/Das f",,
A2,frisch,,taze,,Sonstiges,Das Brot ist noch ganz frisch. Ich habe es gerade gekauft.,,
A2,fühlen (sich),,"hissetmek, kendini hissetmek","fühlt, hat gefühlt",Verb,Wie fühlen Sie sich? Ich fühle mich heute nicht gut.,,
A2,Führerschein,der,ehliyet,-e,Nomen,Hast du den Führerschein? Sie hat die Führerscheinprüfung bestanden.,,
A2,Fundsachen,die,kayıp eşyalar,(Pl.),Nomen,Haben Sie meinen Schirm gefunden? - Sie können dort bei den Fundsachen schauen.,,
A2,furchtbar,,"korkunç, berbat",,Sonstiges,Er hat furchtbare Schmerzen. Die Hose sieht ja furchtbar aus. So kannst du nicht zur Arbeit gehen!,,
A2,Gabel,die,çatal,-n,Nomen,Kann ich bitte eine Gabel haben?,,
A2,ganz,,"tam, bütün, sağlam",,Sonstiges,"Oh nein! Was ist passiert? Ist deine Brille jetzt kaputt? - Nein, zum Glück ist sie noch ganz! Morgen haben wir den ganz",,
A2,Garage,die,garaj,-n,Nomen,Hier ist eine Garage für dein Auto.,,
A2,Geburts- (jahr,,doğum-,"ort, tag), (-e, -e, -e)",Verb,"Das Geburtsjahr Ihres Sohnes, bitte? Bitte tragen Sie Ihren Geburtsort noch ein. Herzlichen Glückwunsch zum Geburtstag!",,
A2,geehrt-,,sayın,,Sonstiges,"Sehr geehrte Damen und Herren,",,
A2,gefährlich,,tehlikeli,,Sonstiges,Du darfst nicht bei Rot über die Straße gehen. Das ist gefährlich.,,
A2,Gegenteil,das,"zıt anlam, karşıt",-e,Nomen,Das Gegenteil von „klein“ ist „groß“.,,
A2,gegenüber,,"karşısında, karşı",,Sonstiges,Die Post ist gegenüber vom Bahnhof. Die Hausnummer 84 ist gleich gegenüber.,,
A2,Gehalt,das,maaş,¨-er,Nomen,Sie ist mit ihrem Gehalt zufrieden.,,
A2,Geldbörse,die,cüzdan,-n,Nomen,Sie hat ihre Geldbörse verloren.,,
A2,genau,,"tam olarak, kesinlikle, doğru",,Sonstiges,"Sind Sie sicher, dass die Prüfung am 15. Juni ist? - Ja, das weiß ich genau. Die Uhr geht genau. Es ist genau acht Uhr.",,
A2,Gerät,das,"cihaz, alet",-e,Nomen,Elektrogeräte finden Sie im dritten Stock.,,
A2,Gericht,das,yemek,-e,Nomen,Mein Lieblingsgericht ist Pizza.,,
A2,Geschirr,das,"bulaşık, tabak çanak",(Sg.),Nomen,Stellst du bitte das Geschirr in den Schrank?,,
A2,Gesicht,das,yüz,-er,Nomen,Wasch dir bitte das Gesicht. Sie hat ein freundliches Gesicht.,,
A2,gesund,,sağlıklı,,Sonstiges,Ich hatte Grippe. Jetzt bin ich wieder gesund.,,
A2,Gesundheit,die,sağlık,(Sg.),Nomen,Gesundheit! Sind Sie erkältet?,,
A2,Gewitter,das,"fırtına, gök gürültülü fırtına",-,Nomen,"Ich glaube, es gibt heute ein Gewitter.",,
A2,Gitarre,die,gitar,-n,Nomen,Er kann gut Gitarre spielen.,,
A2,Grippe,die,grip,(Sg.),Nomen,Ich habe eine Grippe und kann leider nicht kommen.,,
A2,gültig sein,,geçerli olmak,"ist gültig, war gültig, ist gültig gewesen",Verb,Der Pass ist nicht mehr gültig.,,
A2,Hamburger,der,hamburger,-,Nomen,"Einen Hamburger ohne Salat, bitte.",,
A2,Handtuch,das,havlu,¨-er,Nomen,Gibst du mir bitte ein frisches Handtuch?,,
A2,hängen,,"asılı olmak, asmak","hängt, hat gehangen/ gehängt",Verb,Im Museum hängen moderne Bilder. Warum hast du das Bild noch nicht an die Wand gehängt? Das Bild von meiner Tochter hat ,,
A2,hart,,sert,,Sonstiges,Ich finde das Bett zu hart. Die Brötchen sind ja ganz hart.,,
A2,hässlich,,çirkin,,Sonstiges,Ich finde das Kleid hässlich. Es gefällt mir nicht.,,
A2,Hauptstadt,die,başkent,¨-e,Nomen,Berlin ist die Hauptstadt von Deutschland.,,
A2,Haushalt,der,"ev işleri, hane halkı",-e,Nomen,Wer macht bei euch den Haushalt? - Meine Frau und ich machen den Haushalt zusammen: Ich wasche die Wäsche und sie putzt ,,
A2,heiß,,sıcak,,Sonstiges,"Vorsicht, der Tee ist heiß! Mir ist heiß. Kannst du das Fenster öffnen?",,
A2,Heizung,die,"kalorifer, ısıtma",-en,Nomen,Es ist kalt. Ist die Heizung kaputt?,,
A2,Hemd,das,gömlek,-en,Nomen,Nick trägt heute ein neues Hemd.,,
A2,her/her-/-her,,"buraya, bu yana",,Sonstiges,Komm bitte mal her! Herein! Die Tür ist offen. Woher kommen Sie?,,
A2,heraus/raus,,dışarı,,Sonstiges,Möchtet ihr nicht rauskommen? Das Wetter ist so schön. Kannst du bitte den Müll rausbringen?,,
A2,herein/rein,,içeri,,Sonstiges,Herein! Die Tür ist offen. Möchtest du nicht reinkommen? Ich kann uns einen Tee machen.,,
A2,herstellen,,üretmek,"stellt her, hat hergestellt",Verb,In unserer Firma stellen wir Möbel her.,,
A2,herunterladen,,indirmek,"lädt herunter, hat heruntergeladen",Verb,Er lädt die Musik aus dem Internet herunter.,,
A2,Himmel,der,gökyüzü,(Sg.),Nomen,Heute ist so tolles Wetter: Der Himmel ist blau und es gibt keine Wolken.,,
A2,hin/hin-/-hin,,"oraya, o yöne",,Sonstiges,Wo gehst du hin?/Wohin gehst du? Wohin ist Paul gegangen? – Ich glaube dorthin. Er geht in den Garten hinaus. Wir gehen ,,
A2,hinter,,arkasında,,Sonstiges,Hinter dem Haus haben wir einen Garten.,,
A2,Homepage,die,"web sitesi, ana sayfa",-s,Nomen,Auf der Homepage von Freiburg gibt es alle wichtigen Informationen über die Stadt. Kennst du eine Homepage mit Deutschüb,,
A2,Hose,die,pantolon,-n,Nomen,Kann ich die Hose waschen?,,
A2,husten,,öksürmek,"hustet, hat gehustet",Verb,Sie hustet seit zwei Tagen. Sie ist krank.,,
A2,informieren (sich) (über),,"bilgi almak, bilgilendirmek","informiert, hat informiert",Verb,Ich möchte mich vor der Reise über das Land informieren. Hast du dich über die Prüfung informiert?,,
A2,Instrument,das,"enstrüman, çalgı",-e,Nomen,Ich spiele Klavier. Spielen Sie auch ein Instrument?,,
A2,intelligent,,"zeki, akıllı",,Sonstiges,Einstein war sehr intelligent.,,
A2,Interesse,das,ilgi,-n,Nomen,"Ich habe viele Interessen: Sport, Lesen, Kultur, Reisen.",,
A2,interessieren (sich),,ilgilenmek,"interessiert, hat interessiert interessant",Verb,Ich interessiere mich für Fußball. Den Artikel über Brasilien finde ich sehr interessant. Ich lese gerade ein interessan,,
A2,Interview,das,röportaj,-s,Nomen,Komm schnell! Im Radio kommt ein Interview mit deinem Lieblingssänger.,,
A2,jemand,,"biri, birisi",,Sonstiges,"Hat jemand meinen Stift? Hallo, ist jemand da?",,
A2,joggen,,koşu yapmak,"joggt, ist/hat gejoggt",Verb,Ich jogge gern im Park.,,
A2,Jugendherberge,die,gençlik yurdu,-n,Nomen,Wir übernachten in einer Jugendherberge.,,
A2,der/die Jugendliche,,genç,-n,Sonstiges,Viele Jugendliche hören den ganzen Tag Musik. Der Eintritt für Kinder und Jugendliche bis 16 Jahre ist frei.,,
A2,Kalender,der,takvim,-,Nomen,"Haben Sie am Montag Zeit? - Einen Moment, ich schaue in meinem Kalender. Ich schreibe alle Termine in meinen Kalender.",,
A2,Kaufhaus,das,"mağaza, alışveriş merkezi",-¨er,Nomen,Meine Pullover kaufe ich immer im Kaufhaus Hertie.,,
A2,Keller,der,bodrum,-,Nomen,Bitte bring die Kartoffeln in den Keller! Die Waschmaschinen sind im Keller.,,
A2,Kenntnisse,die,"bilgi birikimi, bilgi",(Pl.),Nomen,Deine Deutschkenntnisse sind sehr gut! Ich möchte meine Computerkenntnisse verbessern.,,
A2,Kette,die,"kolye, zincir",-n,Nomen,Meine Mutter bekommt eine schöne Kette zum Geburtstag.,,
A2,Kirche,die,kilise,-n,Nomen,Diese Kirche ist fast 800 Jahre alt.,,
A2,klappen,,"yolunda gitmek, işe yaramak","klappt, hat geklappt",Verb,"Können wir uns heute Mittag treffen? – Ja, das klappt. Wie war die Reise? - Gut, es hat alles super geklappt.",,
A2,klug,,"akıllı, zeki",,Sonstiges,Molly ist ein kluges Mädchen. Lisa ist sehr klug. Sie bekommt immer gute Noten. Das ist klug von dir.,,
A2,komisch,,"komik, garip, tuhaf",,Sonstiges,Der Film war sehr komisch. Wir haben viel gelacht. Eine grüne Hose und gelbe Schuhe? Das sieht komisch aus. Das Essen sc,,
A2,Kontakt,der,"iletişim, bağlantı",-e,Nomen,Ich habe wenig Kontakt zu meinen Kollegen. Bitte schicken Sie mir Ihre Kontaktdaten!,,
A2,kontrollieren,,kontrol etmek,"kontrolliert, hat kontrolliert",Verb,"Können Sie bei meinem Auto bitte das Öl kontrollieren? Bitte öffnen Sie Ihren Koffer, wir müssen Ihr Gepäck kontrolliere",,
A2,Konzert,das,konser,-e,Nomen,Für das Konzert am Sonntag gibt es noch Karten.,,
A2,Körper,der,"vücut, beden",-,Nomen,"Der Arzt sagt, ich muss etwas für meinen Körper tun, z. B. schwimmen oder Fahrrad fahren.",,
A2,Kosmetik,die,kozmetik,(Sg.),Nomen,Kosmetik können Sie im Erdgeschoss kaufen.,,
A2,kostenlos,,"ücretsiz, bedava",,Sonstiges,Diese Zeitschrift kostet nichts. Sie ist kostenlos.,,
A2,Krankenkasse,die,sağlık sigortası,-n,Nomen,Bei welcher Krankenkasse sind Sie?,,
A2,Krankheit,die,hastalık,-en,Nomen,Welche Krankheit hat Herr Brandner?,,
A2,Kredit,der,kredi,-e,Nomen,Ich brauche einen Kredit von der Bank. Bezahlen Sie mit Kreditkarte?,,
A2,Kreuzung,die,kavşak,-en,Nomen,Fahren Sie an der nächsten Kreuzung rechts.,,
A2,Krimi,der,polisiye,-s,Nomen,"Miriam liest gern spannende Krimis. Schauen wir am Sonntag zusammen den Tatort? – Nein, ich mag keine Krimis.",,
A2,kühl,,serin,,Sonstiges,Es ist kühl draußen. Zieh dir eine Jacke an.,,
A2,Kultur,die,kültür,-en,Nomen,Ich finde fremde Länder und Kulturen sehr interessant. Jana interessiert sich sehr für Kultur. Sie geht jede Woche ins T,,
A2,kümmern (sich),,"ilgilenmek, bakmak","kümmert, hat gekümmert",Verb,Sonja kann nicht arbeiten. Sie muss sich um ihre Tochter kümmern. Ich habe jetzt keine Zeit. Ich muss mich um das Essen ,,
A2,kündigen,,"istifa etmek, feshetmek","kündigt, hat gekündigt",Verb,Meine Arbeit gefällt mir nicht mehr. Ich habe heute gekündigt.,,
A2,Kunst,die,sanat,¨-e,Nomen,Ich verstehe nichts von moderner Kunst. Kunst war mein Lieblingsfach in der Schule.,,
A2,Landschaft,die,"manzara, doğa",-en,Nomen,Die Landschaft ist sehr schön.,,
A2,der/das Laptop,,dizüstü bilgisayar,-s,Sonstiges,Ich brauche einen neuen Laptop.,,
A2,Lebensmittel,die,"gıda, yiyecek maddeleri",(Pl.),Nomen,Lebensmittel bekommen Sie im Supermarkt.,,
A2,leer,,boş,,Sonstiges,Die Kanne ist fast leer. Ich mache neuen Tee.,,
A2,leidtun/leid tun,,üzülmek,"tut leid, hat leidgetan",Verb,"Es tut mir leid, dass ich nicht kommen kann.",,
A2,leihen,,"ödünç vermek, ödünç almak","leiht, hat geliehen",Verb,Kannst du mir fünf Euro leihen?,,
A2,liefern,,teslim etmek,"liefert, hat geliefert",Verb,Wir liefern Ihnen den Schrank nach Hause.,,
A2,Link,der,"bağlantı, link",-s,Nomen,Ich schicke dir einen Link zu Deutschübungen.,,
A2,Löffel,der,kaşık,-,Nomen,Bitte bringen Sie mir einen Löffel.,,
A2,Lüge,die,yalan,-n,Nomen,Das stimmt nicht! Das ist eine Lüge!,,
A2,lügen,,yalan söylemek,"lügt, hat gelogen",Verb,"Du sollst nicht lügen. Glaub ihm nicht, er lügt.",,
A2,Magen,der,mide,¨-,Nomen,Mit tut der Magen weh. Ich habe Magenschmerzen.,,
A2,Mailbox,die,"sesli mesaj kutusu, telesekreter",-en,Nomen,Hier ist die Mailbox von Susanne König. Ich habe dir auf die Mailbox gesprochen.,,
A2,mal / das Mal,,"kez, defa; hadi (pekiştirme sözcüğü)",,Sonstiges,"Sag mal, wie gefällt dir mein neues Kleid? Das erste Mal war ich vor fünf Jahren in England. Tschüss, bis zum nächsten M",,
A2,malen,,"resim yapmak, boyamak","malt, hat gemalt",Verb,Mein Sohn kann gut malen.,,
A2,manch-,,"bazı, kimi",,Sonstiges,Manche Nachbarn sind unfreundlich.,,
A2,Mannschaft,die,takım,-en,Nomen,Meine Lieblingsmannschaft hat 1:0 verloren.,,
A2,Medikament,das,ilaç,-e,Nomen,Nehmen Sie dieses Medikament dreimal pro Tag!,,
A2,meinen,,"demek istemek, kastetmek, düşünmek","meint, hat gemeint",Verb,Wie meinst du das? Erklär mir das bitte genauer! Der Film ist gut. Was meinst du?,,
A2,Meinung,die,"fikir, görüş, düşünce",-en,Nomen,Meine Meinung zu dem Thema ist: … Was ist deine Meinung dazu? Ich habe meine Meinung geändert.,,
A2,meistens,,"çoğunlukla, genellikle",,Sonstiges,Meistens trinke ich zum Frühstück nur einen Kaffee.,,
A2,Menge,die,"miktar, çokluk; kalabalık",-n,Nomen,Wir haben noch eine Menge Zeit. Ich kenne eine Menge Leute in dieser Stadt.,,
A2,merken,,"fark etmek; aklında tutmak, hatırlamak","merkt, hat gemerkt",Verb,"Ich kann mir keine Zahlen merken. Ich vergesse sie sofort. Merkst du, dass es wärmer wird?",,
A2,Messe,die,fuar,-n,Nomen,Kommst du mit zur Buchmesse nach Frankfurt?,,
A2,Messer,das,bıçak,-,Nomen,Das Messer schneidet nicht gut. Ich habe nur ein Messer. Kannst du mir bitte noch eine Gabel bringen?,,
A2,Mitarbeiter,der,"çalışan, personel",-,Nomen,Unsere Firma hat sieben Mitarbeiter.,,
A2,Mittagessen,das,öğle yemeği,-,Nomen,Um zwölf Uhr gibt es Mittagessen.,,
A2,Mittel,das,"çare, ilaç; araç",-,Nomen,Haben Sie ein Mittel gegen Magenschmerzen? Das neue Waschmittel ist sehr gut.,,
A2,Mobiltelefon,das,cep telefonu,-e,Nomen,Wie kann ich Sie erreichen? Haben Sie ein Mobiltelefon?,,
A2,Mode,die,moda,-n,Nomen,Wie findest du die neue Mode?,,
A2,modern,,modern,,Sonstiges,Das Stadtzentrum von Frankfurt ist sehr modern.,,
A2,Motor,der,motor,-en,Nomen,Der Motor ist kaputt. Das Auto fährt nicht mehr.,,
A2,Motorroller,der,"moped, skuter",-,Nomen,Oskar fährt mit dem Motorroller zur Arbeit.,,
A2,Müll,der,çöp,(Sg.),Nomen,"Bringst du bitte den Müll raus? Kann ich die Zeitungen wegwerfen? - Ja, sie sind alt. Bring/Wirf sie bitte in den Müll!",,
A2,Museum,das,müze,-een,Nomen,Im Kunstmuseum gibt es eine neue Ausstellung.,,
A2,Mütze,die,"bere, kasket",-n,Nomen,Haben Sie rote Mützen?,,
A2,Nachbar,der,komşu,"-n, die Nachbarin,-nen",Nomen,Mein Nachbar kommt aus Brasilien und meine Nachbarin ist Italienerin. Die neuen Nachbarn sind sehr nett.,,
A2,Nähe,die,"yakın yer, civar",(Sg.),Nomen,Die Post ist in der Nähe vom Bahnhof.,,
A2,nass,,ıslak,,Sonstiges,Geh nicht mit den nassen Schuhen ins Wohnzimmer! Du bist ja ganz nass. Hast du den Regenschirm vergessen?,,
A2,Natur,die,doğa,(Sg.),Nomen,Ich bin gern draußen in der Natur.,,
A2,natürlich,,"doğal olarak; tabii, elbette",,Sonstiges,Natürlich helfen wir dir. Kommst du zu meiner Party? – Natürlich.,,
A2,neben,,"yanında, yanına",,Sonstiges,Neben mir ist noch ein Platz frei. Die Apotheke ist neben der Post.,,
A2,nebenan,,"yan tarafta, bitişikte",,Sonstiges,Das ist José. Er wohnt nebenan.,,
A2,neblig,,sisli,,Sonstiges,Fahr vorsichtig! Es ist neblig.,,
A2,nennen,,"adlandırmak, çağırmak","nennt, hat genannt",Verb,"Mein Freund heißt Alexander, aber alle nennen ihn Alex.",,
A2,nervös,,"gergin, sinirli",,Sonstiges,Bei Prüfungen bin ich immer sehr nervös.,,
A2,nirgends,,hiçbir yerde,,Sonstiges,Hier kann man nirgends parken. Wo ist Stefan? Ich kann ihn nirgends sehen.,,
A2,notieren,,"not almak, kaydetmek","notiert, hat notiert",Verb,Notieren Sie bitte alle wichtigen Informationen.,,
A2,Notiz,die,not,-en,Nomen,Schreib mir bitte eine Notiz. Haben Sie einen Notizzettel für mich?,,
A2,notwendig,,gerekli,,Sonstiges,"Muss ich noch einmal kommen? – Nein, das ist nicht notwendig.",,
A2,Nudel,die,"makarna, erişte",-n,Nomen,"Möchten Sie lieber Reis oder Nudeln? – Lieber Nudeln, bitte.",,
A2,nützlich,,"yararlı, faydalı",,Sonstiges,Danke für den Tipp. Er war sehr nützlich.,,
A2,Ohr,das,kulak,-en,Nomen,Ich habe Ohrenschmerzen.,,
A2,online,,çevrimiçi,,Sonstiges,Wann bist du wieder online? Ich habe hier kein Internet. Ich bin erst heute Abend wieder online. Sie können das Geld auc,,
A2,Orange,die,portakal,-n,Nomen,Ich esse gern Orangen.,,
A2,organisieren,,"organize etmek, düzenlemek","organisiert, hat organisiert",Verb,Frau Gomez organisiert unseren Ausflug. Hast du schon alles für deinen Urlaub organisiert?,,
A2,Paar,das,çift,-e,Nomen,Romeo und Julia sind ein Paar. Ich brauche ein Paar Schuhe.,,
A2,ein paar,,birkaç,,Sonstiges,Wir fahren ein paar Tage ans Meer. Hast du ein paar Minuten Zeit?,,
A2,packen,,"paketlemek, (bavul) toplamak","packt, hat gepackt",Verb,Ich muss noch meinen Koffer packen.,,
A2,Parfüm,das,parfüm,-s,Nomen,Ich suche ein Parfum als Geschenk für meine Frau.,,
A2,parken,,park etmek,"parkt, hat geparkt",Verb,Darf ich hier parken? Hier ist Parken verboten.,,
A2,passen,,"uymak, uygun olmak","passt, hat gepasst",Verb,Die Bluse passt mir nicht. Welches Wort passt? Wählen Sie.,,
A2,Passwort,das,"şifre, parola",¨-er,Nomen,Bitte schreiben Sie Ihr Passwort. Sie brauchen ein Passwort. Ich habe mein Passwort vergessen.,,
A2,Person,die,"kişi, şahıs",-en,Nomen,Eintritt pro Person: 5 Euro.,,
A2,Pflanze,die,bitki,-n,Nomen,Können Sie sich bitte um unsere Pflanzen kümmern? Wir sind nächste Woche im Urlaub.,,
A2,Plakat,das,"afiş, poster",-e,Nomen,Wir machen im Unterricht ein Plakat zum Thema „Essen und Trinken“.,,
A2,planen,,planlamak,"plant, hat geplant",Verb,Wir sollen zusammen eine Klassenparty planen. Morgen schwimmen ... ist ein guter Plan.,,
A2,plötzlich,,"aniden, birdenbire",,Sonstiges,Plötzlich war das Licht aus.,,
A2,Pommes frites (Pl.),die,patates kızartması,,Nomen,Die Kinder essen Bratwurst mit Pommes frites.,,
A2,Portion,die,porsiyon,-en,Nomen,Ich nehme eine kleine Portion Eis.,,
A2,praktisch,,"pratik, kullanışlı",,Sonstiges,Mit meinem neuen Handy kann ich auch im Internet surfen und Fotos machen. Das finde ich sehr praktisch.,,
A2,preiswert,,"uygun fiyatlı, ucuz",,Sonstiges,Die Jacke ist sehr preiswert. Sie kostet nur 15 Euro.,,
A2,privat,,özel,,Sonstiges,Das ist meine Nummer im Büro und das ist meine private Handynummer. Dieser Strand ist privat. Wir dürfen hier nicht schw,,
A2,pro,,"başına, her biri için",,Sonstiges,Das Zimmer kostet 100 Euro pro Nacht.,,
A2,probieren,,"denemek, tatmak","probiert, hat probiert",Verb,Möchten Sie den Käse probieren? Die Tür geht schwer auf. Probier mal!,,
A2,Produkt,das,ürün,-e,Nomen,Unsere Produkte haben eine sehr hohe Qualität.,,
A2,Programm,das,program,-e,Nomen,Dieses Programm im Radio interessiert mich nicht. Was kommt heute im Kino? Hast du das Programm hier?,,
A2,Projekt,das,proje,-e,Nomen,Wir machen ein Projekt über Sehenswürdigkeiten in unserer Stadt.,,
A2,prüfen,,"kontrol etmek, incelemek","prüft, hat geprüft",Verb,Bitte prüfen Sie die Rechnung sofort.,,
A2,putzen,,temizlemek,"putzt, hat geputzt",Verb,Ich muss heute noch das Bad putzen.,,
A2,Qualität,die,kalite,-en,Nomen,Dieser Fernseher hat eine gute Qualität. Ich finde die Qualität wichtiger als den Preis.,,
A2,Rathaus,das,"belediye binası, belediye",¨-er,Nomen,Das Formular bekommen Sie im Rathaus. Sie müssen sich im Rathaus anmelden.,,
A2,rechnen,,hesaplamak,"rechnet, hat gerechnet",Verb,Sarah kann gut rechnen.,,
A2,reden,,konuşmak,"redet, hat geredet",Verb,Mit meiner Freundin kann ich über alles reden. Rede nicht so viel!,,
A2,reich,,zengin,,Sonstiges,Lotte ist reich. Sie hat sehr viel Geld.,,
A2,Reifen,der,lastik,-,Nomen,Ich brauche neue Reifen für mein Auto.,,
A2,Reihe,die,sıra,-n,Nomen,Ich habe Karten für das Konzert. Wir sitzen in der dritten Reihe. Wer ist jetzt an der Reihe?,,
A2,Reinigung,die,kuru temizleme; temizlik,-en,Nomen,Bringst du bitte die Bluse in die Reinigung? Man darf sie nicht in der Waschmaschine waschen.,,
A2,renovieren,,"yenilemek, tadilat yapmak","renoviert, hat renoviert",Verb,Wir renovieren das ganze Haus.,,
A2,Rentner,der,emekli,"- / die Rentnerin, -nen",Nomen,Mein Onkel arbeitet nicht mehr. Er ist Rentner.,,
A2,reservieren,,"rezervasyon yapmak, ayırtmak","reserviert, reservierte, hat reserviert",Verb,Reservieren Sie bitte ein Doppelzimmer. Ich möchte gern einen Tisch für fünf Personen reservieren.,,
A2,Rest,der,"geri kalan, kalan kısım, artık",-e,Nomen,Hier sind 50 Euro. Den Rest gebe ich dir später. Es ist noch ein Rest Suppe da. Möchtest du noch?,,
A2,Rezept,das,tarif; reçete,-e,Nomen,Dieser Kuchen schmeckt super! Kannst du mir bitte das Rezept geben? Dieses Medikament gibt es nur auf Rezept.,,
A2,Rind,das,"sığır, sığır eti",,Nomen,Ich esse nur Fleisch vom Rind.,,
A2,Rock,der,etek,¨-e,Nomen,Der Rock ist zu eng.,,
A2,romantisch,,romantik,,Sonstiges,Dieser Film ist sehr romantisch. Meine Freundin ist total romantisch.,,
A2,Rose,die,gül,-n,Nomen,Er schenkt seiner Freundin rote Rosen zum Geburtstag.,,
A2,Rücken,der,sırt,-,Nomen,Mein Rücken tut mir weh.,,
A2,rufen,,"çağırmak, seslenmek","ruft, hat gerufen",Verb,Rufst du bitte die Kinder. Das Essen ist fertig. Wir müssen einen Arzt rufen.,,
A2,Ruhe,die,"sessizlik, huzur, dinlenme",(Sg.),Nomen,"Ruhe, bitte! Hier in der Bibliothek darf man nicht laut sprechen. Meine Großmutter ist krank. Sie braucht viel Ruhe.",,
A2,rund,,yuvarlak; yaklaşık,,Sonstiges,Unser Wohnzimmertisch ist rund. Bis Berlin sind es noch rund 80 Kilometer.,,
A2,Rundgang,der,"tur, gezinti",¨-e,Nomen,Der Rundgang durch das Schloss beginnt in wenigen Minuten.,,
A2,sammeln,,"toplamak, biriktirmek","sammelt, hat gesammelt",Verb,Peter sammelt Briefmarken. Im Herbst sammeln wir im Wald bunte Blätter.,,
A2,Satz,der,cümle,¨-e,Nomen,Den letzten Satz verstehe ich nicht.,,
A2,sauber,,temiz,,Sonstiges,Bringen Sie mir bitte ein sauberes Glas!,,
A2,sauer,,"ekşi; kızgın, sinirli",,Sonstiges,Zitronen sind mir zu sauer. Was ist los? – Ich bin sauer. Ich muss am Wochenende zu Hause bleiben und darf nicht mit mei,,
A2,schädlich,,zararlı,,Sonstiges,Rauchen ist schädlich für die Gesundheit.,,
A2,schaffen,,"başarmak, becermek","schafft, hat geschafft",Verb,Kannst du mir bitte helfen? Ich schaffe das nicht alleine. Geschafft! Das Projekt ist endlich fertig.,,
A2,scharf,,acı (baharatlı); keskin,,Sonstiges,Die Suppe ist mir zu scharf. Pass auf! Das Messer ist sehr scharf.,,
A2,Schere,die,makas,-n,Nomen,Die Schere schneidet nicht gut. Hast du eine andere?,,
A2,schimpfen,,"yakınmak, söylenmek; azarlamak","schimpft, hat geschimpft",Verb,Warum schimpfst du denn so laut? – Ich ärgere mich über mein Auto. Alle schimpfen über/auf das Wetter.,,
A2,Schirm,der,şemsiye,,Nomen,"Nimm den Schirm mit, es regnet.",,
A2,Schlafzimmer,das,yatak odası,,Nomen,- Hier ist das Schlafzimmer.,,
A2,schlimm,,"kötü, ciddi",,Sonstiges,"Kein Problem, das ist nicht so schlimm.",,
A2,Schloss,das,"şato, kale; kilit",¨-er,Nomen,Am Wochenende besichtigen wir Schloss Neuschwanstein. An unserer Tür ist das Schloss kaputt.,,
A2,schmutzig,,kirli,,Sonstiges,Das Handtuch ist schmutzig.,,
A2,Schnee,der,kar,(Sg.),Nomen,In den Bergen liegt viel Schnee.,,
A2,schneiden (sich),,kesmek; kendini kesmek,"schneidet, hat geschnitten",Verb,Das Messer schneidet nicht gut. Wer schneidet dir die Haare? Aua! Ich habe mich geschnitten!,,
A2,schneien,,kar yağmak,"schneit, hat geschneit",Verb,Heute Nacht hat es geschneit.,,
A2,schrecklich,,"korkunç, berbat",,Sonstiges,Ich finde ihren Rock schrecklich. Er sieht furchtbar aus! Ich finde den Film schrecklich. Er macht mir Angst.,,
A2,schriftlich,,yazılı,,Sonstiges,Sie müssen sich schriftlich anmelden. Die schriftliche Prüfung dauert 70 Minuten.,,
A2,schwach,,"zayıf, güçsüz",,Sonstiges,Er ist krank und schwach. Ich fühle mich sehr schwach. Die Tabletten sind zu schwach. Sie helfen nicht.,,
A2,schwanger,,hamile,,Sonstiges,Lena ist schwanger. Sie bekommt im Juli ein Kind.,,
A2,Schwein,das,domuz,-e,Nomen,Ich esse kein Schweinefleisch.,,
A2,schwierig,,zor,,Sonstiges,Die Prüfung war nicht schwierig.,,
A2,See,die,deniz,(Sg),Nomen,Die See ist heute ruhig. Wir machen Urlaub an der Nordsee.,,
A2,Seife,die,sabun,-n,Nomen,Hier gibt es keine Seife.,,
A2,selbst,,"kendisi, kendi",,Sonstiges,"Du musst mir nicht helfen, ich mache das selbst.",,
A2,Sendung,die,"yayın, program",-en,Nomen,Welche Sendungen schaust du gern an? – Ich mag Sportsendungen. Diese Sendung ist nicht für Jugendliche unter 18 Jahren.,,
A2,Service,der,"hizmet, servis",(Sg.),Nomen,Ich bin mit dem Service in der Werkstatt sehr zufrieden. Rufst du beim Pizza-Service an?,,
A2,setzen (sich),,"oturmak, kendini oturtmak","setzt, hat gesetzt",Verb,Setz dich doch!,,
A2,singen,,şarkı söylemek,"singt, hat gesungen",Verb,"1. Ich singe gern. 2. Ich kann heute nicht singen, ich bin erkältet.",,
A2,Situation,die,durum,-en,Nomen,"Ich bin in einer schwierigen Situation. Ich weiß nicht, was ich tun soll. Lesen Sie die Anzeigen und die Aufgaben 11-15.",,
A2,Ski,der,kayak,"-, -er",Nomen,Gehen wir am Wochenende Ski fahren? Er kauft sich neue Ski.,,
A2,sogar,,hatta,,Sonstiges,Heute ist es sehr kalt. In den Bergen schneit es sogar. Zu meiner Hochzeit kommen viele Gäste. Sogar meine Tante aus Kan,,
A2,sonnig,,güneşli,,Sonstiges,Morgen ist das Wetter wieder warm und sonnig.,,
A2,sonst,,"yoksa, aksi takdirde",,Sonstiges,"Haben Sie sonst noch einen Wunsch? – Nein danke, das ist alles. Beeil dich, sonst kommen wir zu spät!",,
A2,spannend,,"heyecanlı, gerilimli",,Sonstiges,Ich finde den Film sehr spannend.,,
A2,sparen,,"tasarruf etmek, biriktirmek","spart, hat gespart",Verb,Ein neues Auto ist sehr teuer. Ich muss sparen.,,
A2,Spaziergang,der,yürüyüş,¨-e,Nomen,Abends mache ich immer einen Spaziergang.,,
A2,speichern,,kaydetmek,"speichert, hat gespeichert",Verb,Sie müssen die Datei speichern.,,
A2,sportlich,,sportif,,Sonstiges,Tom ist sehr sportlich.,,
A2,Sportplatz,der,spor sahası,¨-e,Nomen,Das Fußballtraining ist um 17 Uhr auf dem Sportplatz.,,
A2,Sprechstunde,die,"muayene saati, görüşme saati",-n,Nomen,Frau Doktor Weiß hat von 9:00 bis 12:30 Uhr Sprechstunde.,,
A2,Stadtplan,der,"şehir planı, şehir haritası",¨-e,Nomen,Haben Sie einen Stadtplan von Salzburg?,,
A2,Star,der,"yıldız, ünlü",-s,Nomen,Diese Sängerin ist ein Star in Deutschland.,,
A2,stark,,"güçlü, kuvvetli, şiddetli",,Sonstiges,Ich habe starke Kopfschmerzen. Es regnet stark. Der Kaffee ist sehr stark.,,
A2,stattfinden,,"gerçekleşmek, yapılmak","findet statt, hat stattgefunden",Verb,Das Spiel findet auch bei Regen statt.,,
A2,sterben,,ölmek,"stirbt, ist gestorben",Verb,Herr Müller kommt heute nicht. Sein Vater ist gestern gestorben.,,
A2,Stiefel,der,çizme,-,Nomen,Wie viel kosten die roten Stiefel?,,
A2,Stift,der,kalem,-e,Nomen,Kannst du mir bitte einen Stift geben? - Was brauchst du? Einen Farbstift oder einen Bleistift oder einen Kugelschreiber,,
A2,Stipendium,das,burs,-en,Nomen,"Wenn ich ein gutes Zeugnis habe, bekomme ich ein Stipendium.",,
A2,Stockwerk,das,kat,-e,Nomen,Das Gebäude hat zwanzig Stockwerke.,,
A2,stören,,rahatsız etmek,"stört, hat gestört",Verb,Störe ich? Darf ich Sie kurz stören? Mach die Musik leiser! Sie stört mich.,,
A2,streiten (sich),,"tartışmak, kavga etmek","streitet, hat gestritten",Verb,Die Kinder streiten (sich) oft.,,
A2,streng,,"sert, katı",,Sonstiges,Der Lehrer von meiner Tochter ist sehr streng.,,
A2,Stress,der,stres,(Sg.),Nomen,Ich habe bei der Arbeit viel Stress.,,
A2,stressig,,"stresli, yorucu",,Sonstiges,Meine Arbeit ist stressig.,,
A2,Stuhl,der,sandalye,¨-e,Nomen,Da hinten ist noch ein Stuhl frei.,,
A2,super,,"harika, süper",,Sonstiges,Der Film ist super. Er kann super tanzen.,,
A2,surfen,,"sörf yapmak, internette gezinmek","surft, hat/ist gesurft",Verb,Ich möchte gern surfen lernen. Surfst du oft im Internet?,,
A2,Tablet,das,tablet,-s,Nomen,"Hast du ein Tablet? - Nein, ich habe einen Laptop und ein Handy.",,
A2,Tablette,die,hap,-n,Nomen,Du sollst am Abend zwei Tabletten nehmen.,,
A2,Tafel,die,"tahta, levha",-n (z. B. Infotafel),Nomen,Der Lehrer schreibt das neue Wort an die Tafel. Am Eingang gibt es Tafeln mit Informationen. Die Infotafel ist am Eingan,,
A2,(aus)tauschen,,"değiştirmek, değiş tokuş etmek","tauscht (aus), hat (aus)getauscht",Verb,Können wir bitte die Plätze tauschen? Können wir unsere Adressen austauschen?,,
A2,Team,das,"takım, ekip",-s,Nomen,Ich arbeite gern in einem Team. Welches Fußballteam findest du am besten?,,
A2,teilen,,"paylaşmak, bölmek",teilt hat geteilt,Sonstiges,Wollen wir die Pizza teilen? Mein Mann und ich teilen uns die Arbeit.,,
A2,teilnehmen,,katılmak,"nimmt teil, hat teilgenommen",Verb,Ich möchte an dem Tanzkurs teilnehmen.,,
A2,Teller,der,tabak,-,Nomen,Stell die Teller bitte auf den Tisch! Möchtest du noch einen Teller Suppe?,,
A2,Tennis,das,tenis,(Sg.),Nomen,Steffi spielt sehr gut Tennis.,,
A2,tief,,derin,,Sonstiges,"Vorsicht, das Wasser ist tief!",,
A2,Tipp,der,"tavsiye, ipucu",-s,Nomen,Kannst du mir einen guten Tipp geben?,,
A2,Titel,der,"başlık, unvan",-,Nomen,Wie heißt der Film? - Ich weiß den Titel nicht mehr.,,
A2,Topf,der,tencere,¨-e,Nomen,Hast du keinen größeren Topf? Ich möchte Kartoffeln kochen.,,
A2,Torte,die,"pasta, turta",-n,Nomen,Zum Geburtstag backe ich dir eine Torte.,,
A2,total,,"tamamen, son derece",,Sonstiges,Der Film ist total langweilig.,,
A2,Tour,die,"tur, gezi",-en,Nomen,Wo kann ich eine Stadttour buchen? Wir gehen am Wochenende wandern. Ich kenne eine schöne Tour in den Bergen.,,
A2,Tourist,der,turist,"-en, die Touristin, -nen",Nomen,Im Sommer kommen viele Touristen in diese Stadt.,,
A2,trainieren,,"antrenman yapmak, çalışmak","trainiert, hat trainiert",Verb,Wir trainieren einmal pro Woche im Sportverein.,,
A2,Training,das,antrenman,-s,Nomen,Das Training ist immer dienstags. Ich gehe jede Woche zum Training.,,
A2,Traum,der,"hayal, rüya",¨-e,Nomen,"Ich möchte eine eigene Firma, das ist mein Traum.",,
A2,träumen,,"hayal kurmak, rüya görmek","träumt, hat geträumt",Verb,Ich habe schlecht geträumt. Ich träume von einem großen Haus mit Garten.,,
A2,trifft,,"buluşmak, karşılaşmak",hat getroffen,Verb,Wir treffen uns immer freitags.,,
A2,trocken,,kuru,,Sonstiges,Die Wäsche ist bald trocken.,,
A2,tschüs,,"hoşça kal, güle güle",,Sonstiges,"Tschüs, bis morgen!",,
A2,typisch,,tipik,,Sonstiges,"Diese Musik ist typisch für dieses Land. Typisch Anna, sie kommt natürlich wieder zu spät.",,
A2,übermorgen,,"öbür gün, yarından sonraki gün",,Sonstiges,Morgen habe ich frei. Ich komme übermorgen wieder ins Büro.,,
A2,übersetzen,,"tercüme etmek, çevirmek","übersetzt, hat übersetzt",Verb,Können Sie mir den Brief bitte übersetzen?,,
A2,Übersetzung,die,"tercüme, çeviri",-en,Nomen,Ich brauche eine Übersetzung von meinem Zeugnis.,,
A2,umsteigen,,aktarma yapmak,"steigt um, ist umgestiegen",Verb,Sie müssen in Mannheim umsteigen.,,
A2,sich umziehen,,"üstünü değiştirmek, kıyafet değiştirmek","zieht sich um, zog sich um, hat sich umgezogen",Verb,"Warte bitte, ich muss mich noch umziehen.",,
A2,Umzug,der,taşınma,¨-e,Nomen,Der Umzug ist nächste Woche.,,
A2,unbedingt,,"mutlaka, kesinlikle",,Sonstiges,Ich muss unbedingt mit dir sprechen.,,
A2,Unfall,der,kaza,¨-e,Nomen,Ich hatte gestern einen Unfall. Wie ist der Unfall passiert?,,
A2,Universität,die,üniversite,-en,Nomen,Er studiert an der Universität Freiburg.,,
A2,unterhalten (sich),,"sohbet etmek, konuşmak","unterhält, hat unterhalten",Verb,Andreas und Nessrin unterhalten sich. Wir haben uns über das Fußballspiel unterhalten.,,
A2,Unterkunft,die,"konaklama yeri, kalacak yer",¨-e,Nomen,Ich suche noch eine Unterkunft in Basel. Kennst du ein günstiges Hotel?,,
A2,unternehmen,,"bir şey yapmak, girişimde bulunmak","unternimmt, hat unternommen",Verb,Wollen wir heute Abend etwas unternehmen?,,
A2,Unterschied,der,fark,-e,Nomen,Was ist der Unterschied zwischen den beiden Kursen? - Die Kurse sind gleich. Es gibt keinen Unterschied.,,
A2,untersuchen,,"muayene etmek, incelemek","untersucht, hat untersucht",Verb,Der Arzt hat mich untersucht. Der Arzt muss dein Bein untersuchen.,,
A2,unterwegs sein,,yolda olmak,"ist unterwegs, war unterwegs, ist unterwegs gewesen",Verb,Warte bitte auf mich. Ich bin unterwegs und komme gleich.,,
A2,verabredet sein,,"sözleşmiş olmak, buluşacak olmak","ist verabredet, war verabredet, ist verabredet gewesen",Verb,Ich bin mit meiner Freundin verabredet.,,
A2,Veranstaltung,die,etkinlik,-en,Nomen,Am Samstag ist unser Restaurant geschlossen. Wir haben eine Veranstaltung.,,
A2,verbieten / verboten sein,,"yasaklamak, yasak olmak",,Sonstiges,Hier ist Rauchen verboten.,,
A2,vereinbaren,,"kararlaştırmak, anlaşmak","vereinbart, hat vereinbart",Verb,Können wir einen Termin vereinbaren?,,
A2,vergleichen,,karşılaştırmak,"vergleicht, hat verglichen",Verb,Vergleichen Sie die Angebote! Können wir die Antworten vergleichen?,,
A2,Verkehr,der,trafik,(Sg.),Nomen,Morgens gibt es hier immer viel Verkehr.,,
A2,Verkehrsmittel,das,ulaşım aracı,-,Nomen,Welche Verkehrsmittel benutzen Sie oft?,,
A2,verletzen (sich),,"yaralamak, yaralanmak","verletzt, hat verletzt",Verb,"Sind Sie verletzt? – Ja, am Bein. Haben Sie sich verletzt?",,
A2,verlieben (sich),,âşık olmak,"verliebt, hat verliebt",Verb,Ich bin total verliebt.,,
A2,verlieren,,kaybetmek,"verliert, hat verloren",Verb,Ich habe meinen Schlüssel verloren. Michael hat seine Arbeit verloren. Wir haben das Fußballspiel verloren.,,
A2,verpassen,,kaçırmak,"verpasst, hat verpasst",Verb,Ich habe den Zug verpasst.,,
A2,verreisen,,seyahate çıkmak,"verreist, ist verreist",Verb,Verreist ihr in den Ferien? Frau Doktor Müller ist zur Zeit verreist. Sie kommt erst nächste Woche zurück.,,
A2,verschieben,,ertelemek,"verschiebt, hat verschoben",Verb,Leider muss ich den Termin verschieben.,,
A2,verschieden,,"farklı, çeşitli",,Sonstiges,Unsere beiden Kinder sind sehr verschieden. Ich habe diese Schuhe in verschiedenen Farben.,,
A2,Verspätung,die,gecikme,-en,Nomen,Unser Zug hat leider 15 Minuten Verspätung.,,
A2,versuchen,,denemek,"versucht, hat versucht",Verb,Kann ich es auch einmal versuchen? Haben Sie es schon einmal mit diesem Mittel versucht?,,
A2,Vertrag,der,sözleşme,¨-e,Nomen,Ich muss den Vertrag noch unterschreiben.,,
A2,Vogel,der,kuş,¨-,Nomen,Nadine mag Vögel. Morgens singen die Vögel immer laut.,,
A2,voll,,dolu,,Sonstiges,Morgens und abends sind die Züge immer sehr voll. Die Flasche ist noch ganz voll.,,
A2,Volleyball,der,voleybol,¨-e,Nomen,Ich spiele gern Volleyball.,,
A2,vorbei,,"geçmiş, bitmiş",,Sonstiges,Die Linie 8 fährt am Krankenhaus vorbei. Kommst du morgen bei mir vorbei?,,
A2,vorbereiten,,hazırlamak,"bereitet vor, hat vorbereitet",Verb,Morgen mache ich eine Party. Ich muss noch viel dafür vorbereiten. Ich muss mich auf meine Prüfung vorbereiten.,,
A2,vorgestern,,"önceki gün, evvelsi gün",,Sonstiges,Er hat mich vorgestern angerufen.,,
A2,vorher,,"önce, daha önce",,Sonstiges,Ich komme mit ins Café. Vorher muss ich aber noch zur Bank.,,
A2,vorn(e),,"önde, öne",,Sonstiges,Bitte vorn(e) einsteigen!,,
A2,Vorschlag,der,"öneri, teklif",¨-e (haben/machen),Nomen,Was machen wir am Wochenende? Hast du einen guten Vorschlag? - Wir können ins Kino gehen. Was schenken wir Christina zur,,
A2,vorsichtig,,dikkatli,,Sonstiges,"Sei vorsichtig! Du musst vorsichtig fahren, es ist neblig.",,
A2,vorstellen (sich),,"tanıtmak, kendini tanıtmak","stellt vor, hat vorgestellt",Verb,Wir wollen uns kennenlernen. Können Sie sich bitte vorstellen? Darf ich Ihnen meine Frau vorstellen?,,
A2,vorwärts,,ileri,,Sonstiges,Fahren Sie bitte noch ein Stück vorwärts.,,
A2,wach,,uyanık,,Sonstiges,Bist du schon lange wach? Ich bin noch nicht ganz wach.,,
A2,Wagen,der,"araba, vagon",–,Nomen,Wo steht Ihr Wagen? Im zweiten Wagen ist unser Zugrestaurant.,,
A2,wählen,,"seçmek, çevirmek","wählt, hat gewählt",Verb,Sie müssen erst eine Null wählen. Wählen Sie bitte ein Getränk.,,
A2,wahrscheinlich,,muhtemelen,,Sonstiges,Wahrscheinlich mache ich im Herbst einen Deutschkurs. Er kommt wahrscheinlich nicht.,,
A2,Wäsche,die,çamaşır,-n,Nomen,Ich muss noch Wäsche waschen.,,
A2,waschen (sich),,"yıkamak, yıkanmak","wäscht, hat gewaschen",Verb,Wo kann ich mir die Hände waschen?,,
A2,Webseite,die,web sitesi,-n,Nomen,Es gibt viele Webseiten mit Grammatikübungen.,,
A2,wechseln,,"değiştirmek, bozdurmak","wechselt, hat gewechselt",Verb,Wir müssen den Reifen wechseln. Können Sie mir zehn Dollar wechseln?,,
A2,weg/weg-,,"kayıp, yok olmuş",(wegbringen/ -fahren/-gehen/ -laufen/-machen/ -nehmen/-werfen),Sonstiges,Meine Brille ist weg. Ich finde sie nicht mehr. Bringst du bitte den Müll weg? Können Sie Ihr Auto bitte wegfahren? Ich ,,
A2,Weg,der,yol,-e,Nomen,Das ist der kürzeste Weg. Können Sie mir bitte den Weg zum Flughafen beschreiben?,,
A2,wegen,,"yüzünden, nedeniyle",,Sonstiges,Wegen seiner Arbeit kann er leider nicht kommen. Ich rufe wegen meiner Tochter an.,,
A2,wehtun,,"acımak, canını yakmak","tut weh, hat wehgetan",Verb,Wo tut es weh? Ich will dir nicht wehtun.,,
A2,weich,,yumuşak,,Sonstiges,Ich möchte zum Frühstück ein weiches Ei. Das Bett im Hotel war zu weich.,,
A2,weil,,çünkü,,Sonstiges,"Ich kann nicht kommen, weil ich arbeiten muss.",,
A2,weinen,,ağlamak,"weint, hat geweint",Verb,Warum weint das Baby? Weine bitte nicht!,,
A2,welcher,,hangi,"-e, -s",Sonstiges,Welcher Tag ist heute? Welchen Kurs möchtest du machen? Welche Bluse nehmen Sie? Welches Buch suchst du?,,
A2,wenigstens,,en azından,,Sonstiges,"Ich habe keinen Hunger. - Ach, essen Sie wenigstens ein Stück Kuchen.",,
A2,wenn,,eğer,,Sonstiges,"Wenn ich nicht arbeiten muss, komme ich.",,
A2,wer (wen,,kim,wem),Sonstiges,Wer ist das?,,
A2,Werkstatt,die,"tamirhane, atölye",¨-en,Nomen,Mein Auto ist kaputt. Es ist in der Werkstatt.,,
A2,Wettbewerb,der,yarışma,-e,Nomen,Mein Sohn hat bei einem Wettbewerb gewonnen.,,
A2,windig,,rüzgârlı,,Sonstiges,Heute ist es sehr windig.,,
A2,Witz,der,"şaka, fıkra",-e,Nomen,Wir haben Witze erzählt und viel gelacht.,,
A2,witzig,,"komik, eğlenceli",,Sonstiges,Warum lachst du? Ich finde das nicht witzig.,,
A2,Workshop,der,"çalıştay, seminer",-s,Nomen,Das war ein toller Workshop. Ich habe viel gelernt. Am Freitag gibt es einen Computer-Workshop in meiner Firma.,,
A2,Wunsch,der,"dilek, istek",¨-e,Nomen,"Ich wünsche Ihnen alles Gute! Sie wünschen? – Ich möchte ein halbes Kilo Äpfel, bitte. Haben Sie noch einen Wunsch? Was ",,
A2,Zahl,die,"sayı, rakam",-en,Nomen,Können Sie die Zahl bitte wiederholen?,,
A2,zeichnen,,"çizmek, resim yapmak","zeichnet, hat gezeichnet",Verb,Caterina kann gut zeichnen. Sieh mal das Bild hier.,,
A2,Zeitschrift,die,dergi,-en,Nomen,Diese Zeitschrift kauft Andrea jede Woche.,,
A2,Zelt,das,çadır,-e,Nomen,Im Sommer schlafen wir manchmal im Zelt.,,
A2,Zentrum,das,merkez,-en,Nomen,"Der Bahnhof ist im Stadtzentrum. Wohnst du im Zentrum? - Nein, ich wohne nicht direkt in der Stadt.",,
A2,Zettel,der,"kâğıt parçası, not kâğıdı",-,Nomen,Hast du einen Zettel für mich? Ich muss etwas notieren. Schreiben Sie Ihre Telefonnummer bitte auf den Zettel.,,
A2,Zeugnis,das,"karne, tanıklık belgesi",-se,Nomen,Morgen bekommen die Kinder ihr Zeugnis.,,
A2,(an-)/(aus)ziehen,,"giymek, giyinmek / çıkarmak, soymak","zieht (an/aus), hat/ist (an/aus)gezogen",Verb,Ich ziehe (mir) eine Jacke an. Er hat sein T-Shirt ausgezogen und ein Hemd angezogen. Die Nachbarn sind am Wochenende au,,
A2,Ziel,das,"hedef, amaç, varış noktası",-e,Nomen,John läuft sehr schnell. Er war als erster am Ziel. Was ist dein Ziel im Leben?,,
A2,Zirkus,der,sirk,-se,Nomen,Heute gehen wir mit den Kindern in den Zirkus.,,
A2,Zitrone,die,limon,-n,Nomen,Ich trinke den Tee mit Zitrone. Lucia mag Zitroneneis.,,
A2,Zoo,der,hayvanat bahçesi,-s,Nomen,Am Sonntag gehen wir in den Zoo.,,
A2,Zucker,der,şeker,(Sg.),Nomen,Trinken Sie den Tee mit oder ohne Zucker?,,
A2,zuhören,,"dinlemek, kulak vermek","hört zu, hat zugehört",Verb,Hör mir doch mal zu! Ich rede mit dir.,,
A2,zuletzt,,"en son, sonunda",,Sonstiges,Wir haben uns vor drei Jahren zuletzt gesehen. Diese Aufgabe machen wir zuletzt.,,
A2,zurück- (fahren,,"geri- (dönmek, vermek, gitmek, gelmek, koşmak)","geben, gehen, kommen, laufen)",Verb,Fahrt ihr nach der Party zurück nach Hause? Wann muss ich das Buch zurückgeben? Wir gehen wieder zurück. Wann kommst du ,,
B1,abbiegen,,"dönmek, sapmak","biegt ab, bog ab, ist abgebogen",Verb,An der nächsten Kreuzung müssen Sie links abbiegen.,,
B1,Abbildung,die,"resim, çizim, şekil",-en,Nomen,"Auf der Abbildung sehen Sie, wie man das Gerät einschaltet.",,
B1,Abenteuer,das,macera,-,Nomen,1. Unser Urlaub war ein tolles Abenteuer. 2. Die Kinder lieben Abenteuergeschichten.,,
B1,Abfall,der,"çöp, atık",¨-e,Nomen,Werfen Sie den Bioabfall bitte nicht zum normalen Müll.,,
B1,Abfalleimer,der,çöp kutusu,,Nomen,- Wirf das bitte in den Abfalleimer!,,
B1,Abgase,,egzoz gazları,(Pl.),Sonstiges,Abgase aus Industrie und Haushalten verschmutzen die Luft.,,
B1,abhängen,,bağlı olmak,"hängt ab, hing ab, hat abgehangen (von)",Verb,"Vielleicht bleiben wir ein paar Tage länger, das hängt vom Wetter ab.",,
B1,abhängig,,bağımlı,,Sonstiges,Gregor ist finanziell von seinen Eltern abhängig.,,
B1,abheben,,"para çekmek, kaldırmak","hebt ab, hob ab, hat abgehoben",Verb,Für die Reise habe ich 500 Euro von meinem Konto abgehoben.,,
B1,abschreiben,,"kopya çekmek, kopyalamak","schreibt ab, schrieb ab, hat abgeschrieben",Verb,Er hat die Hausaufgaben von mir abgeschrieben.,,
B1,Abitur (D)→A,das,"lise diploması, mezuniyet",CH: Matura,Nomen,Meine Tochter hat gerade Abitur gemacht.,,
B1,ablehnen,,reddetmek,"lehnt ab, lehnte ab, hat abgelehnt",Verb,"Er hat mein Angebot, ihm zu helfen, abgelehnt.",,
B1,abmachen,,"kararlaştırmak, anlaşmak","macht ab, machte ab, hat abgemacht",Verb,"Wir hatten doch abgemacht, dass du die Getränke besorgst.",,
B1,abnehmen,,"çıkarmak, sökmek / kilo vermek","nimmt ab, nahm ab, hat abgenommen",Verb,1. Morgen können wir den Verband abnehmen. 2. Ich habe zehn Kilo abgenommen.,,
B1,abonnieren,,abone olmak,"abonniert, abonnierte, hat abonniert",Verb,Diese Zeitschrift würde ich gerne abonnieren.,,
B1,Abonnement,das,abonelik,-s/-e,Nomen,Ich habe das Abonnement gekündigt.,,
B1,absagen,,"iptal etmek, vazgeçmek","sagt ab, sagte ab, hat abgesagt",Verb,"Ich muss unser Treffen leider absagen, weil ich krank geworden bin.",,
B1,Abschluss,der,"mezuniyet, diploma, sonuç",¨-e,Nomen,Ein guter Schulabschluss ist sehr wichtig.,,
B1,Abschnitt,der,"bölüm, kısım",-e,Nomen,Lesen Sie bitte den zweiten Abschnitt.,,
B1,Absenderin,die,gönderen (kadın),-nen,Nomen,Schicken Sie das Paket an den Absender zurück.,,
B1,Absicht,die,"niyet, kasıt",-en,Nomen,1. Entschuldigen Sie bitte. Meine Tochter hat das nicht mit Absicht gemacht. 2. Hast du die Absicht zu studieren?,,
B1,absolut,,"kesinlikle, tamamen, mutlak",,Sonstiges,"1. Was Sie da sagen, ist absolut falsch. 2. Ich habe absolutes Vertrauen zu dir.",,
B1,abstimmen,,"oylamak, oy vermek","stimmt ab, stimmte ab, hat abgestimmt",Verb,Lasst uns über diesen Punkt abstimmen.,,
B1,Abteilung,die,"bölüm, departman",-en,Nomen,Meine Freundin arbeitet in der Abteilung von Frau Kaufmann.,,
B1,Abwart,der,"kapıcı, hademe (erkek)",-e,Nomen,"Der Abwart hat mir geholfen, den Schrank in die Wohnung zu tragen.",,
B1,Abwartin,die,"kapıcı, hademe (kadın)","-nen (CH) → D, A: Hausmeister",Nomen,"Der Abwart hat mir geholfen, den Schrank in die Wohnung zu tragen.",,
B1,abwärts,,"aşağı doğru, aşağıya",,Sonstiges,Von dort führt der Weg abwärts ins Tal.,,
B1,abwaschen,,bulaşık yıkamak,"wäscht ab, wusch ab, hat abgewaschen",Verb,Ich muss noch das Geschirr abwaschen.,,
B1,abwesend,,"yok, mevcut olmayan",,Sonstiges,Herr Huber ist bis zum 25. April abwesend.,,
B1,achten,,dikkat etmek,"achtet, achtete, hat geachtet (auf)",Verb,"Achten Sie bitte darauf, dass Sie abschließen, wenn Sie gehen.",,
B1,Achtung!,,Dikkat!,,Sonstiges,"Achtung, hier endet die Straße!",,
B1,ähnlich,,benzer,,Sonstiges,1. Emilia ist in einer ganz ähnlichen Situation wie ich. 2. Oleg sieht seinem Bruder sehr ähnlich.,,
B1,Aktion,die,"eylem, faaliyet, kampanya",-en,Nomen,Die Stadt sollte eine Aktion für Familien planen.,,
B1,Aktivität,die,"etkinlik, aktivite",-en,Nomen,In den Ferien bietet die Stadt für Kinder verschiedene Freizeitaktivitäten.,,
B1,akzeptieren,,kabul etmek,"akzeptiert, akzeptierte, hat akzeptiert",Verb,Ich kann diese Bedingungen nicht akzeptieren.,,
B1,Alarm,der,alarm,-e,Nomen,Bei Feueralarm dürfen Sie die Aufzüge nicht benutzen.,,
B1,Alkohol,der,alkol,,Nomen,"1. Du musst die Wunde mit Alkohol reinigen. 2. Nein, danke! Ich trinke keinen Alkohol.",,
B1,aller-,,en- (en iyi/hepsinden çok),,Sonstiges,"1. Am allerbesten ist es, wenn du dich ins Bett legst und lange schläfst. Dann wirst du schnell wieder gesund. 2. Das is",,
B1,allerdings,,"ancak, gerçi, yine de",,Sonstiges,"Wir können uns morgen treffen, allerdings habe ich erst ab Mittag Zeit.",,
B1,allgemein,,genel,,Sonstiges,"1. Wir haben nur über allgemeine Probleme gesprochen. 2. Es ist allgemein bekannt, dass man hier gut essen kann. 3. Im A",,
B1,Alltag,der,günlük yaşam,,Nomen,"Das ist mein Alltag: putzen, waschen, kochen.",,
B1,alltäglich,,"günlük, sıradan",,Sonstiges,1. Das alltägliche Leben ist manchmal langweilig. 2. Der Roman erzählt eine ganz alltägliche Geschichte.,,
B1,Alphabet,das,alfabe,-e,Nomen,Wie viele Buchstaben hat das Alphabet in Ihrer Sprache?,,
B1,als ob,,sanki,,Sonstiges,"Er tut so, als ob wir nie darüber gesprochen hätten.",,
B1,Altenheim,das,"huzurevi, yaşlı bakımevi",-e Altersheim,Nomen,Die Großeltern unserer Nachbarn sind im Altenheim.,,
B1,Altersheim,das,"huzurevi, yaşlı bakımevi",-e Altenheim,Nomen,Die Großeltern unserer Nachbarn sind im Altersheim.,,
B1,alternativ,,alternatif olarak,,Sonstiges,Wir brauchen alternative Energien.,,
B1,Alternative,die,"alternatif, seçenek",-n,Nomen,Auf dieser Strecke ist der Zug eine gute Alternative zum Flugzeug.,,
B1,Amt,das,"daire, kurum, resmi makam",¨-er,Nomen,Das Arbeitsamt befindet sich neben dem Busbahnhof.,,
B1,sich amüsieren,,"eğlenmek, hoşça vakit geçirmek","amüsiert sich, amüsierte sich, hat sich amüsiert",Verb,Bei dem Fest haben wir uns sehr gut amüsiert.,,
B1,analysieren,,"analiz etmek, çözümlemek","analysiert, analysierte, hat analysiert",Verb,Die Politiker analysieren die Situation auf dem Arbeitsmarkt.,,
B1,Anbieter,der,sağlayıcı,,Nomen,- Ist das ein privater Telefonanbieter?,,
B1,andererseits,,"öte yandan, diğer taraftan",,Sonstiges,"Tarek möchte zwar studieren, aber andererseits möchte er auch gleich Geld verdienen.",,
B1,Änderung,die,değişiklik,-en,Nomen,Es gibt eine Programmänderung.,,
B1,anerkennen,,"tanımak, kabul etmek, onaylamak","erkennt an, erkannte an, hat anerkannt",Verb,Meine Ausbildung wird hier nicht anerkannt.,,
B1,anfangs,,"başlangıçta, ilk başta",,Sonstiges,Anfangs ging alles gut.,,
B1,angeben,,"belirtmek, bildirmek","gibt an, gab an, hat angegeben",Verb,Bitte geben Sie Ihre genaue Adresse an.,,
B1,Angabe,die,"bilgi, veri",-n,Nomen,"Wir brauchen von Ihnen folgende Angaben: Name, Adresse, Geburtsdatum.",,
B1,Angehörige,der,yakın akraba (erkek),-n,Nomen,Der Arzt darf nur Familienangehörigen Auskunft geben.,,
B1,Angehörige,die,yakın akraba (kadın),-n,Nomen,Der Arzt darf nur Familienangehörigen Auskunft geben.,,
B1,angenehm,,"hoş, rahat, keyifli",,Sonstiges,Wir wünschen Ihnen eine angenehme Reise.,,
B1,ängstlich,,"endişeli, korkak",,Sonstiges,Meine Mutter ist etwas ängstlich. Sie geht nicht gern allein auf die Straße.,,
B1,anhaben,,"giymiş olmak, üzerinde olmak","hat an, hatte an, hat angehabt",Verb,Gestern hatte Julia ein rotes Kleid an.,,
B1,ankündigen,,"haber vermek, duyurmak","kündigt an, kündigte an, hat angekündigt",Verb,Wir sollten unseren Besuch ankündigen.,,
B1,Anlage,die,"tesis, sistem, ek",-n,Nomen,1. Meine Musikanlage ist kaputt. 2. In der Anlage der E-Mail finden Sie meinen Lebenslauf.,,
B1,Anleitung,die,"kılavuz, talimat",-en,Nomen,"In der Anleitung steht, dass bei diesem Spiel der Älteste beginnt.",,
B1,annehmen,,kabul etmek / varsaymak,"nimmt an, nahm an, hat angenommen",Verb,"1. Ich nehme Ihre Einladung gern an. 2. Ich nehme an, dass Sie mit dem Vorschlag einverstanden sind.",,
B1,Annonce,die,"ilan, küçük ilan",-n,Nomen,"Ich habe alle Annoncen gelesen, aber die Wohnungen sind zu teuer.",,
B1,anschaffen,,"edinmek, satın almak","schafft an, schaffte an, hat angeschafft",Verb,Wir haben uns neue Möbel angeschafft.,,
B1,anschließen,,"bağlamak, takmak","schließt an, schloss an, hat angeschlossen",Verb,Wo kann ich den Computer anschließen?,,
B1,anschnallen,,emniyet kemerini bağlamak,"schnallt an, schnallte an, hat angeschnallt",Verb,"Vergiss nicht, dich anzuschnallen.",,
B1,ansprechen,,"hitap etmek, söz atmak","spricht an, sprach an, hat angesprochen",Verb,Gestern hat mich unsere neue Nachbarin im Treppenhaus angesprochen.,,
B1,Anspruch,der,"hak, talep",¨-e,Nomen,Sie wohnen im Stadtzentrum. Deshalb haben Sie keinen Anspruch auf Fahrgeld.,,
B1,anstellen,,"açmak, çalıştırmak / işe almak","stellt an, stellte an, hat angestellt",Verb,1. Können Sie bitte die Heizung anstellen? 2. Mein Schwager ist bei einer Möbelfirma angestellt. 3. Da vorne ist die Kas,,
B1,Angestellte,der,"memur, çalışan (erkek)",-n,Nomen,Björn ist Angestellter in einem Reisebüro.,,
B1,Angestellte,die,"memur, çalışan (kadın)",-n,Nomen,Björn ist Angestellter in einem Reisebüro.,,
B1,sich anstrengen,,"çabalamak, gayret etmek","strengt sich an, strengte sich an, hat sich angestrengt",Verb,"1. Diese Arbeit strengt mich sehr an. 2. Wenn du die Prüfung schaffen willst, musst du dich mehr anstrengen.",,
B1,anstrengend,,yorucu,,Sonstiges,Ich finde diese Arbeit sehr anstrengend.,,
B1,Antrag,der,"başvuru, dilekçe",¨-e,Nomen,Haben Sie schon einen Antrag für das Wohngeld ausgefüllt?,,
B1,anwenden,,uygulamak,"wendet an, wandte an, hat angewandt/angewendet",Verb,Diese Salbe muss man dreimal am Tag anwenden.,,
B1,anwesend,,"mevcut, hazır",,Sonstiges,Bei dem Treffen waren alle Mitglieder anwesend.,,
B1,Anwalt,der,avukat (erkek),¨-e,Nomen,Ich werde das nicht bezahlen. Ich möchte zuerst mit meinem Anwalt sprechen.,,
B1,Anwältin,die,avukat (kadın),-nen,Nomen,Ich werde das nicht bezahlen. Ich möchte zuerst mit meinem Anwalt sprechen.,,
B1,anzeigen,,"ihbar etmek, bildirmek","zeigt an, zeigte an, hat angezeigt",Verb,"Wenn Sie hier parken, zeige ich Sie an.",,
B1,Aprikose,die,kayısı,"-n (D, CH) → A: Marille",Nomen,Schmecken dir die Aprikosen?,,
B1,Arbeiter,der,işçi (erkek),"die Arbeiterin, -nen",Nomen,- Maria ist seit zwei Jahren Arbeiterin bei Siemens.,,
B1,Arbeitserlaubnis,die,çalışma izni,,Nomen,Haben Sie eine Arbeitserlaubnis?,,
B1,Arbeitslosigkeit,die,işsizlik,,Nomen,Die Arbeitslosigkeit ist gesunken.,,
B1,Arbeitsstelle,die,"iş yeri, iş",-n,Nomen,Meine Frau hat eine neue Arbeitsstelle gefunden.,,
B1,Architekt,der,mimar (erkek),-en,Nomen,Dieses Haus hat eine berühmte Architektin gebaut.,,
B1,Architektin,die,mimar (kadın),-nen,Nomen,Dieses Haus hat eine berühmte Architektin gebaut.,,
B1,sich ärgern,,"sinirlenmek, kızmak","ärgert, ärgerte, hat geärgert",Verb,1. Ärgern Sie sich nicht. 2. Mein Bruder hat mich schon als Kind immer geärgert.,,
B1,Ärger,der,"öfke, kızgınlık",,Nomen,Ich hatte heute Ärger im Büro. Ich habe mich mit einem Kollegen gestritten.,,
B1,ärgerlich,,"sinir bozucu, can sıkıcı",,Sonstiges,Der Zug hat schon wieder Verspätung. Das ist wirklich ärgerlich.,,
B1,Art,die,"tür, çeşit, biçim",-en,Nomen,1. Im Zoo haben sie 34 verschiedene Arten von Vögeln. 2. Seine Art gefällt mir nicht. 3. Man kann auf unterschiedliche A,,
B1,Asyl,das,"sığınma, iltica",,Nomen,Die Menschen sind auf der Flucht und bitten um Asyl.,,
B1,atmen,,nefes almak,"atmet, atmete, hat geatmet",Verb,Er hat eine Erkältung und kann nicht durch die Nase atmen.,,
B1,Atem,der,"nefes, soluk",,Nomen,Bitte den Atem anhalten.,,
B1,Aufenthalt,der,"kalış, ikamet süresi",-e,Nomen,"9. Ich bin schon seit zwei Stunden auf. 10.Komm herein, die Tür ist auf. (D) (A, CH: offen) 1. Der Zug hat in München nu",,
B1,auffallen,,"dikkat çekmek, göze çarpmak","fällt auf, fiel auf, ist aufgefallen",Verb,"Mir ist aufgefallen, dass Harriett ganz blass ist.",,
B1,auffordern,,"çağırmak, talep etmek, davet etmek","fordert auf, forderte auf, hat aufgefordert",Verb,"1. Sie forderte mich auf, meine Meinung zu sagen. 2. Er fordert sie zum Tanz auf.",,
B1,Aufforderung,die,"çağrı, talep, bildirim",-en,Nomen,"Sie erhalten eine Aufforderung, den Betrag bis Juni zu zahlen.",,
B1,aufführen,,"sahnelemek, oynamak","führt auf, führte auf, hat aufgeführt",Verb,Die Kinder führen zu Weihnachten ein Theaterstück auf.,,
B1,aufgeben,,"vazgeçmek, pes etmek, postaya vermek","gibt auf, gab auf, hat aufgegeben",Verb,1. Ich habe auf der Post ein Paket aufgegeben. 2. Man darf nie aufgeben. Es gibt immer eine Hoffnung.,,
B1,aufhalten,,"alıkoymak, oyalamak, tutmak","hält auf, hielt auf, hat aufgehalten",Verb,"1. Wo hält er sich gerade auf? – In München. 2. Darf ich Ihnen die Tür aufhalten? 3. Entschuldigen Sie die Verspätung, i",,
B1,aufheben,,"kaldırmak, saklamak","hebt auf, hob auf, hat aufgehoben",Verb,"1. Lassen Sie die Papiere nur auf dem Boden liegen, ich hebe sie schon auf. 2. Die Quittung müssen Sie gut aufheben.",,
B1,aufladen,,şarj etmek,"lädt auf, lud auf, hat aufgeladen",Verb,Ich muss mein Telefon aufladen. Die Batterie ist leer.,,
B1,auflösen,,"eritmek, çözmek","löst auf, löste auf, hat aufgelöst",Verb,Die Tablette bitte in Wasser auflösen.,,
B1,aufmerksam,,dikkatli,,Sonstiges,"1. Die Schülerin hörte aufmerksam zu. 2. Ich mache Sie darauf aufmerksam, dass wir in einer halben Stunde schließen.",,
B1,aufnehmen,,"kabul etmek, kaydetmek","nimmt auf, nahm auf, hat aufgenommen",Verb,1. Wir haben Aneta in unseren Verein aufgenommen. 2. Ich habe den Film im Urlaub aufgenommen.,,
B1,Aufnahme,die,kayıt,-n,Nomen,Bitte seid leise! – Ich starte die Aufnahme.,,
B1,aufregen,,"sinirlendirmek, heyecanlandırmak","regt auf, regte auf, hat aufgeregt",Verb,"1. Es regt mich auf, dass ich schon wieder Überstunden machen muss. 2. Ganz ruhig! Bitte regen Sie sich nicht auf. 3. He",,
B1,Auftrag,der,"sipariş, görev",¨-e,Nomen,1. Ich komme im Auftrag von Frau Müller und soll Ihnen diesen Brief geben. 2. Im Moment hat die Firma besonders viele Au,,
B1,auftreten,,"sahneye çıkmak, ortaya çıkmak","tritt auf, trat auf, ist aufgetreten",Verb,Nächste Woche tritt in der Stadthalle eine berühmte Musikgruppe auf.,,
B1,Auftritt,der,"sahne çıkışı, performans",-e,Nomen,Nach dem Auftritt feiern die Musiker.,,
B1,aufwachen,,uyanmak,"wacht auf, wachte auf, ist aufgewacht",Verb,Von dem Lärm bin ich aufgewacht.,,
B1,aufwärts,,yukarı doğru,,Sonstiges,1. Sie müssen gute Schuhe anziehen. Der Weg geht immer aufwärts. 2. In letzter Zeit geht es wieder aufwärts mit der Wirt,,
B1,Augenblick,der,"an, lahza",-e,Nomen,"1. Ich wollte gerade parken. In dem Augenblick ist ein Wagen aus der Ausfahrt gekommen. 2. Einen Augenblick, bitte! 3. I",,
B1,ausgebildet,,"eğitimli, yetişmiş",,Sonstiges,Für diesen Beruf müssen Sie gut ausgebildet sein.,,
B1,ausdrucken,,"yazdırmak, çıktı almak","druckt aus, druckte aus, hat ausgedruckt",Verb,Kann ich das auf deinem Drucker ausdrucken?,,
B1,Ausdruck,der,"ifade, deyim, çıktı",¨-e,Nomen,1. Diesen Ausdruck habe ich noch nie gehört.,,
B1,auseinander,,birbirinden ayrı,,Sonstiges,Wir wohnen nicht weit auseinander.,,
B1,Ausfahrt,die,"çıkış, araç çıkışı",-en,Nomen,"1. Hier ist eine Ausfahrt, da dürfen Sie nicht parken. 2. Wie weit ist es noch bis zur Ausfahrt Freiburg?",,
B1,ausfallen,,"iptal olmak, gerçekleşmemek","fällt aus, fiel aus, ist ausgefallen",Verb,Nächste Woche fällt der Kurs aus.,,
B1,Ausgabe,die,"gider, harcama, baskı",-n,Nomen,1. Wie hoch sind Ihre Ausgaben in einem Monat? 2. Wo ist die Essensausgabe? 3. In welchem Buch hast du das gelesen? In w,,
B1,ausgezeichnet,,"mükemmel, kusursuz",,Sonstiges,Essen und Unterkunft waren ausgezeichnet.,,
B1,Aushilfe,die,"yardımcı eleman, geçici çalışan",-n,Nomen,Wir suchen eine freundliche Aushilfe für unser Geschäft.,,
B1,Ausnahme,die,istisna,-n,Nomen,Normalerweise muss ich am Wochenende arbeiten. Aber heute ist eine Ausnahme.,,
B1,ausreichen,,"yetmek, yeterli olmak","reicht aus, reichte aus, hat ausgereicht",Verb,1. Das Geld muss bis März ausreichen. 2. Seine Kenntnisse reichen für diese Arbeit aus.,,
B1,ausreichend,,yeterli,,Sonstiges,Das Geld ist für die Reise ausreichend.,,
B1,ausrichten,,"iletmek, haber vermek","richtet aus, richtete aus, hat ausgerichtet",Verb,Mein Mann ist nicht da. Soll ich ihm etwas ausrichten?,,
B1,sich ausruhen,,dinlenmek,"ruht aus, ruhte aus, hat ausgeruht",Verb,1. Sie ruhen sich von der Arbeit aus. 2. Bist du gut ausgeruht?,,
B1,ausschließen,,"hariç tutmak, imkânsız kılmak","schließt aus, schloss aus, hat ausgeschlossen",Verb,1. Das kann man nicht ganz ausschließen. 2. So viel kann ich nicht bezahlen. Das ist völlig ausgeschlossen.,,
B1,ausschließlich,,"sadece, yalnızca",,Sonstiges,Tut mir leid. Wir haben ausschließlich Nichtraucherzimmer.,,
B1,außen,,"dışarıda, dıştan",,Sonstiges,1. Wir haben das Schloss nur von außen gesehen. 2. Außen ist das Haus nicht sehr schön.,,
B1,äußerlich,,"dıştan, harici",,Sonstiges,Das Medikament dürfen Sie nur äußerlich anwenden.,,
B1,Aussicht,die,"manzara, gelecek beklentisi",-en,Nomen,1. Von diesem Turm hat man eine tolle Aussicht. 2. Mit mehreren Fremdsprachen hat man gute Aussichten im Beruf.,,
B1,Aussprache,die,telaffuz,,Nomen,Ali hat eine gute Aussprache.,,
B1,ausstellen,,"sergilemek, düzenlemek","stellt aus, stellte aus, hat ausgestellt",Verb,1. Im Schaufenster sind Winterschuhe ausgestellt. 2. Das Zeugnis wird bis nächste Woche ausgestellt.,,
B1,sich etwas) aussuchen,,seçmek,"sucht aus, suchte aus, hat ausgesucht",Verb,Such dir etwas Schönes aus! Ich lade dich ein.,,
B1,auswählen,,seçmek,"wählt aus, wählte aus, hat ausgewählt",Verb,Für die Aufgabe können Sie aus drei Themen auswählen.,,
B1,Auswahl,die,"seçim, çeşit",-en,Nomen,1. Wir müssen eine Auswahl aus den Büchern treffen. 2. Das Geschäft hat eine große Auswahl.,,
B1,ausziehen,,"çıkarmak, taşınmak","zieht aus, zog aus, hat/ist ausgezogen",Verb,1. Willst du den Mantel nicht ausziehen? 2. Müllers sind schon vor vier Wochen ausgezogen.,,
B1,Autor,der,yazar,-en,Nomen,Diese Autorin hat in diesem Jahr schon zwei Bücher geschrieben.,,
B1,Autorin,die,yazar,-nen,Nomen,Diese Autorin hat in diesem Jahr schon zwei Bücher geschrieben.,,
B1,Badewanne,die,küvet,-n,Nomen,Nach einem langen Arbeitstag setzte sie sich in die Badewanne.,,
B1,S-Bahn,,banliyö treni,-en,Sonstiges,Die S-Bahn ist schneller als die Straßenbahn.,,
B1,Ballett,das,bale,-e,Nomen,Meine Tochter möchte gern Ballett tanzen.,,
B1,Bancomat/Bankomat,der,"ATM, bankamatik","→ -en (A, CH) D: Geldautomat",Nomen,Ich hole noch schnell Geld vom Bankomaten.,,
B1,Bankleitzahl,die,banka kodu,-en,Nomen,Bitte geben Sie Ihre Bankleitzahl an.,,
B1,Bankomat-Karte,die,banka kartı,-n → (A) ec-Karte/EC-Karte,Nomen,Sie können auch mit Bankomat-Karte zahlen.,,
B1,Bar,die,bar,-s,Nomen,1. Setzen wir uns doch an die Bar! 2. Ich treffe meine Freundin in der Hotelbar.,,
B1,Bargeld,das,nakit para,,Nomen,Ich habe kein Bargeld mehr.,,
B1,Bart,der,sakal,¨-e,Nomen,John trägt jetzt einen Bart.,,
B1,Batterie,die,"pil, batarya",-n,Nomen,Bringst du bitte Batterien für die Kamera mit?,,
B1,Bau,der,"yapı, inşaat",Bauten,Nomen,1. Ich wohne in einer Neubauwohnung. 2. Unser Haus ist ein Altbau.,,
B1,Bauer,der,çiftçi,-n,Nomen,Wir kaufen unser Gemüse beim Bauern.,,
B1,beachten,,"dikkat etmek, uymak","beachtet, beachtete, hat beachtet",Verb,Bitte beachten Sie die Ansagen am Bahnsteig.,,
B1,Beamtin,die,memur,-nen,Nomen,Meine Frau ist Beamtin bei der Polizei.,,
B1,beantragen,,başvurmak,"beantragt, beantragte, hat beantragt",Verb,Hast du schon einen neuen Pass beantragt?,,
B1,sich bedanken,,teşekkür etmek,"bedankt, bedankte, hat bedankt",Verb,Ich möchte mich noch einmal sehr herzlich für Ihre Hilfe bedanken.,,
B1,Bedarf,der,"ihtiyaç, talep",,Nomen,An diesem Produkt besteht großer Bedarf.,,
B1,Bedeutung,die,anlam,-en,Nomen,Das Wort „Maus“ hat inzwischen zwei Bedeutungen.,,
B1,bedienen,,"hizmet etmek, kullanmak","bedient, bediente, hat bedient",Verb,1. Werden Sie schon bedient? 2. Die Kaffeemaschine ist ganz leicht zu bedienen.,,
B1,Bedienungsanleitung,die,kullanım kılavuzu,-en,Nomen,Die Bedienungsanleitung verstehe ich nicht.,,
B1,Bedingung,die,"şart, koşul",-en,Nomen,"1. Wenn Sie unsere Bedingungen akzeptieren, können wir einen Vertrag machen. 2. Wir haben in unserem Betrieb sehr gute A",,
B1,sich beeilen,,acele etmek,"beeilt sich, beeilte sich, hat sich beeilt",Verb,Wir müssen uns beeilen. Sonst verpassen wir den Zug.,,
B1,sich befinden,,bulunmak,"befindet sich, befand sich, hat sich befunden",Verb,Das Bord-Bistro befindet sich in der Mitte des Zuges.,,
B1,befreit,,muaf,,Sonstiges,Studenten und Studentinnen sind von den Rundfunk-Gebühren befreit.,,
B1,befriedigend,,tatmin edici,,Sonstiges,Das Ergebnis ist befriedigend.,,
B1,begegnen,,"rastlamak, karşılaşmak","begegnet, begegnete, ist begegnet",Verb,Sind wir uns nicht schon mal irgendwann begegnet?,,
B1,begeistert,,"hayran, coşkulu",,Sonstiges,Es war ein tolles Konzert. Ich bin begeistert.,,
B1,Beginn,der,başlangıç,,Nomen,Zu Beginn der Stunde begrüßt die Lehrerin ihre Schüler.,,
B1,begleiten,,eşlik etmek,"begleitet, begleitete, hat begleitet",Verb,Ich begleite dich ein Stück.,,
B1,begrenzt,,sınırlı,,Sonstiges,Die Teilnehmerzahl ist auf 12 begrenzt.,,
B1,Begründung,die,"gerekçe, sebep",-en,Nomen,Die Miete wurde ohne Begründung erhöht.,,
B1,begrüßen,,"selamlamak, karşılamak","begrüßt, begrüßte, hat begrüßt",Verb,Der Gastgeber begrüßt seine Gäste.,,
B1,behalten,,"saklamak, alıkoymak","behält, behielt, hat behalten",Verb,Darf ich die Zeitschrift behalten?,,
B1,behandeln,,"tedavi etmek, davranmak","behandelt, behandelte, hat behandelt",Verb,1. Welcher Arzt hat Sie bis jetzt behandelt? 2. So lasse ich mich von Ihnen nicht länger behandeln.,,
B1,behaupten,,iddia etmek,"behauptet, behauptete, hat behauptet",Verb,"1. Er behauptet, unsere Meinung sei nicht wichtig. 2. Es ist schwer, sich gegen meinen Kollegen zu behaupten.",,
B1,behindern,,engellemek,"behindert, behinderte, hat behindert behindert",Verb,"1. Bitte parken Sie so, dass Sie niemanden behindern. 2. Seit dem Unfall ist das Kind unserer Freunde behindert.",,
B1,Behörde,die,"resmi daire, kurum",-n,Nomen,Sie erhalten ein Schreiben von der zuständigen Behörde.,,
B1,beid-,,"her iki, ikisi de",,Sonstiges,"1. Beide waren mit meinem Vorschlag einverstanden. 2. Welche Bluse nehmen Sie, die rote oder die grüne? – Ich nehme beid",,
B1,beinahe,,neredeyse,,Sonstiges,Ich habe heute beinahe den Bus verpasst.,,
B1,beißen,,ısırmak,"beißt, biss, hat gebissen",Verb,"Pass auf, dass dich der Hund nicht beißt!",,
B1,Beitrag,der,"katkı payı, aidat",¨-e,Nomen,1. Die Krankenkasse hat die Beiträge erhöht. 2. Der Mitgliedsbeitrag für den Sportverein beträgt 34 Euro pro Monat.,,
B1,Bekannte,der,tanıdık,-n,Nomen,In Hannover wohnen Bekannte von mir.,,
B1,Bekannte,die,tanıdık,-n,Nomen,In Hannover wohnen Bekannte von mir.,,
B1,bekannt geben,,"duyurmak, bildirmek","gibt bekannt, gab bekannt, hat bekannt gegeben",Verb,Den Prüfungsort geben wir Ihnen noch rechtzeitig bekannt.,,
B1,Beleg,der,"belge, makbuz, fiş",-e,Nomen,5. Laut Wetterbericht bekommen wir Regen. 6. Plötzlich bekam ich starke Kopfschmerzen. Brauchen Sie einen Beleg?,,
B1,beleidigen,,"hakaret etmek, gücendirmek","beleidigt, beleidigte, hat beleidigt",Verb,1. Ich wollte Sie nicht beleidigen. 2. Sei doch nicht immer gleich beleidigt.,,
B1,bemerken,,fark etmek,"bemerkt, bemerkte, hat bemerkt",Verb,"Ich habe nicht bemerkt, dass das Fenster offen ist.",,
B1,sich bemühen,,"çaba göstermek, uğraşmak","bemüht, bemühte, hat bemüht",Verb,"1. Er hat sich sehr bemüht, etwas Gutes zu kochen. 2. Ich werde mich um einen Termin bemühen.",,
B1,benötigen,,"ihtiyaç duymak, gerektirmek","benötigt, benötigte, hat benötigt",Verb,"Sagen Sie Bescheid, wenn Sie noch etwas benötigen.",,
B1,Benzin,das,benzin,,Nomen,Das Benzin soll wieder teurer werden.,,
B1,beobachten,,"gözlemlemek, izlemek","beobachtet, beobachtete, hat beobachtet",Verb,Wer hat den Unfall beobachtet?,,
B1,Beratung,die,danışmanlık,,Nomen,Beratungen für Familien gibt es jeden Dienstag zwischen 14 und 16 Uhr.,,
B1,berechnen,,hesaplamak,"berechnet, berechnete, hat berechnet",Verb,Die Kosten für die Fahrt müssen erst berechnet werden.,,
B1,Bereich,der,"alan, bölge",-e,Nomen,1. In welchem Bereich möchten Sie arbeiten? 2. Umfahren Sie den Baustellenbereich.,,
B1,bereit,,hazır,,Sonstiges,"1. Ich bin jederzeit bereit, dir zu helfen. 2. Das Paket liegt auf der Post für Sie bereit.",,
B1,bereits,,"zaten, şimdiden",,Sonstiges,Bitte melde dich bei Frau Kaiser. Sie hat bereits dreimal angerufen.,,
B1,Bericht,der,rapor,-e,Nomen,Ich habe gestern einen interessanten Bericht gelesen.,,
B1,beruflich,,mesleki,,Sonstiges,Was machen Sie beruflich?,,
B1,berufstätig,,"çalışan, meslek sahibi",,Sonstiges,Sind Sie berufstätig?,,
B1,beruhigen,,"sakinleştirmek, yatıştırmak","beruhigt, beruhigte, hat beruhigt",Verb,1. Beruhigen Sie sich bitte. Es ist alles in Ordnung. 2. Ich kann Sie beruhigen. Ihrem Sohn ist nichts passiert.,,
B1,beschädigen,,"zarar vermek, hasar vermek","beschädigt, beschädigte, hat beschädigt",Verb,"Bitte machen Sie eine Liste davon, was die Einbrecher beschädigt haben.",,
B1,beschäftigen,,"meşgul etmek, istihdam etmek","beschäftigt, beschäftigte, hat beschäftigt",Verb,1. Womit haben Sie sich bei Ihrer Arbeit beschäftigt? 2. Seit wann sind Sie bei dieser Firma beschäftigt?,,
B1,Beschäftigung,die,"iş, istihdam",,Nomen,"Ich suche eine Halbtagsbeschäftigung, weil ich ein kleines Kind habe.",,
B1,Bescheid sagen,,haber vermek,,Sonstiges,Ich erkundige mich nach den Terminen und sage Ihnen dann Bescheid.,,
B1,Bescheid geben,,"haber vermek, bilgi vermek",,Sonstiges,Kannst du mir bis morgen Bescheid geben?,,
B1,beschließen,,karar vermek,"beschließt, beschloss, hat beschlossen",Verb,"Wir haben beschlossen, uns ein kleineres Auto zu kaufen.",,
B1,beschränken,,sınırlamak,,Sonstiges,Die Teilnehmerzahl für den Kurs ist beschränkt.,,
B1,Beschreibung,die,"açıklama, tarif",-en,Nomen,Eine Beschreibung des Geräts liegt bei.,,
B1,sich beschweren,,şikayet etmek,"beschwert sich, beschwerte sich, hat sich beschwert",Verb,Wo können wir uns beschweren?,,
B1,besetzen,,"işgal etmek, dolu olmak","besetzt, besetzte, hat besetzt",Verb,1. Dieser Platz ist besetzt. 2. Ich habe drei Plätze besetzt. 3. Ich habe jetzt schon dreimal dort angerufen. Es ist imm,,
B1,besonder-,,"özel, belirli",,Sonstiges,Meine Eltern wollten uns mit dieser Reise eine ganz besondere Freude machen.,,
B1,besorgen,,"temin etmek, sağlamak","besorgt, besorgte, hat besorgt",Verb,Soll ich die Eintrittskarten besorgen?,,
B1,besprechen,,"görüşmek, tartışmak","bespricht, besprach, hat besprochen",Verb,"Wir müssen noch genau besprechen, wann wir losfahren und was wir mitnehmen.",,
B1,Besprechung,die,"toplantı, görüşme",-en,Nomen,"Tut mir leid, Herr Schmidt ist noch in einer Besprechung.",,
B1,Besserung,die,iyileşme,,Nomen,Gute Besserung!,,
B1,Bestätigung,die,"onay, teyit",-en,Nomen,Ich brauche eine schriftliche Bestätigung für das Amt.,,
B1,bestimmt,,"belirli, kesinlikle",,Sonstiges,1. Das hat Nancy bestimmt nicht so gemeint. 2. Möchtest du ein bestimmtes Brot?,,
B1,bestrafen,,cezalandırmak,"bestraft, bestrafte, hat bestraft",Verb,Zu schnelles Fahren wird streng bestraft.,,
B1,sich beteiligen,,katılmak,"beteiligt sich, beteiligte sich, hat sich beteiligt",Verb,Wir wollen unserer Lehrerin ein Geschenk kaufen. Wer möchte sich beteiligen?,,
B1,Betrag,der,"tutar, meblağ",¨-e,Nomen,Bitte überweisen Sie den Betrag auf unser Konto.,,
B1,betreuen,,"bakmak, ilgilenmek","betreut, betreute, hat betreut",Verb,Wer betreut bei Ihnen die Kinder?,,
B1,Betreuer,der,"bakıcı, gözetmen","die Betreuerin, -nen",Nomen,- Die Betreuerin der Kinder ist sehr nett.,,
B1,Betreuung,die,bakım,,Nomen,Haben Sie eine Betreuung für Ihre Kinder?,,
B1,Betrieb,der,"işletme, firma, hareketlilik",-e,Nomen,1. In diesem Betrieb arbeiten zehn Leute. 2. Kurz vor Weihnachten ist in den Kaufhäusern immer viel Betrieb. 3. Der Aufz,,
B1,Betriebsrat,der,işçi konseyi,¨-e,Nomen,Der Betriebsrat wird Sie über die neuen Arbeitszeiten informieren.,,
B1,Betriebsrätin,die,işçi konseyi üyesi,-nen,Nomen,Der Betriebsrat wird Sie über die neuen Arbeitszeiten informieren.,,
B1,betrügen,,"aldatmak, dolandırmak","betrügt, betrog, hat betrogen",Verb,1. Ich würde meine Familie niemals betrügen. 2. Die Rechnung stimmt nicht. Der Kellner hat mich betrogen.,,
B1,betrunken,,sarhoş,,Sonstiges,"Wenn Sie betrunken Auto fahren, verlieren Sie Ihren Führerschein.",,
B1,Bevölkerung,die,nüfus,,Nomen,11 % der Bevölkerung wurden nicht im Inland geboren.,,
B1,bevor,,-meden önce,,Sonstiges,"Bevor wir gehen, möchte ich noch etwas essen.",,
B1,bewegen,,"hareket ettirmek, kımıldatmak","bewegt, bewegte, hat bewegt",Verb,1. Ich kann mich vor Schmerzen kaum noch bewegen. 2. Ich kann meinen Finger nicht mehr bewegen.,,
B1,Bewegung,die,hareket,-en,Nomen,Sie brauchen mehr Bewegung. Sie müssen regelmäßig spazieren gehen.,,
B1,beweisen,,"kanıtlamak, ispatlamak","beweist, bewies, hat bewiesen",Verb,"Wir können beweisen, dass Sie bei Rot über die Ampel gefahren sind.",,
B1,Beweis,der,"kanıt, delil",-e,Nomen,Haben Sie dafür Beweise?,,
B1,sich bewerben,,başvurmak,"bewirbt sich, bewarb sich, hat sich beworben",Verb,1. Ich habe mich um diese Stelle beworben. 2. Ich habe mich als Kellner beworben.,,
B1,Bewohner,der,"sakin, oturan kişi",-,Nomen,Ich kenne die anderen Hausbewohner nicht.,,
B1,Bewohnerin,die,"sakin, oturan kadın",-nen,Nomen,Ich kenne die anderen Hausbewohner nicht.,,
B1,Beziehung,die,ilişki,-en,Nomen,Wir haben gute Beziehungen zu unseren Nachbarn.,,
B1,bieten,,"sunmak, teklif etmek","bietet, bot, hat geboten",Verb,"1. Er hat mir für den alten Wagen noch 800 Euro geboten. 2. Die Firma bietet ihren Mitarbeitern die Möglichkeit, Sprachk",,
B1,Bildschirm,der,ekran,-e,Nomen,1. Ich brauche einen größeren Bildschirm für meinen Computer. 2. Wir haben einen Fernsehapparat mit einem sehr großen Bi,,
B1,Billett,das,bilet,"-e/-s → D, A: Fahrkarte",Nomen,Ein Billett können Sie am Schalter kaufen.,,
B1,Biologie,die,biyoloji,,Nomen,Meine Freundin studiert Biologie.,,
B1,Bio-,,organik,,Sonstiges,Ich kaufe nur noch Biogemüse.,,
B1,bio(logisch),,"organik, biyolojik",,Sonstiges,Biologische Lebensmittel gibt es jetzt auch im Supermarkt.,,
B1,bisher,,şimdiye kadar,,Sonstiges,Bisher ist alles in Ordnung.,,
B1,ein bisschen,,biraz,,Sonstiges,"1. Wenn Sie ein bisschen warten, können wir zusammen gehen. 2. Möchten Sie noch ein bisschen Reis? 3. Können Sie bitte e",,
B1,blass,,"solgun, soluk",,Sonstiges,Du siehst ganz blass aus. Bist du krank?,,
B1,blind,,kör,,Sonstiges,Er ist von Geburt an blind.,,
B1,blitzen,,"şimşek çakmak, parlamak","blitzt, blitzte, hat geblitzt",Verb,1. Gestern Abend gab es ein Gewitter. Es hat furchtbar geblitzt und gedonnert. 2. Ihre Augen blitzen vor Freude.,,
B1,Blitz,der,"şimşek, flaş",-e,Nomen,"1. Was für ein Gewitter, hast du den Blitz gesehen? 2. Hast du das Foto mit Blitz gemacht?",,
B1,bloß,,"sadece, yalnızca",,Sonstiges,1. Ich möchte nichts kaufen. Ich möchte mich bloß umsehen. 2. Komm bloß nicht zu spät. Wir müssen pünktlich am Bahnhof s,,
B1,blühen,,çiçek açmak,"blüht, blühte, hat geblüht",Verb,Die Bäume blühen schon. Es ist Frühling.,,
B1,bluten,,kanamak,"blutet, blutete, hat geblutet",Verb,Ich habe mich verletzt. Meine Hand blutet.,,
B1,Blut,das,kan,,Nomen,Der Verletzte hat viel Blut verloren.,,
B1,Boden,der,"zemin, toprak",¨-,Nomen,1. Die Bücher lagen alle auf dem Boden. 2. Auf diesem Boden wächst Gemüse besonders gut.,,
B1,Boot,das,"tekne, kayık",-e,Nomen,An diesem See kann man Boote mieten.,,
B1,Botschaft,die,elçilik,-en,Nomen,Das Visum habe ich von der Botschaft bekommen.,,
B1,Braten,der,"rosto, kızartma",,Nomen,- Nehmen Sie noch etwas Soße zum Braten?,,
B1,brechen,,"kırmak, kırılmak","bricht, brach, hat gebrochen",Verb,"1. Er hat sich beim Skifahren verletzt, sein Bein ist gebrochen. 2. Ich habe mir im Urlaub das Bein gebrochen.",,
B1,Breite,die,genişlik,-n,Nomen,"Welche Maße hat der Tisch? – Länge: 1 m, Breite: 80 cm, Höhe: 1,20 m.",,
B1,bremsen,,fren yapmak,"bremst, bremste, hat gebremst",Verb,Der Mann ist ganz plötzlich über die Straße gegangen. Ich musste stark bremsen.,,
B1,Bremse,die,fren,-n,Nomen,Du musst unbedingt die Bremsen kontrollieren lassen.,,
B1,brennen,,yanmak,"brennt, brannte, hat gebrannt",Verb,1. In diesem Haus hat es letztes Jahr gebrannt. 2. Die Kerze brennt noch. Mach sie bitte aus. 3. In deinem Zimmer hat di,,
B1,Briefkasten,der,posta kutusu,¨-,Nomen,1. Ist hier in der Nähe ein Briefkasten? 2. Hol bitte mal die Zeitung aus dem Briefkasten.,,
B1,Briefträger,der,postacı,"→CH:dieBriefträgerin,-nen Pöstler",Nomen,War die Briefträgerin schon da?,,
B1,Briefumschlag,der,zarf,"¨-e → A: Kuvert, CH: Couvert",Nomen,Ich hätte gern 50 Briefumschläge und Briefmarken dazu.,,
B1,Brieftasche,die,cüzdan,"-n → D, CH: Portemonnaie/Portmonee, A: Geldbörse",Nomen,Ich habe nur Kleingeld in meiner Brieftasche.,,
B1,Broschüre,die,broşür,-n,Nomen,In der Broschüre finden Sie die neuesten Informationen.,,
B1,Brötli,das,"sandviç ekmeği, francala","- (CH) → D: Brötchen, A: Semmel",Nomen,Ich hole schnell ein paar Brötli zum Frühstück.,,
B1,Brust,die,göğüs,,Nomen,Ich habe Schmerzen in der Brust.,,
B1,Bub,der,"erkek çocuk, oğlan","-en (A, CH) D: Junge",Nomen,In der Schulklasse sind 15 Buben und 10 Mädchen.,,
B1,Buchhandlung,die,"kitabevi, kitapçı",-en,Nomen,In der Buchhandlung in der Stadt haben sie das Buch sicher.,,
B1,Büchse,die,"konserve kutusu, teneke kutu","-n (D, CH) → A: Dose",Nomen,Ich habe noch eine Büchse Bohnen.,,
B1,Buffet,das,açık büfe,-s,Nomen,Das Buffet ist eröffnet!,,
B1,Bühne,die,sahne,-n,Nomen,Er steht gern auf der Bühne.,,
B1,Burg,die,kale,-en,Nomen,Von der Burg hat man eine schöne Aussicht.,,
B1,Bürger,der,vatandaş,-,Nomen,EU-Bürgerinnen und Bürger können überall in Europa arbeiten.,,
B1,Bürgerin,die,vatandaş,-nen,Nomen,EU-Bürgerinnen und Bürger können überall in Europa arbeiten.,,
B1,Bürste,die,fırça,-n,Nomen,1. Hast du eine Bürste? Meine Schuhe sind so schmutzig. 2. Ich brauche eine Bürste für meine Haare.,,
B1,Zahnbürste,die,diş fırçası,-n,Nomen,Ich brauche eine neue Zahnbürste.,,
B1,Chance,die,"şans, fırsat",-n,Nomen,"Mein Mann hat gute Chancen, die Stelle zu bekommen.",,
B1,Chefin,die,"patron, yönetici",-nen,Nomen,"Das kann ich nicht allein entscheiden, da muss ich erst die Chefin fragen.",,
B1,chic/schick,,şık,,Sonstiges,Ich finde dein Kleid sehr chick.,,
B1,Coiffeur,der,"berber, kuaför",-e,Nomen,1. Du siehst toll aus! Wer ist dein Coiffeur? 2. Meine Tochter will Coiffeuse werden.,,
B1,Coiffeuse,die,kuaför,"-n (CH) → D, A: Friseur",Nomen,1. Du siehst toll aus! Wer ist dein Coiffeur? 2. Meine Tochter will Coiffeuse werden.,,
B1,Couch,die,kanepe,-s,Nomen,Wir haben uns eine Couch und neue Sessel gekauft.,,
B1,Cousin,der,kuzen,-s,Nomen,Meine Cousine wohnt jetzt in Brasilien.,,
B1,Cousine,die,kuzin,-n,Nomen,Meine Cousine wohnt jetzt in Brasilien.,,
B1,Couvert,das,zarf,"-s (CH) Briefumschlag, A: Kuvert",Nomen,Ich hätte gern 50 Couverts und Briefmarken dazu.,,
B1,dabei,,"yanında, bu arada",,Sonstiges,"1. Was hast du dir dabei gedacht? 2. Schön, dass du da bist. Ist deine Familie auch dabei? 3. Hast du einen Stift dabei?",,
B1,Dach,das,çatı,¨-er,Nomen,1. Wir müssen das Dach reparieren lassen. 2. Wir wohnen direkt unter dem Dach.,,
B1,dafür,,"onun için, lehinde",,Sonstiges,"1. Meine Schwester interessiert sich für Politik. Ich interessiere mich nicht dafür. 2. Ich bin dafür, dass wir möglichs",,
B1,dagegen,,"ona karşı, aleyhinde",,Sonstiges,"1. Vorsicht, da ist ein Baum! Fahr nicht dagegen! 2. Sind Sie für oder gegen ein Rauchverbot? - Ich bin dagegen. 3. Ich ",,
B1,daher,,"bu yüzden, bu nedenle",,Sonstiges,"Ich bin erkältet, daher kann ich heute nicht kommen.",,
B1,dahin,,"oraya, o zamana kadar",,Sonstiges,Der Zug kommt in 30 Minuten. Bis dahin können wir einen Kaffee trinken.,,
B1,damit,,"onunla, ...sın diye",,Sonstiges,"1. Mach schnell, damit wir nicht zu spät kommen. 2. Was macht man mit diesem Ding? - Damit kann man Dosen aufmachen.",,
B1,danach,,ondan sonra,,Sonstiges,"Zuerst gehen wir einkaufen, danach grillen wir auf unserem Balkon.",,
B1,dankbar,,minnettar,,Sonstiges,Ich bin Ihnen sehr dankbar für Ihre Hilfe.,,
B1,darstellen,,"göstermek, tasvir etmek","stellt dar, stellte dar, hat dargestellt",Verb,Er konnte das Problem sehr gut darstellen.,,
B1,Darstellung,die,"tasvir, sunum, gösterim",-en,Nomen,Ihr Buch enthält eine klare Darstellung dieser Probleme.,,
B1,Daten,die,veriler,(Plural),Nomen,Wir haben alle Ihre Daten im Computer.,,
B1,Dauer,die,süre,,Nomen,1. Sie können das Buch für die Dauer einer Woche ausleihen. 2. Auf Dauer ist die Arbeit nicht interessant.,,
B1,dauernd,,sürekli,,Sonstiges,1. Das dauernde Klingeln des Telefons stört mich. 2. Er ist dauernd krank.,,
B1,Decke,die,"tavan, battaniye",-n,Nomen,1. Im Wohnzimmer haben wir keine Lampe an der Decke. 2. Kann ich noch eine Decke bekommen? Mir ist kalt.,,
B1,dekorieren,,"süslemek, dekore etmek","dekoriert, dekorierte, hat dekoriert",Verb,"Hilfst du mir, den Tisch für die Party zu dekorieren?",,
B1,Gedanke,der,"düşünce, fikir",-n,Nomen,1. Ich muss zuerst meine Gedanken sammeln. 2. Dein Hinweis bringt mich auf einen Gedanken. 3. Der Gedanke an das Unglück,,
B1,Denkmal,das,anıt,¨-er,Nomen,In dieser Stadt gibt es viele berühmte Denkmäler.,,
B1,derselbe,,aynı,"dieselbe, dasselbe",Sonstiges,Mein Freund und ich gehen in dieselbe Schule.,,
B1,Dessert,das,tatlı,"-s → D, A: Nachspeise",Nomen,Nach dem Essen gab es noch ein leckeres Dessert.,,
B1,deswegen,,bu yüzden,,Sonstiges,Ich habe falsch geparkt. Deswegen habe ich einen Strafzettel bekommen.,,
B1,Detail,das,"detay, ayrıntı",-s,Nomen,1. Dieses Detail ist unwichtig. 2. Ich habe alles bis ins kleinste Detail vorbereitet.,,
B1,Diät,die,"diyet, perhiz",,Nomen,Ich möchte abnehmen. Deshalb mache ich eine Diät.,,
B1,Dialekt,der,"lehçe, şive",-e,Nomen,"Ich verstehe dich besser, wenn du nicht Dialekt sprichst.",,
B1,Dialog,der,"diyalog, karşılıklı konuşma",-e,Nomen,Sie hören jetzt einen Dialog.,,
B1,dicht,,"sıkı, sızdırmaz",,Sonstiges,Unsere Fenster sind nicht dicht. Es zieht immer.,,
B1,Dieb,der,hırsız,-e,Nomen,Ein Dieb hat mir auf dem Markt die Tasche gestohlen.,,
B1,dienen,,hizmet etmek,"dient, diente, hat gedient",Verb,1. Solche Kontakte dienen der Verbesserung der internationalen Beziehungen. 2. Dieser Raum dient als Aufenthaltsraum. 3.,,
B1,Dienst,der,"hizmet, nöbet",,Nomen,1. Als Krankenschwester habe ich oft Frühdienst. 2. Morgen habe ich Dienst. Deshalb kann ich nicht kommen.,,
B1,diesmal,,"bu sefer, bu kez",,Sonstiges,Die letzten Spiele haben wir verloren. Diesmal haben wir zum Glück gewonnen.,,
B1,digital,,dijital,,Sonstiges,Ich habe eine Digitaluhr gekauft. Die geht genauer als meine alte Uhr.,,
B1,Diplom,das,diploma,-e,Nomen,Wo kann ich mein Diplom abholen?,,
B1,Direktor,der,müdür,-en,Nomen,Ich möchte gern mit dem Direktor sprechen.,,
B1,Direktorin,die,müdür,-nen,Nomen,Ich möchte gern mit dem Direktor sprechen.,,
B1,Diskothek,die,"disko, diskotek","-en/Disko, -s",Nomen,Wir gehen heute Abend in die Disko(thek).,,
B1,Diskussion,die,tartışma,-en,Nomen,Im Fernsehen gab es eine Diskussion zum Thema „Kinderbetreuung“.,,
B1,Distanz,die,mesafe,-en,Nomen,Diese Firma transportiert Waren auch über große Distanzen.,,
B1,Doktorin,die,doktor,-nen,Nomen,1. Ist Frau Dr. Müller da? 2. Meine Tochter ist krank. Wir gehen zum Doktor.,,
B1,Dokument,das,"belge, doküman",-e,Nomen,1. Hast du alle Dokumente für die Anmeldung dabei? 2. Dieser Stein ist ein wichtiges Dokument für die alte römische Kult,,
B1,donnern,,gök gürlemek,"donnert, donnerte, hat gedonnert",Verb,1. Hörst du es donnern? Das Gewitter kommt näher. 2. Der Lkw donnert über die Landstraße.,,
B1,Donner,der,gök gürültüsü,,Nomen,- Der Donner kam erst lange nach dem Blitz.,,
B1,doppelt,,"çift, iki katı",,Sonstiges,Das Buch habe ich doppelt.,,
B1,Doppel-,,çift,,Sonstiges,1. Wir hätten gern ein Doppelbett. 2. Wollen Sie ein Doppelzimmer oder ein Einzelzimmer?,,
B1,dorthin,,oraya,,Sonstiges,Deine Tasche kannst du dorthin stellen.,,
B1,Dose,die,"konserve kutusu, teneke kutu","-n → D, CH: Büchse",Nomen,Ich habe noch eine Dose Bohnen.,,
B1,Dreck,der,"kir, pislik",,Nomen,1. Iss den Apfel nicht! Der lag im Dreck. 2. Ich konnte vor lauter Dreck auf dem Fenster nichts sehen. 3. Kümmere dich u,,
B1,drehen,,"çevirmek, döndürmek","dreht, drehte, hat gedreht",Verb,1. Drehen Sie zum Einschalten den Schalter nach rechts. 2. Die Kinder drehen sich zur Musik im Kreis. 3. Bei Familie Hub,,
B1,drin,,içeride,drinnen,Sonstiges,1. Wo wollt ihr sitzen? Draußen oder drinnen? 2. Bei der Hitze ist es drinnen viel angenehmer. 3. In der Packung ist nic,,
B1,Droge,die,uyuşturucu,-n,Nomen,Nimmst du etwa Drogen?,,
B1,Drogerie,die,drogeri,-n,Nomen,Waschmittel bekommst du in der Drogerie.,,
B1,Druck,der,"baskı, basınç",,Nomen,1. Mit einem Knopfdruck schaltet man das Gerät ein. 2. Wie hoch muss der Druck in den vorderen Reifen sein?,,
B1,durcheinander,,"karmakarışık, dağınık",,Sonstiges,3. Wir haben den ganzen Mai durch geheizt. 4. Wir haben unsere Wohnung durch einen Freund bekommen. 1. Alle meine Sachen,,
B1,Durchschnitt,der,ortalama,-e,Nomen,1. Der Durchschnitt der Ausgaben liegt bei 150 Euro im Monat. 2. Im Durchschnitt brauchen wir täglich 20 Minuten zur Arb,,
B1,durchschnittlich,,ortalama olarak,,Sonstiges,Die Preise sind im letzten Jahr um durchschnittlich 6 % gestiegen.,,
B1,durstig,,susamış,,Sonstiges,Du bist sicher durstig. Was möchtest du trinken?,,
B1,duzen,,sen diye hitap etmek,"duzt, duzte, hat geduzt",Verb,"Wollen wir Du zueinander sagen? Ja, wir können uns gern duzen?",,
B1,eben,,"az önce, işte",,Sonstiges,1. Ich bin eben erst angekommen. 2. Ich gebe auf. Ich habe eben kein Glück!,,
B1,ebenfalls,,"aynı şekilde, keza",,Sonstiges,"Ich wünsche Ihnen ein schönes Wochenende. – Danke, ebenfalls.",,
B1,ebenso,,"aynı şekilde, keza",,Sonstiges,"Schöne Feiertage. – Danke, ebenso.",,
B1,e-card,die,sağlık sigortası kartı,(A) → D,Nomen,Haben Sie Ihre e-card dabei?,,
B1,Versichertenkarte,die,"sigorta kartı, sağlık kartı",,Nomen,Haben Sie Ihre e-card dabei?,,
B1,ec-Karte/EC-Karte → A: Bankomat-Karte,die,banka kartı,,Nomen,Bezahlen Sie bar? Sie können auch mit der ec-Karte zahlen.,,
B1,Eck,das,köşe,"-en (A) → D, CH: Ecke",Nomen,1. Das Regal stellen wir hier ins Eck. 2. Das bekommen Sie im Kiosk am Eck. 3. Wo ist die Apotheke? − Gleich ums Eck.,,
B1,eckig,,köşeli,,Sonstiges,"Ich möchte einen eckigen Tisch, keinen runden.",,
B1,Ehe,die,evlilik,-n,Nomen,Sie hat zwei Kinder aus erster Ehe.,,
B1,Ehepaar,das,"evli çift, karı koca",-e,Nomen,Das Ehepaar unter uns hat zwei Kinder.,,
B1,eher,,"daha çok, ziyade",,Sonstiges,"1. Ich stehe meist eher auf als mein Mann. 2. Michael sieht gerne Serien, ich mag eher Krimis.",,
B1,ehrlich,,dürüst,,Sonstiges,1. Sie ist ein ehrlicher Mensch. 2. Bitte sei in dieser Sache ehrlich. 3. Die Pause haben wir uns ehrlich verdient.,,
B1,eigen-,,"kendi, özel",,Sonstiges,1. Fast jedes Kind hat ein eigenes Zimmer. 2. Manche Leute haben keine eigene Meinung.,,
B1,eigentlich,,aslında,,Sonstiges,"1. Wir wollten eigentlich Freunde besuchen, aber dann sind wir doch zu Hause geblieben. 2. Die Sängerin nennt sich Arabe",,
B1,sich eignen,,"uygun olmak, elverişli olmak","eignet sich, eignete sich, hat sich geeignet",Verb,Dieses Hotel eignet sich besonders für Familien mit Kindern.,,
B1,eilen,,acele etmek,"eilt, eilte, hat/ist geeilt",Verb,Es eilt sehr. Bitte machen Sie schnell.,,
B1,Eile,die,acele,,Nomen,1. Ich bin sehr in Eile 2. Das hat keine Eile.,,
B1,Einbahnstraße,die,tek yönlü sokak,-n,Nomen,Die Goethestraße ist jetzt eine Einbahnstraße.,,
B1,einbrechen,,"içeri girmek, zorla girmek","bricht ein, brach ein, ist eingebrochen",Verb,Jemand ist in unsere Wohnung eingebrochen.,,
B1,Einbrecher,der,hırsız,"die Einbrecherin, -nen",Nomen,- Die Einbrecher haben nichts gestohlen.,,
B1,Einbruch,der,"hırsızlık, ev soygunu",¨-e,Nomen,In der Urlaubszeit gibt es viele Wohnungseinbrüche.,,
B1,eindeutig,,"kesin, açık",,Sonstiges,1. Das Ergebnis ist eindeutig. Du hast gewonnen. 2. Du kannst eindeutig besser kochen als ich.,,
B1,Eindruck,der,izlenim,¨-e,Nomen,"1. Ich finde die Leute auf der Straße ziemlich unfreundlich. Wie ist dein Eindruck? 2. Ich glaube, ich habe bei dem Vors",,
B1,einerseits,,bir yandan,,Sonstiges,"Einerseits möchte ich die Reise gern machen, andererseits ist sie zu teuer.",,
B1,Einfahrt,die,giriş yolu,-en,Nomen,1. Da parkt wieder jemand vor unserer Einfahrt. 2. Können Sie nicht lesen: Einfahrt freihalten!,,
B1,einfallen,,aklına gelmek,"fällt ein, fiel ein, ist eingefallen",Verb,"Mir ist wieder eingefallen, wie das Buch heißt.",,
B1,Einfall,der,"fikir, buluş",¨-e,Nomen,Frag einfach meine Freundin. Sie hat immer gute Einfälle.,,
B1,Einfluss,der,etki,¨-e,Nomen,Das Wetter hat Einfluss auf die Gesundheit der Menschen.,,
B1,beeinflussen,,etkilemek,"beeinflusst, beeinflusste, hat beeinflusst",Verb,Dieses Ereignis hat die Wahlen beeinflusst.,,
B1,einfügen,,"eklemek, yapıştırmak","fügt ein, fügte ein, hat eingefügt",Verb,"Markieren Sie zuerst die Zeilen, dann „kopieren“ drücken und dann einfügen.",,
B1,einführen,,"ithal etmek, uygulamaya koymak","führt ein, führte ein, hat eingeführt",Verb,1. Dürfen wir diese Ware ins Land einführen? 2. Wir haben letztes Jahr ein neues System eingeführt.,,
B1,Einführung,die,"giriş, tanıtım",-en,Nomen,Leider habe ich die Einführung des Kurses verpasst.,,
B1,einheitlich,,"tek tip, standart",,Sonstiges,Die Schüler dieser Schule tragen einheitliche Kleidung.,,
B1,sich einigen,,"anlaşmak, uzlaşmak","einigt sich, einigte sich, hat sich geeinigt",Verb,Jeder hat einen anderen Vorschlag. Wir können uns leider nicht einigen.,,
B1,Einkauf,der,alışveriş,¨-e,Nomen,1. Achten Sie beim Einkauf auf Sonderangebote. 2. Ich habe alle Einkäufe erledigt. Jetzt können wir einen Kaffee trinken,,
B1,Einkommen,das,gelir,-,Nomen,Bei einem höheren Einkommen muss man mehr Steuern zahlen.,,
B1,einnehmen,,"almak, kullanmak","nimmt ein, nahm ein, hat eingenommen",Verb,Wie muss ich die Tropfen einnehmen?,,
B1,Einnahme,die,"gelir, kazanç",-n,Nomen,Unser Geschäft läuft gut. Unsere Einnahmen waren in diesem Monat höher als im letzten.,,
B1,einrichten,,"döşemek, kurmak","richtet ein, richtete ein, hat eingerichtet",Verb,"1. Ich habe meine Wohnung selbst eingerichtet. 2. Wenn Sie Fragen haben, rufen Sie uns an. Wir haben eine extra Telefon-",,
B1,Einrichtung,die,"döşeme, iç dizayn",-en,Nomen,"Deine Wohnung ist sehr gemütlich, die Einrichtung gefällt mir sehr gut.",,
B1,einsam,,yalnız,,Sonstiges,Ohne meine Familie fühle ich mich ein bisschen einsam.,,
B1,einschalten,,açmak,"schaltet ein, schaltete ein, hat eingeschaltet",Verb,Können Sie bitte die Heizung einschalten?,,
B1,einschließlich,,dahil,,Sonstiges,Alles zusammen kostet 200 Euro einschließlich Fahrtkosten.,,
B1,Einschreiben,das,taahhütlü mektup,-,Nomen,Ich habe den Brief als Einschreiben geschickt.,,
B1,einsetzen,,"görevlendirmek, kullanmak, çaba göstermek","setzt ein, setzte ein, hat eingesetzt",Verb,"1. Ich glaube, wir müssen jemanden einsetzen, der sich um die Organisation kümmert. 2. Peter hat sich dafür eingesetzt, ",,
B1,einstellen,,"işe almak, ayarlamak","stellt ein, stellte ein, hat eingestellt",Verb,1. Die Firma wird in diesem Jahr drei neue Leute einstellen. 2. Das Gerät ist nicht richtig eingestellt.,,
B1,eintragen,,"kaydetmek, yazmak","trägt ein, trug ein, hat eingetragen",Verb,Tragen Sie sich bitte in die Liste ein.,,
B1,eintreten,,"katılmak, üye olmak","tritt ein, trat ein, ist eingetreten",Verb,Letztes Jahr bin ich in einen Sportverein eingetreten.,,
B1,einverstanden,,"anlaştık, hemfikir",,Sonstiges,"1. Als Termin schlage ich den 3. Mai vor. – Gut, einverstanden! 2. Bist du einverstanden, wenn wir bald nach Hause gehen",,
B1,Einwohner,der,"sakin, nüfus",-,Nomen,Berlin hat über drei Millionen Einwohner.,,
B1,Einwohnerin,die,sakin,-nen,Nomen,Berlin hat über drei Millionen Einwohner.,,
B1,einzahlen,,para yatırmak,"zahlt ein, zahlte ein, hat eingezahlt",Verb,Ich habe gestern Geld auf mein Bankkonto eingezahlt.,,
B1,Einzahlung,die,para yatırma,-en,Nomen,Sie sollten die Einzahlung pünktlich machen.,,
B1,einzeln,,"tek tek, ayrı ayrı",,Sonstiges,"1. Dieses Mineralwasser gibt es nur als Sechserpack, nicht einzeln. 2. Die Schüler mussten einzeln zum Schularzt kommen.",,
B1,Einzel-,,"tekli, tek kişilik",,Sonstiges,"z. B. Einzelkind, Einzelzimmer",,
B1,Einzelheit,die,"ayrıntı, detay",-en,Nomen,Du musst mir das in allen Einzelheiten erzählen.,,
B1,einzig-,,"tek, yegâne",,Sonstiges,"1. Wir waren die einzigen Gäste. 2. Das war das einzige Mal, dass ich ihn gesehen habe.",,
B1,Eis (D,das,"dondurma, buz",A) → CH: Glace/Glacé,Nomen,Zum Nachtisch gibt es Schokoladeneis.,,
B1,Eisenbahn,die,"demiryolu, tren",-en,Nomen,Die Kinder wünschen sich eine elektrische Eisenbahn.,,
B1,elegant,,şık,,Sonstiges,Ich finde dein Kleid sehr elegant.,,
B1,elektrisch,,elektrikli,,Sonstiges,"Wir kochen nicht mit Gas, sondern elektrisch.",,
B1,Elektro-,,elektrik,,Sonstiges,"z.B. Elektrogeschäft, Elektroingenieur, Elektroherd",,
B1,elektronisch,,elektronik,,Sonstiges,"Wir sollten die Daten elektronisch bearbeiten, sonst dauert es zu lange.",,
B1,empfangen,,"almak, karşılamak","empfängt, empfing, hat empfangen",Verb,1. Wir können mit unserem Fernseher über 30 Programme empfangen. 2. Die Gäste wurden sehr herzlich empfangen.,,
B1,Empfang,der,"alım, çekim, resepsiyon",¨-e,Nomen,1. Bitte den Empfang bestätigen! 2. Ich bin mit dem Fernseher nicht zufrieden. Der Empfang ist sehr schlecht. 3. Zur Fir,,
B1,Empfehlung,die,"tavsiye, öneri",-en,Nomen,Ich rufe auf Empfehlung von Herrn Weber an.,,
B1,endgültig,,"kesin, nihai",,Sonstiges,1. Damit ist das Problem endgültig gelöst. 2. Der endgültige Termin steht noch nicht fest. 3. Das Ergebnis ist noch nich,,
B1,Energie,die,enerji,-n,Nomen,"1. Wir müssen Energie sparen. 2. Abends habe ich keine Energie mehr, um Sport zu machen.",,
B1,Enkel,der,torun,-,Nomen,Alle meine Enkel gehen schon zur Schule.,,
B1,Enkelin,die,torun,-nen,Nomen,Alle meine Enkel gehen schon zur Schule.,,
B1,entdecken,,"keşfetmek, fark etmek","entdeckt, entdeckte, hat entdeckt",Verb,Ich habe in deinem Brief noch ein paar Fehler entdeckt.,,
B1,entfernen,,"uzaklaştırmak, kaldırmak","entfernt, entfernte, hat entfernt",Verb,1. Der Müll muss dringend entfernt werden. 2. Das Hotel liegt etwa 100 m vom Strand entfernt.,,
B1,Entfernung,die,"mesafe, uzaklık",-en,Nomen,Aus dieser Entfernung ist das nicht zu erkennen.,,
B1,entgegenkommen,,"karşılamak, kolaylık göstermek",,Sonstiges,1. Auf dem Weg nach Hause ist mir mein Nachbar entgegengekommen. 2. Können Sie mir mit dem Preis entgegenkommen?,,
B1,enthalten,,içermek,"enthält, enthielt, hat enthalten",Verb,1. Diese Schokolade enthält nur sehr wenig Zucker. 2. Ist die Änderung im Preis enthalten?,,
B1,entlang,,boyunca,,Sonstiges,Gehen Sie diese Straße entlang. Dann kommen Sie direkt zum Bahnhof.,,
B1,entlassen,,"taburcu etmek, işten çıkarmak","entlässt, entließ, hat entlassen",Verb,1. Die Operation ist gut gelaufen. Wir können Sie nächste Woche aus dem Krankenhaus entlassen. 2. Die Firma hat viele Mi,,
B1,Entlassung,die,işten çıkarma,-en,Nomen,Seine Entlassung aus der Firma kam überraschend.,,
B1,entscheiden,,karar vermek,"entscheidet, entschied, hat entschieden",Verb,"1. Das kann ich nicht allein entscheiden, da muss ich erst fragen. 2. Für welchen Anzug haben Sie sich entschieden?",,
B1,Entscheidung,die,karar,-en,Nomen,Diese wichtige Entscheidung möchte ich zuerst mit meinem Mann besprechen.,,
B1,unentschieden,,"berabere, kararsız",,Sonstiges,"1. Es steht unentschieden zwischen den beiden Mannschaften. 2. Ich bin noch immer unentschieden, was ich morgen tun soll",,
B1,sich entschließen,,karar vermek,"entschließt sich, entschloss sich, hat sich entschlossen",Verb,"Mein Nachbar hat sich nun doch entschlossen, sein Auto zu verkaufen.",,
B1,entschlossen,,kararlı,,Sonstiges,"Ich bin fest entschlossen, diese Ausbildung fertigzumachen.",,
B1,entsorgen,,"elden çıkarmak, imha etmek","entsorgt, entsorgte, hat entsorgt",Verb,Wie kann ich meine alte Kaffeemaschine entsorgen?,,
B1,entspannend,,rahatlatıcı,,Sonstiges,Der Urlaub war sehr entspannend.,,
B1,entstehen,,"oluşmak, ortaya çıkmak","entsteht, entstand, ist entstanden",Verb,1. Hier entsteht ein neues Einkaufszentrum. 2. Andere Kosten entstehen nicht.,,
B1,enttäuschen,,hayal kırıklığına uğratmak,"enttäuscht, enttäuschte, hat enttäuscht",Verb,1. Leider hat mich sein Verhalten enttäuscht. 2. Wir waren von dem Konzert sehr enttäuscht. 3. Das Ergebnis war enttäusc,,
B1,Enttäuschung,die,hayal kırıklığı,-en,Nomen,Das Endspiel war eine große Enttäuschung.,,
B1,entweder ... oder,,ya ... ya da,,Sonstiges,"Nur einer kann gewinnen, entweder du oder ich.",,
B1,entwickeln,,geliştirmek,"entwickelt, entwickelte, hat entwickelt",Verb,1. Unser Sohn entwickelt sich gut in der Schule. 2. Die Firma hat ein neues Produkt entwickelt.,,
B1,Entwicklung,die,"gelişim, gelişme",-en,Nomen,Genug Schlaf ist wichtig für die Entwicklung Ihres Kindes.,,
B1,Erde,die,"toprak, dünya",,Nomen,1. Die Pflanzen brauchen neue Erde. 2. Mein Sohn hat das Glas auf die Erde fallen lassen.,,
B1,Erdapfel,der,patates,¨- (A) → Kartoffel,Nomen,3. An der Konferenz nehmen Vertreter aus fast allen Ländern der Erde teil. Kann ich bitte noch Erdäpfel bekommen?,,
B1,Erdgeschoss/ Ergeschoß,das,zemin kat,-e,Nomen,Unsere Wohnung befindet sich im Erdgeschoss.,,
B1,Ereignis,das,olay,-se,Nomen,1. Alle Zeitungen haben über diese Ereignisse berichtet. 2. Das Konzert war ein großes Ereignis.,,
B1,sich ereignen,,"meydana gelmek, olmak","ereignet sich, ereignete sich, hat sich ereignet",Verb,Der Unfall ereignete sich am frühen Morgen.,,
B1,erfahren,,öğrenmek,"erfährt, erfuhr, hat erfahren",Verb,Wann erfahren wir das Ergebnis der Prüfung?,,
B1,erfinden,,icat etmek,"erfindet, erfand, hat erfunden",Verb,Das Rad wurde vor ca. 6000 Jahren erfunden.,,
B1,Erfindung,die,"icat, buluş",-en,Nomen,Die Erfindung des Buchdrucks war sehr wichtig für die Menschen.,,
B1,Erfolg,der,başarı,-e,Nomen,1. Der Film war ein großer Erfolg. 2. Ich wünsche Ihnen viel Erfolg bei der Prüfung.,,
B1,erfolgreich,,başarılı,,Sonstiges,Mein Großvater war ein erfolgreicher Geschäftsmann.,,
B1,erforderlich,,gerekli,,Sonstiges,"1. Hier ist die Liste der erforderlichen Zutaten für den Kuchen. 2. Es ist erforderlich, dass man den Pass persönlich ab",,
B1,erfordern,,gerektirmek,"erfordert, erforderte, hat erfordert",Verb,Dieser Job erfordert viel Kraft.,,
B1,erfüllen,,yerine getirmek,"erfüllt, erfüllte, hat erfüllt",Verb,1. Sie müssen den Vertrag in allen Punkten erfüllen. 2. Wir erfüllen Ihnen jeden Wunsch.,,
B1,ergänzen,,tamamlamak,"ergänzt, ergänzte, hat ergänzt",Verb,Ergänzen Sie bitte die fehlenden Angaben.,,
B1,erhalten,,"almak, elde etmek","erhält, erhielt, hat erhalten",Verb,Ihr Schreiben vom 3. Januar haben wir erhalten.,,
B1,erhöhen,,"artırmak, yükseltmek","erhöht, erhöhte, hat erhöht",Verb,1. Die Regierung wird sicher bald wieder die Steuern erhöhen.,,
B1,Erhöhung,die,"artış, zam",-en,Nomen,2. Die Zahl der Unfälle hat sich stark erhöht. Wir streiken für eine Lohnerhöhung.,,
B1,sich erholen,,"dinlenmek, iyileşmek","erholt sich, erholte sich, hat sich erholt",Verb,1. Im Urlaub habe ich mich sehr gut erholt. 2. Er hat sich nach dem Unfall sehr schnell wieder erholt.,,
B1,Erholung,die,dinlenme,-en,Nomen,Ich habe zu viel gearbeitet. Jetzt brauche ich etwas Erholung.,,
B1,erinnern,,"hatırlatmak, hatırlamak","erinnert, erinnerte, hat erinnert",Verb,"1. Bitte, erinnern Sie mich noch einmal an den Termin 2. Ich erinnere mich noch genau an Francescos Vater.",,
B1,Erinnerung,die,"anı, hatıra",-en,Nomen,An diese Zeit habe ich viele schöne Erinnerungen.,,
B1,sich erkälten,,"soğuk algınlığına yakalanmak, üşütmek","erkältet sich, erkältete sich, hat sich erkältet",Verb,Der Junge hat sich beim Baden erkältet.,,
B1,erkältet,,"nezleli, soğuk algınlığı olan",,Sonstiges,Ich bin stark erkältet.,,
B1,Erkältung,die,"soğuk algınlığı, nezle",-en,Nomen,Du hast eine schlimme Erkältung!,,
B1,erkennen,,"tanımak, fark etmek, anlamak","erkennt, erkannte, hat erkannt",Verb,"1. Ich habe Roberto gleich an seiner Stimme erkannt. 2. Auf dem Foto kann man kaum etwas erkennen. 3. Ich habe erkannt, ",,
B1,Erklärung,die,"açıklama, beyanname",-en,Nomen,1. Hast du schon die Steuererklärung gemacht? 2. Die Erklärung der Lehrerin ist besser als die Erklärung im Buch.,,
B1,sich erkundigen,,"bilgi almak, sormak","erkundigt sich, erkundigte sich, hat sich erkundigt",Verb,"1. Hast du dich schon nach einem Zug erkundigt? 2. Ich möchte mich erkundigen, wie es Ihnen geht.",,
B1,erleben,,"yaşamak, tecrübe etmek","erlebt, erlebte, hat erlebt",Verb,In unserem Urlaub haben wir viel Schönes erlebt.,,
B1,Erlebnis,das,"deneyim, yaşantı",-se,Nomen,Die Reise war ein tolles Erlebnis.,,
B1,erledigen,,"halletmek, yapmak, bitirmek","erledigt, erledigte, hat erledigt",Verb,Diese zwei Pakete müssen zur Post. Könntest du das für mich erledigen?,,
B1,erleichtern,,"kolaylaştırmak, rahatlatmak","erleichtert, erleichterte, hat erleichtert",Verb,"1. Ich bin erleichtert, dass alles so gut geklappt hat. 2. Das Internet erleichtert mir die Arbeit sehr.",,
B1,ernähren,,beslemek,"ernährt, ernährte, hat ernährt",Verb,"1. Wie ernähre ich mich richtig? 2. Meine Eltern müssen beide arbeiten, um die Familie zu ernähren.",,
B1,Ernährung,die,beslenme,,Nomen,Ich finde eine gesunde Ernährung wichtig.,,
B1,ernst,,ciddi,,Sonstiges,Der starke Verkehr ist ein ernstes Problem.,,
B1,ernsthaft,,"ciddi, ciddi bir şekilde",,Sonstiges,"Ich überlege ernsthaft, ob ich in eine andere Stadt ziehen soll.",,
B1,Ernte,die,"hasat, ürün",-n,Nomen,Die Ernte ist dieses Jahr gut.,,
B1,eröffnen,,açmak,"eröffnet, eröffnete, hat eröffnet",Verb,1. Mein Nachbar hat letzten Monat ein Geschäft eröffnet. 2. Ich möchte ein Konto eröffnen.,,
B1,Eröffnung,die,açılış,-en,Nomen,Die Eröffnung der neuen Oper ist am 1. Juni.,,
B1,erschöpft,,"bitkin, tükenmiş",,Sonstiges,Nach dem Sport bin ich immer sehr erschöpft.,,
B1,erschrecken,,"korkmak, ürkmek, korkutmak","erschrickt, erschrak, ist erschrocken/ jdn. erschrecken, erschreckt, erschreckte, hat erschreckt",Verb,1. Du hast richtig krank ausgesehen. Ich war ganz erschrocken. 2. Hast du mich aber erschreckt! 3. Entschuldigung. Ich w,,
B1,ersetzen,,"yerine koymak, değiştirmek, tazmin etmek","ersetzt, ersetzte, hat ersetzt",Verb,1. Wir ersetzen Ihnen die Kosten. 2. Peter ist krank. Jemand muss ihn ersetzen.,,
B1,Ersatz,der,"yedek, karşılık, tazminat",,Nomen,Sie bekommen von unserer Firma einen Ersatz für das kaputte Gerät.,,
B1,erst-,,"birinci, ilk",,Sonstiges,1. Ich war zum ersten Mal allein im Urlaub. 2. Ich wohne im ersten Stock. 3. An erster Stelle kommt die Schule.,,
B1,erstellen,,"hazırlamak, oluşturmak, düzenlemek","erstellt, erstellte, hat erstellt",Verb,"Erstellen Sie bitte eine Liste mit allen Informationen, die Sie brauchen.",,
B1,erwachsen,,"yetişkin, büyümüş",,Sonstiges,1. Die Kinder sind schon fast erwachsen. 2. Wir haben zwei erwachsene Töchter.,,
B1,erwarten,,"beklemek, ummak","erwartet, erwartete, hat erwartet",Verb,1. Ich erwarte einen Anruf aus Berlin. 2. Frau Müller erwartet ein Kind. 3. Wir hatten nichts anderes erwartet. 4. Ich k,,
B1,Erzählung,die,"hikaye, öykü, anlatı",-en,Nomen,Diese Erzählung ist sehr berühmt. Du musst sie lesen.,,
B1,erziehen,,"yetiştirmek, eğitmek","erzieht, erzog, hat erzogen",Verb,Kinder zu erziehen ist nicht leicht.,,
B1,Erziehung,die,"yetiştirme, terbiye, eğitim",,Nomen,Heute kümmern sich auch viele Väter um die Erziehung der Kinder.,,
B1,Essig,der,sirke,,Nomen,Am Salat fehlt noch etwas Essig.,,
B1,Etage,die,kat,"-n (D, CH) → Stock",Nomen,"Das Büro ist in der 3. Etage, Zimmer 305.",,
B1,etwa,,"yaklaşık, aşağı yukarı",,Sonstiges,1. Von hier sind es etwa zwanzig Kilometer.,,
B1,eventuell,,"belki, muhtemelen",,Sonstiges,Ich komme eventuell etwas später.,,
B1,ewig,,"sonsuz, ebediyen",,Sonstiges,Ich warte schon ewig auf mein neues Auto!,,
B1,Experte,der,uzman,-n,Nomen,Ich verstehe ein bisschen was von Computern. Aber ich bin kein Experte.,,
B1,Export,der,ihracat,-e,Nomen,"1. Hier ist die Firma Schulz, Import und Export. 2. Sonja arbeitet in der Exportabteilung.",,
B1,extra,,"ayrıca, özellikle, fazladan",,Sonstiges,1. Die Getränke kosten extra. 2. Warum sind Sie nicht gekommen? Ich habe extra auf Sie gewartet.,,
B1,extrem,,"aşırı, son derece",,Sonstiges,Die Prüfung war extrem schwer.,,
B1,Fabrik,die,fabrika,-en,Nomen,Ich arbeite in einer Autofabrik.,,
B1,Fachmann,der,"uzman, usta",,Nomen,Meine Schwester ist Computerfachfrau.,,
B1,Fachfrau,die,kadın uzman,-en,Nomen,Meine Schwester ist Computerfachfrau.,,
B1,Fachleute,die,uzmanlar,(Pl.),Nomen,Die suchen Fachleute für dieses Computerprogramm.,,
B1,Fähigkeit,die,"yetenek, kabiliyet",-en,Nomen,"1. In seiner Position braucht man die Fähigkeit, andere zu überzeugen. 2. Ich glaube, sie hat die Fähigkeit dazu.",,
B1,Fähre,die,feribot,-n,Nomen,Wir nehmen die Fähre über den Bodensee.,,
B1,Fahrbahn,die,"taşıt yolu, yol",-en,Nomen,Fahren Sie bitte vorsichtig. Es sind Kühe auf der Fahrbahn.,,
B1,Fahrzeug,das,"araç, taşıt",-e,Nomen,Wem gehört das Fahrzeug?,,
B1,fair,,"adil, dürüst",,Sonstiges,"Ich finde, unsere Mannschaft hat sehr fair gespielt.",,
B1,Faktor,der,"faktör, etken",-en,Nomen,Die Creme hat einen hohen Sonnenschutzfaktor.,,
B1,Fall,der,"durum, hâl",¨-e,Nomen,"1. Was würden Sie in diesem Fall tun? 2. Rufen Sie auf jeden Fall vorher noch einmal an. 3. Für den Fall, dass meine Mut",,
B1,fällig,,"vadesi gelmiş, ödenmesi gereken",,Sonstiges,Die Rechnung ist Énde des Monats fällig.,,
B1,falls,,"eğer, şayet",,Sonstiges,"Falls es regnet, machen wir kein Picknick.",,
B1,Familienstand (D,der,medeni hâl,"A) Personenstand, CH: Zivilstand",Nomen,Bei „Familienstand“ musst du „ledig“ ankreuzen.,,
B1,fangen,,"yakalamak, tutmak","fängt, fing, hat gefangen",Verb,1. Das Kind hat den Ball gefangen. 2. Unsere Katze hat eine Maus gefangen.,,
B1,Fantasie/Phantasie,die,"hayal gücü, fantazi",-n,Nomen,Mein Sohn malt sehr gut. Er hat viel Fantasie.,,
B1,farbig,,renkli,,Sonstiges,"Ich brauche kein weißes, sondern farbiges Papier.",,
B1,Faschierte (A) D,das,kıyma,CH: Hackfleisch,Nomen,Geben Sie mir bitte 500 g Faschiertes.,,
B1,Fasching,der,karnaval,"- (D, A) D: Karneval, CH: Fasnacht",Nomen,Dort hängt mein Kostüm für den Faschings(um)zug.,,
B1,Fasnacht (CH) D,die,karnaval,"A: Fasching, D: Karneval",Nomen,Dort hängt mein Kostüm für den Fasnachtsumzug.,,
B1,fassen,,"tutmak, yakalamak, almak","fasst, fasste, hat gefasst",Verb,"1. Sie haben den Dieb gefasst. 2. Ich habe den Entschluss gefasst, nach Wien zu ziehen.",,
B1,faulenzen,,"tembellik etmek, aylaklık etmek","faulenzt, faulenzte, hat gefaulenzt",Verb,Am Wochenende können wir faulenzen.,,
B1,Fauteuil,der,koltuk,"-s (A, CH) → D, CH: Sessel",Nomen,Ich hätte gern einen bequemen Fauteuil.,,
B1,Feierabend,der,"iş çıkışı, mesai sonu",,Nomen,Einen schönen Feierabend.,,
B1,Feiertag,der,"tatil günü, bayram günü",-e,Nomen,1. Am Montag ist Feiertag. 2. Schöne Feiertage.,,
B1,Feld,das,"tarla, alan",-er,Nomen,Auf diesem Feld wächst Gemüse.,,
B1,Ferien (Pl.) (CH) → D,die,tatil,A: Urlaub Ferien-,Nomen,Ich habe noch drei Tage Ferien. Ich suche eine günstige Ferienwohnung.,,
B1,Fernbedienung,die,uzaktan kumanda,-en,Nomen,Hast du die Fernbedienung gesehen?,,
B1,fest,,"sağlam, sıkı, kesin",,Sonstiges,"1. Mein Kollege glaubt fest daran, dass er die neue Stelle bekommt. 2. Als wir nach Hause kamen, haben die Kinder schon ",,
B1,Festplatte,die,sabit disk,-n,Nomen,Mein Computer hat eine große Festplatte.,,
B1,festhalten,,"sıkıca tutmak, tutunmak","hält fest, hielt fest, hat festgehalten",Verb,1. Halt dich gut fest. 2. Halt die Flasche gut fest.,,
B1,festlegen,,"belirlemek, kararlaştırmak","legt fest, legte fest, hat festgelegt",Verb,"1. Ich weiß noch nicht, ob ich das mache. Ich möchte mich noch nicht festlegen. 2. Habt ihr den Hochzeitstermin schon fe",,
B1,festnehmen nimmt fest,,"tutuklamak, gözaltına almak","nahm fest, hat festgenommen.",Verb,Die Polizei hat einen Mann festgenommen.,,
B1,festsetzen,,"belirlemek, kararlaştırmak, tespit etmek","setzt fest, setzte fest, hat festgesetzt",Verb,Die Schule hat den Termin für die Prüfung festgesetzt.,,
B1,feststehen,,"kesinleşmiş olmak, belli olmak","steht fest, stand fest, ist festgestanden",Verb,Der Termin steht seit Langem fest.,,
B1,feststellen,,"tespit etmek, saptamak, fark etmek","stellt fest, stellte fest, hat festgestellt",Verb,"1. Er hat festgestellt, dass der Absender des Briefes falsch war. 2. Der Arzt hat mich untersucht, konnte aber nichts fe",,
B1,Fett,das,yağ,,Nomen,Man soll nicht so viel Fett essen.,,
B1,feucht,,"nemli, ıslak",,Sonstiges,1. Die Wäsche ist noch feucht. 2. Es ist heute feucht draußen.,,
B1,Feuerzeug,das,çakmak,-e,Nomen,Ist das Feuerzeug neu?,,
B1,Feuerwehr,die,itfaiye,-en,Nomen,Schnell! Rufen Sie die Feuerwehr! Die Nummer ist: 112.,,
B1,Figur,die,"vücut yapısı, figür, şekil",-en,Nomen,1. Lars hat eine gute Figur. 2. Bei diesem Spiel hat jeder Spieler vier Figuren.,,
B1,finanzieren,,finanse etmek,"finanziert, finanzierte, hat finanziert",Verb,"Ich weiß nicht, wie ich das Auto finanzieren soll.",,
B1,finanziell,,"mali, parasal, finansal",,Sonstiges,Finanziell geht es meinem Neffen jetzt besser.,,
B1,Finger,der,parmak,-,Nomen,Alessandro hat sich in den Finger geschnitten.,,
B1,flach,,"düz, sığ, basık",,Sonstiges,1. Für die Arbeit brauche ich flache Schuhe. 2. An dieser Stelle ist der See sehr flach.,,
B1,Fläche,die,"yüzey, alan",-n,Nomen,Unsere Wohnung hat eine Wohnfläche von 100 m².,,
B1,Fleck,der,leke,-en,Nomen,Du hast einen Fleck auf der Bluse.,,
B1,Fleischhauer,der,kasap,-,Nomen,Dieser Fleischhauer macht sehr gute Wurst.,,
B1,Fleischhauerin,die,kadın kasap,-nen (A) → Metzger,Nomen,Dieser Fleischhauer macht sehr gute Wurst.,,
B1,flexibel,,esnek,,Sonstiges,Meine Arbeitszeit ist flexibel.,,
B1,fliehen,,"kaçmak, firar etmek","flieht, floh, ist geflohen",Verb,Der Einbrecher ist sofort geflohen.,,
B1,Flucht,die,"kaçış, firar",,Nomen,Der Einbrecher war schon auf der Flucht.,,
B1,fließen,,akmak,"fließt, floss, ist geflossen",Verb,Dieser Fluss fließt in die Nordsee.,,
B1,fließend,,"akıcı, akan",,Sonstiges,1. Mein Kollege spricht fließend Deutsch. 2. Zimmer mit fließendem Wasser.,,
B1,Flöte,die,flüt,-n,Nomen,Sie spielt sehr schön Flöte.,,
B1,Flur,der,"koridor, hol","-e → Gang, D, CH: Korridor",Nomen,Wir warten draußen im Flur.,,
B1,Flüssigkeit,die,sıvı,-en,Nomen,Dieses Medikament mit viel Flüssigkeit einnehmen.,,
B1,folgen,,"takip etmek, izlemek","folgt, folgte, ist gefolgt",Verb,1. Es folgen die Nachrichten. 2. Folgen Sie der Reiseleiterin.,,
B1,Folge,die,"sonuç, netice",-n,Nomen,Die Folgen des Unfalls waren schlimm.,,
B1,folgend,,"aşağıdaki, izleyen, sonraki",,Sonstiges,1. Mehr Informationen auf den folgenden Seiten. 2. Das Geschäft hat folgende Angebote: …,,
B1,fordern,,"talep etmek, istemek","fordert, forderte, hat gefordert",Verb,Die Arbeitnehmer fordern mehr Geld.,,
B1,Forderung,die,"talep, istek",-en,Nomen,Alle Forderungen der Arbeitnehmer kann man in dieser E-Mail lesen.,,
B1,fördern,,"desteklemek, teşvik etmek","fördert, förderte, hat gefördert",Verb,Die Stadt fördert viele Sportprojekte.,,
B1,Förderung,die,"destek, teşvik, hibe",-en,Nomen,Für das Projekt bekommen wir eine Förderung von der Stadt.,,
B1,Form,die,"şekil, biçim",-en,Nomen,1. Diese Schuhe haben eine schöne Form. 2. Ich möchte für den Geburtstag einen Kuchen backen. Kannst du mir eine Backfor,,
B1,Forschung,die,araştırma,-en,Nomen,Er arbeitet in der Forschung.,,
B1,Fortbildung,die,"mesleki eğitim, ileri eğitim",-en,Nomen,"Die Fortbildung, die ich machen will, ist sehr teuer.",,
B1,Fortschritt,der,"ilerleme, gelişme",-e,Nomen,Ich habe beim Deutschlernen große Fortschritte gemacht.,,
B1,fortsetzen,,"devam ettirmek, sürdürmek","setzt fort, setzte fort, hat fortgesetzt",Verb,Wir setzen die Behandlung am nächsten Donnerstag um 11 Uhr fort.,,
B1,Fortsetzung,die,devam,-en,Nomen,Fortsetzung folgt.,,
B1,Forum,das,forum,Foren (Internetforum),Nomen,Ich melde mich heute bei diesem Forum an.,,
B1,Fotograf,der,fotoğrafçı,-en,Nomen,Die Fotografin hat sehr schöne Fotos gemacht.,,
B1,Fotografie,die,"fotoğrafçılık, fotoğraf",-n,Nomen,Ich interessiere mich für Fotografie.,,
B1,frech,,"arsız, küstah, yaramaz",,Sonstiges,Du darfst in der Schule nicht so frech sein.,,
B1,im Freien,,açık havada,,Sonstiges,Wir wollen heute im Freien übernachten.,,
B1,Freiheit,die,özgürlük,,Nomen,"Wir wollen die Freiheit haben, unsere Meinung sagen zu können.",,
B1,fressen,,yemek (hayvan için),"frisst, fraß, hat gefressen",Verb,Hat der Hund schon etwas zu fressen bekommen?,,
B1,Freude,die,"sevinç, mutluluk",,Nomen,Diese Arbeit macht mir viel Freude.,,
B1,Freundschaft,die,"arkadaşlık, dostluk",-en,Nomen,Deine Freundschaft ist mir sehr wichtig.,,
B1,Friede,der,barış,"Frieden, -",Nomen,Endlich ist hier Frieden!,,
B1,frieren,,"üşümek, donmak","friert, fror, hat gefroren",Verb,"1. Wenn Sie frieren, mache ich das Fenster wieder zu. 2. Heute Nacht hat es gefroren.",,
B1,Friseur,der,"kuaför, berber",-e,Nomen,1. Du siehst toll aus! Wer ist dein Friseur? 2. Meine Tochter will Friseurin werden.,,
B1,Friseurin,die,kadın kuaför,"-nen (D, A) → CH: Coiffeur",Nomen,1. Du siehst toll aus! Wer ist dein Friseur? 2. Meine Tochter will Friseurin werden.,,
B1,Frisur,die,saç modeli,-en,Nomen,Du hast eine tolle Frisur! Warst du beim Friseur?,,
B1,Frist,die,"süre, son tarih",-en,Nomen,Die Frist für die Anmeldung zum Deutschkurs ist abgelaufen.,,
B1,fröhlich,,"neşeli, sevinçli",,Sonstiges,1. Die Musik klingt fröhlich. 2. Sie ist ein fröhlicher Mensch.,,
B1,Frucht,die,meyve,¨-e,Nomen,Welche Früchte kann man essen?,,
B1,Früchte (CH) → D,,meyve,A: Obst,Sonstiges,Früchte kaufe ich am liebsten auf dem Markt.,,
B1,früher/früher-,,"eskiden, önceden",,Sonstiges,4. Wir sind eine halbe Stunde zu früh gekommen. 5. Wecken Sie mich bitte morgen früh um 6 Uhr. 1. Früher habe ich in Ber,,
B1,fühlen,,hissetmek,"fühlt, fühlte, hat gefühlt",Verb,"1. Wie fühlen Sie sich? - Danke, ich fühle mich wohl. 2. Fühl mal, ob das Wasser nicht zu heiß ist.",,
B1,führen,,"yönetmek, götürmek, yol göstermek","führt, führte, hat geführt",Verb,1. Der Lehrer führt seine Schüler durch das Museum. 2. Frau Meyer führt den Betrieb schon seit zehn Jahren. 3. Nach 20 M,,
B1,Führerausweis,der,ehliyet,"-e (CH) → D, A: Führerschein",Nomen,Hast du einen Führerausweis?,,
B1,Fundbüro,das,kayıp eşya bürosu,-s,Nomen,Sie haben Ihren Schirm verloren. Da fragen Sie am besten im Fundbüro.,,
B1,funktionieren,,"çalışmak, işlemek","funktioniert, funktionierte, hat funktioniert",Verb,"1. Können Sie mir bitte mal zeigen, wie der Automat funktioniert? 2. Unsere Ehe funktioniert nicht mehr.",,
B1,sich fürchten,,korkmak,"fürchtet, fürchtete, hat gefürchtet",Verb,Sie fürchtet sich vor Schlangen.,,
B1,Fußgänger,der,yaya,"die Fußgängerin, -nen",Nomen,- Dieser Weg ist nur für Fußgänger.,,
B1,Fußgängerzone,die,yaya bölgesi,-n,Nomen,Wir treffen uns um 15 Uhr in der Fußgängerzone.,,
B1,füttern,,"beslemek, yem vermek","füttert, fütterte, hat gefüttert",Verb,"Es ist im Zoo nicht erlaubt, die Tiere zu füttern.",,
B1,Galerie,die,galeri,-n,Nomen,Diese Galerie ist sehr interessant.,,
B1,Gang,der,"koridor, geçit, vites",¨-e,Nomen,"1. Wir warten draußen im Gang. ( → D, CH: Korridor; D: Flur) 2. Schalten Sie bitte jetzt in den dritten Gang. 3. Was möc",,
B1,gar,,pişmiş,,Sonstiges,1. Die Kartoffeln sind noch nicht gar. 2. Du räumst nie dein Zimmer auf. – Das ist gar nicht wahr.,,
B1,garantieren,,garanti etmek,"garantiert, garantierte, hat garantiert",Verb,"Ich kann Ihnen nicht garantieren, dass das Gerät nächste Woche fertig ist.",,
B1,Garantie,die,garanti,,Nomen,Auf die Waschmaschine haben Sie ein Jahr Garantie.,,
B1,Garderobe,die,vestiyer,-n,Nomen,1. Die Mäntel bitte an der Garderobe abgeben.,,
B1,Gas,das,gaz,,Nomen,1. Wir kochen mit Gas. 2. Gib Gas! Die Ampel ist grün.,,
B1,Gasthaus,das,"han, lokanta",¨-er (A),Nomen,Gehen wir noch in ein Gasthaus ein Bier trinken?,,
B1,Gaststätte,die,"lokanta, restoran",-n (D),Nomen,Ich arbeite seit einem Monat in einer Gaststätte.,,
B1,Gebäude,das,bina,-,Nomen,In diesem Gebäude sind nur Büros.,,
B1,Gebäck,das,"hamur işi, çörek",,Nomen,Das Gebäck ist ganz frisch.,,
B1,Gebiet,das,"bölge, alan",-e,Nomen,1. In diesem Gebiet gibt es kaum Industrie. 2. Die Zeitschrift berichtet regelmäßig über Fortschritte auf dem Gebiet der,,
B1,Gebirge,das,"dağlık bölge, sıradağlar",,Nomen,Wir haben unseren Urlaub im Gebirge verbracht.,,
B1,geboren werden,,doğmak,"wird geboren, wurde geboren, ist geboren worden",Verb,Wann und wo sind Sie geboren?,,
B1,gebrauchen,,kullanmak,"gebraucht, gebrauchte, hat gebraucht",Verb,1. Wir können diese Möbel gut gebrauchen. 2. Ich habe den Wagen gebraucht gekauft. 3. Ich suche eine gebrauchte Waschmas,,
B1,Gebrauchsanweisung,die,"kullanma talimatı, kullanım kılavuzu",-en,Nomen,Lesen Sie bitte zuerst die Gebrauchsanweisung.,,
B1,Gebühr,die,"ücret, harç",-en,Nomen,Die Gebühr liegt bei 60 Euro.,,
B1,Geburt,die,doğum,-en,Nomen,Wir gratulieren zur Geburt eures Kindes!,,
B1,Gedicht,das,şiir,-e,Nomen,Kennst du ein schönes Gedicht?,,
B1,Geduld,die,sabır,,Nomen,Bitte haben Sie etwas Geduld.,,
B1,geehrt,,"sayın, saygıdeğer",,Sonstiges,"Sehr geehrte Damen und Herren, …",,
B1,geeignet,,"uygun, elverişli",,Sonstiges,Dieses Spiel ist nicht für Kinder unter drei Jahren geeignet.,,
B1,Gefahr,die,tehlike,-en,Nomen,Betreten der Baustelle auf eigene Gefahr.,,
B1,sich etwas gefallen lassen,,"razı olmak, katlanmak","lässt sich etwas gefallen, ließ sich etwas gefallen, hat sich etwas gefallen lassen",Verb,Das würde ich mir nicht gefallen lassen.,,
B1,Gefängnis,das,hapishane,-se,Nomen,Er wurde zu fünf Jahren Gefängnis verurteilt.,,
B1,Gefühl,das,"duygu, his",-e,Nomen,"Ich glaube, ich schaffe die Prüfung. Ich habe ein gutes Gefühl.",,
B1,Gegner,der,"rakip, muhalif",,Nomen,- 1. Sie ist eine Gegnerin von Tierversuchen. 2. Die Mannschaft aus Frankreich war ein sehr starker Gegner.,,
B1,Gegend,die,"bölge, civar",-en,Nomen,1. Der Schwarzwald ist eine sehr schöne Gegend. 2. Die Schule muss hier in der Gegend sein.,,
B1,Gegensatz,der,"zıtlık, karşıtlık",¨-e,Nomen,1. Diese beiden Meinungen stehen in starkem Gegensatz zueinander. 2. Im Gegensatz zu ihm ist sein Vater ziemlich klein.,,
B1,Gegenstand,der,"nesne, eşya",¨-e,Nomen,1. Ich schließe meine persönlichen Gegenstände im Schwimmbad lieber in ein Fach ein. 2. Eine Durchsage der Polizei: Auf ,,
B1,Geheimnis,das,sır,-se,Nomen,Das kann ich dir nicht sagen. Das ist ein Geheimnis.,,
B1,geheim,,gizli,,Sonstiges,Das ist geheim. Du darfst es niemandem sagen.,,
B1,Gehsteig (D,der,kaldırım,A) → CH: Trottoir,Nomen,Das Fahrradfahren auf dem Gehsteig ist nicht erlaubt.,,
B1,Geldautomat,der,"bankamatik, ATM","-en (D) → A, CH: Bancomat/Bankomat",Nomen,Ich hole noch Geld vom Geldautomaten.,,
B1,Gelegenheit,die,fırsat,-en,Nomen,"Das Fest ist eine gute Gelegenheit, unsere Freunde zu sehen.",,
B1,gelingen,,başarılı olmak,"gelingt, gelang, ist gelungen",Verb,"Es ist mir gelungen, meinen Chef zu überzeugen.",,
B1,gelten,,geçerli olmak,"gilt, galt, hat gegolten",Verb,1. Mein Pass gilt noch ein Jahr. 2. Bitte diesen Zettel gut aufheben: Er gilt als Garantie.,,
B1,gemeinsam,,"ortak, birlikte",,Sonstiges,1. Du musst die Wohnung renovieren? Ich helfe dir. Wir können das gemeinsam machen. 2. Wir benutzen die Garage gemeinsam,,
B1,Gemeinschaft,die,topluluk,-en,Nomen,Rauchen ist in den Gemeinschafts-räumen nicht erlaubt.,,
B1,genauso,,"aynen, tıpkı",,Sonstiges,Katarina sieht genauso aus wie ihre Schwester.,,
B1,genehmigen,,"onaylamak, izin vermek","genehmigt, genehmigte, hat genehmigt",Verb,Mein Chef hat mir sechs Wochen Urlaub genehmigt.,,
B1,Generation,die,"nesil, kuşak",-en,Nomen,In diesem Haus wohnen drei Generationen zusammen.,,
B1,genießen,,"tadını çıkarmak, keyfini sürmek","genießt, genoss, hat genossen",Verb,"1. Er kann das Essen leider nicht genießen, weil es zu scharf ist. 2. Sie hat eine gute Ausbildung genossen.",,
B1,genügen,,"yetmek, kafi gelmek","genügt, genügte, hat genügt",Verb,Wie viele Zimmer brauchen Sie? – Mir genügt eine 2-Zimmer-Wohnung.,,
B1,gerecht,,adil,,Sonstiges,Lass uns den Kuchen gerecht verteilen.,,
B1,gering,,"az, düşük",,Sonstiges,"1. Unsere Mannschaft hatte nur eine geringe Chance. 2. Wenn Sie ein geringes Einkommen haben, zahlen Sie nur wenig Steue",,
B1,gern/gerne,,"seve seve, memnuniyetle",,Sonstiges,1. Ich helfe Ihnen gern. 2. Kaffee oder Tee? – Ich möchte lieber einen Tee. 3. Am liebsten trinke ich Kaffee.,,
B1,gesamt-/Gesamt-,,"toplam, bütün",,Sonstiges,"1. Ich habe meine gesamten Bücher verschenkt. 2. z. B. Gesamtgewicht, Gesamtsumme",,
B1,geschehen,,"olmak, gerçekleşmek","geschieht, geschah, ist geschehen",Verb,Vielen Dank für Ihre Hilfe. – Gern geschehen.,,
B1,geschieden,,boşanmış,,Sonstiges,Ich bin seit drei Jahren geschieden.,,
B1,Geschlecht,das,cinsiyet,-er,Nomen,Bitte kreuzen Sie an: „Geschlecht: weiblich/männlich“.,,
B1,Geschmack,der,"tat, lezzet",,Nomen,Ich möchte bitte Kaugummi mit Erdbeergeschmack.,,
B1,Geschwindigkeit,die,hız,-en,Nomen,Das Auto fuhr mit zu hoher Geschwindigkeit.,,
B1,Geschwindigkeitsbeschränkung,die,hız sınırı,-en,Nomen,Bitte beachten Sie die Geschwindigkeitsbeschränkungen.,,
B1,Gesellschaft,die,"toplum, şirket",-en,Nomen,1. Er will die Gesellschaft verändern. 2. Meine Frau arbeitet bei einer Versicherungsgesellschaft. 3. Ich fühle mich in ,,
B1,Gesetz,das,"kanun, yasa",-e,Nomen,Das Parlament hat ein neues Gesetz beschlossen.,,
B1,gespannt,,"meraklı, heyecanlı",,Sonstiges,"Ich bin gespannt, wer bei diesem Spiel gewinnt.",,
B1,Gewalt,die,"şiddet, zor",-en,Nomen,"1. Ich mag keine Filme, in denen Gewalt vorkommt. 2. Die Tür ließ sich nur mit Gewalt öffnen.",,
B1,Gewerkschaft,die,sendika,-en,Nomen,Die Gewerkschaft vertritt die Interessen der Arbeitnehmer.,,
B1,Gewinn,der,"kazanç, kâr, ikramiye",-e,Nomen,Ich habe bei einem Ratespiel mitge - macht. Der Hauptgewinn ist ein Auto.,,
B1,Gewissen,das,vicdan,,Nomen,Ich habe deinen Geburtstag vergessen. Ich habe ein ganz schlechtes Gewissen.,,
B1,gewöhnen,,"alışmak, alıştırmak","gewöhnt, gewöhnte, hat gewöhnt/ist gewöhnt",Verb,"1. Wir haben uns an das Leben hier gewöhnt. 2. Ich bin daran gewöhnt, früh aufzustehen.",,
B1,Gewohnheit,die,alışkanlık,-en,Nomen,"1. Er hat die Gewohnheit, morgens zuerst die Post zu erledigen. 2. Aus alter Gewohnheit treffen wir uns jeden Samstagabe",,
B1,gewohnt,,"alışkın, alışmış",,Sonstiges,"Ich bin gewohnt, früh ins Bett zu gehen.",,
B1,gewöhnlich,,"genellikle, alışılmış",,Sonstiges,Um die Zeit ist er gewöhnlich zu Hause.,,
B1,Gewürz,das,baharat,-e,Nomen,Von den scharfen Gewürzen bekommt man Durst.,,
B1,gießen,,sulamak,"gießt, goss, gegossen",Verb,Es hat nicht geregnet. Ich muss meine Blumen gießen.,,
B1,Gift,das,zehir,-e,Nomen,"Vorsicht, das Gift dieser Pflanze ist für Menschen gefährlich!",,
B1,giftig,,zehirli,,Sonstiges,"Vorsicht, das ist giftig!",,
B1,die/das Glace/Glacé,,dondurma,"-n → (CH) D, A: Eis",Sonstiges,"Zum Dessert gibt es Schokoladenglace. 1. Vorsicht, die Kanne ist aus Glas! 2. Eine Flasche Mineralwasser und zwei Gläser",,
B1,glatt,,"kaygan, düz",,Sonstiges,Fahr vorsichtig! Es ist glatt.,,
B1,gleichfalls,,"aynı şekilde, size de",,Sonstiges,"Schöne Feiertage! – Danke, gleichfalls.",,
B1,gleichberechtigt,,eşit haklara sahip,,Sonstiges,Mann und Frau sind gleichberechtigt.,,
B1,gleichzeitig,,"aynı anda, eşzamanlı",,Sonstiges,Ich kann nicht alles gleichzeitig machen.,,
B1,Gold,das,altın,,Nomen,"Ist der Ring aus Gold? Nein, der sieht nur so aus.",,
B1,Golf,,golf,das Golfspiel,Sonstiges,Kannst du Golf spielen?,,
B1,Gott,der,"tanrı, Allah",¨-er,Nomen,1. Glaubst du an Gott? 2. Gott sei Dank ist ihm nichts passiert.,,
B1,Grafik,die,grafik,-en,Nomen,Die Grafik zeigt die Temperaturen im letzten Jahr.,,
B1,Gras,das,"çim, ot",,Nomen,Wir lagen den ganzen Tag im Gras.,,
B1,Gratulation,die,tebrik,-en,Nomen,Herzliche Gratulation! Sie haben gewonnen!,,
B1,gratis,,"bedava, ücretsiz",,Sonstiges,"Diese Reparatur kostet Sie gar nichts, wir machen das gratis für Sie.",,
B1,greifen,,"tutmak, kapmak","greift, griff, hat gegriffen",Verb,Greifen Sie doch zu!,,
B1,Grenze,die,sınır,-n,Nomen,An der Grenze musst du deinen Ausweis zeigen.,,
B1,grillieren,,"mangal yapmak, ızgara yapmak","grilliert, grillierte, hat grilliert (CH) → D, A: grillen",Verb,Heute wollen wir im Garten grillieren.,,
B1,Grill,der,"mangal, ızgara",,Nomen,Kannst du mir deinen Grill leihen? Wir wollen am Wochenende ein Picknick machen.,,
B1,Groß-,,büyük- (ön ek),,Sonstiges,"z.B. die Großeltern, die Großmutter, der Großvater",,
B1,gründen,,kurmak,"gründet, gründete, hat gegründet",Verb,Frau Bauer hat eine eigene Firma gegründet.,,
B1,Grund,der,"sebep, neden; zemin",¨-e,Nomen,"1. Sie haben Ihre Stelle gekündigt. Aus welchem Grund? 2. Sie haben keinen Grund, sich zu beschweren.",,
B1,gründlich,,"esaslı, iyice, derinlemesine",,Sonstiges,"1. Ich möchte die Wohnung gründlich reinigen, bevor der Besuch kommt. 2. Waschen Sie sich gründlich die Hände.",,
B1,Grundstück,das,arsa,-e,Nomen,Wir wollen ein Haus bauen und suchen ein günstiges Grundstück.,,
B1,grüßen,,selamlamak,"grüßt, grüßte, hat gegrüßt",Verb,"1. Wer war die Frau, die du eben gegrüßt hast? 2. Ich soll Sie von Frau Meier grüßen.",,
B1,gucken,,bakmak,"guckt, guckte, hat geguckt",Verb,1. Guck doch mal! Es schneit. 2. Was bedeutet dieses Wort? – Guck doch im Wörterbuch nach.,,
B1,Gymnastik,die,jimnastik,,Nomen,Ich mache jeden Morgen Gymnastik.,,
B1,Hackfleisch (D,das,kıyma,CH) → A: Faschierte,Nomen,Geben Sie mir bitte 500g Hackfleisch.,,
B1,Hafen,der,liman,¨-,Nomen,"Wenn du in Hamburg bist, musst du dir unbedingt den Hafen ansehen.",,
B1,hageln,,dolu yağmak,"hagelt, hagelte, hat gehagelt",Verb,Bei Gewitter kann es auch hageln.,,
B1,Hähnchen/Hühnchen,das,"piliç, tavuk","- (D) → A: Hend(e)l, Poulet, -s (CH)",Nomen,Zum Mittagessen gibt es Hühnchen mit Reis.,,
B1,halb,,"yarım, buçuk",,Sonstiges,1. Treffen wir uns um halb neun? 2. Bei dieser Firma habe ich ein halbes Jahr gearbeitet. 3. Ich gebe Ihnen die Tomaten ,,
B1,halbtags,,"yarım gün, yarı zamanlı",,Sonstiges,Ich habe ein kleines Kind und kann nicht acht Stunden am Tag arbeiten. Deshalb möchte ich halbtags arbeiten.,,
B1,Hälfte,die,"yarı, yarım",-n,Nomen,1. Bitte teilt euch die Schokolade. Jeder bekommt die Hälfte. 2. Die Hälfte vom Urlaub ist schon vorbei. 3. Was hat der ,,
B1,Hallenbad,das,kapalı yüzme havuzu,¨-er,Nomen,Sie geht jeden Tag zum Schwimmen ins Hallenbad.,,
B1,halt,,"işte, ne yapalım ki",,Sonstiges,Es gibt leider keine Karten mehr. – Schade. Da kann man nichts machen. Das ist halt so.,,
B1,haltbar,,dayanıklı,,Sonstiges,Diese Tomaten sind mindestens 2 Wochen haltbar.,,
B1,Halt,der,"durak, dayanak",,Nomen,"6. Halt, Polizei! Fahren Sie bitte an den Straßenrand. 7. Die Wurst hält sich noch ein paar Tage. Nächster Halt ist am S",,
B1,Hammer,der,çekiç,¨-,Nomen,Ich möchte ein Bild aufhängen. Hast du einen Hammer für mich?,,
B1,Handwerker,der,"zanaatkâr, usta","die Handwerkerin, -nen",Nomen,- Morgen sind bei uns die Handwerker. Wir bekommen eine neue Badewanne.,,
B1,handeln,,"ticaret yapmak, söz konusu olmak","handelt, handelte, hat gehandelt",Verb,1. Herr Huber hat ein kleines Geschäft. Er handelt mit Obst und Gemüse. 2. Kann ich Sie bitte mal sprechen? – Worum hand,,
B1,Handel,der,ticaret,,Nomen,Der Handel mit Computern ist ein gutes Geschäft.,,
B1,Händler,der,"satıcı, tüccar","die Händlerin, -nen",Nomen,"- Ich gehe zum Gemüsehändler, soll ich dir etwas mitbringen?",,
B1,hassen,,nefret etmek,"hasst, hasste, hat gehasst",Verb,"1. Ich hasse Autofahren. 2. Ich hasse es, zu spät zu kommen.",,
B1,häufig,,"sık, sık sık",,Sonstiges,Haben Sie häufig Kopfschmerzen? Dann sollten Sie nicht so lange am Computer sitzen.,,
B1,Hauptdie Hauptstadt,,başkent,¨-e,Sonstiges,Berlin ist die Hauptstadt von Deutschland.,,
B1,Hauptbahnhof,der,"merkez tren istasyonu, ana gar",¨-e,Nomen,Treffen wir uns am Hauptbahnhof?,,
B1,Hausfrau/der Hausmann,die,"ev hanımı, ev erkeği",,Nomen,Meine Frau ist Hausfrau und kümmert sich um die Kinder./Mein Mann ist Hausmann und kümmert sich um die Kinder.,,
B1,Hausmeister,der,"kapıcı, bina yöneticisi","die Hausmeisterin, -nen → (D, A) CH: Abwart",Nomen,"- Der Hausmeister hat mir geholfen, den Schrank in die Wohnung zu tragen.",,
B1,Haut,die,"deri, cilt",,Nomen,Haben Sie eine Creme für trockene Haut?,,
B1,heben,,kaldırmak,"hebt, hob, hat gehoben",Verb,"1. Kannst du mir helfen? Das Paket kann ich allein nicht heben. 2. Wenn Sie für diesen Vorschlag sind, heben Sie bitte d",,
B1,heim,,eve,,Sonstiges,Ich will jetzt heim.,,
B1,Heim,das,"yurt, ev",-e,Nomen,Meine Oma wohnt in einem Seniorenheim.,,
B1,heimlich,,"gizlice, gizli",,Sonstiges,"Gestern habe ich gehört, dass mein Sohn heimlich raucht.",,
B1,Heimweh,das,"sıla hasreti, yurt özlemi",,Nomen,Ich habe oft Heimweh nach meiner Familie.,,
B1,heizen,,ısıtmak,"heizt, heizte, hat geheizt",Verb,1. Wir heizen mit Öl. 2. Ziehen Sie sich warm an. In der Halle ist nicht geheizt.,,
B1,Held,der,kahraman,-en,Nomen,1. Er spielt gern den Helden. 2. Sie ist die Heldin des Tages.,,
B1,Heldin,die,kadın kahraman,-nen,Nomen,1. Er spielt gern den Helden. 2. Sie ist die Heldin des Tages.,,
B1,Hend(e)l,das,"piliç, tavuk","- (A) → D: Hähnchen/Hühnchen, CH: Poulet",Nomen,Zum Mittagessen gibt es Hendl mit Reis.,,
B1,her/her-,,"buraya, bu yana",,Sonstiges,"1. Wir haben uns lange nicht gesehen. – Ja, das ist wirklich lange her. 2. Komm her zu mir!",,
B1,heraus-,,dışarı,"raus- (heraus-) finden, findet heraus, fand heraus, hat herausgefunden",Verb,"Hast du schon rausgefunden, wann und wo man sich für den Kurs anmelden muss?",,
B1,Herausforderung,die,"meydan okuma, zorluk",-en,Nomen,Das Spiel ist eine Herausforderung.,,
B1,herein-,,içeri,rein-,Sonstiges,Kommt doch herein!,,
B1,Herkunft,die,"köken, menşe",,Nomen,Viele Leute fragen mich nach meiner Herkunft.,,
B1,Hersteller,der,üretici,,Nomen,- Ihr Handy ist kaputt? Wir schicken es an den Hersteller zurück und lassen es reparieren.,,
B1,herunter-,,"aşağı, indirme","runter- (herunter-)laden, lädt herunter, lud herunter, hat heruntergeladen",Verb,Ich habe mir Musik aus dem Internet (he)runtergeladen.,,
B1,(herunter-)fahren,,"kapatmak, aşağı inmek","fährt herunter, fuhr herunter, hat heruntergefahren",Verb,Zum Schluss musst du den Computer herunterfahren.,,
B1,Herz,das,"kalp, yürek",-en,Nomen,1. Ich bin ganz nervös. Mir klopft das Herz. 2. Wir müssen Ihr Herz untersuchen.,,
B1,herzlich heute,,"içten, candan, bugün",,Sonstiges,Herzlichen Glückwunsch! 1. Heute kann ich etwas früher nach Hause gehen. 2. Ab heute bleibt unser Büro nachmittags gesch,,
B1,heutig-,,"bugünkü, günümüz",,Sonstiges,Die heutigen Computer können viel mehr als noch vor ein paar Jahren.,,
B1,hier/hier-,,"burada, işte",,Sonstiges,1. Hier wohne ich. 2. Von hier hat man eine herrliche Aussicht. 3. Hier sind die Schlüssel für meine Wohnung. Kannst Du ,,
B1,hierher,,buraya,,Sonstiges,Ich komme oft hierher. In diesem Café gibt es guten Kuchen.,,
B1,(hinunter) runterwerfen,,aşağı atmak,"wirft runter, warf runter, hat runtergeworfen",Verb,Kannst du mir bitte den Schlüssel runterwerfen? Ich habe meinen vergessen.,,
B1,hinter/hinter-,,"arkasında, arkasına",,Sonstiges,1. Hinter dem Haus haben wir einen Garten. 2. Fahren Sie Ihren Wagen bitte hinter das Haus. 3. Auf den hinteren Plätzen ,,
B1,hinterlassen,,bırakmak,"hinterlässt, hinterließ, hat hinterlassen",Verb,Möchten Sie eine Nachricht hinterlassen?,,
B1,hinterher,,"sonradan, ardından",,Sonstiges,Vor der Prüfung habe ich so viel gelernt. Hinterher habe ich vieles wieder vergessen.,,
B1,hinweisen,,"işaret etmek, dikkat çekmek","weist hin, wies hin, hat hingewiesen",Verb,"Wir möchten Sie darauf hinweisen, dass das Rauchen am Bahnsteig nicht gestattet ist.",,
B1,Hinweise,der,"ipucu, işaret, bilgi",-e,Nomen,Die Polizei hat viele Hinweise zum Unfall bekommen.,,
B1,historisch,,tarihi,,Sonstiges,Wir waren mit unserer Klasse im Historischen Museum.,,
B1,Hitze,die,"sıcak, sıcaklık",,Nomen,Gestern war eine schreckliche Hitze!,,
B1,Höhe,die,yükseklik,,Nomen,"1. Mein Tisch hat folgende Maße: Länge: 1,20 m, Breite: 0,60 m, Höhe: 0,80 m. 2. Wir fliegen jetzt in 6000 m Höhe.",,
B1,hochladen,,yüklemek,"lädt hoch, lud hoch, hat hochgeladen",Verb,Kannst du bitte die Datei für die Hausaufgabe hochladen?,,
B1,höchstens,,"en fazla, olsa olsa",,Sonstiges,Ich habe wenig Zeit. Ich kann höchstens eine Viertelstunde bleiben.,,
B1,Hof,der,"avlu, bahçe",¨-e,Nomen,Die Kinder spielen am liebsten im Hof.,,
B1,Bauernhof,der,çiftlik,¨-e,Nomen,Meine Großeltern hatten einen Bauernhof.,,
B1,Hoffnung,die,umut,-en,Nomen,Man darf die Hoffnung nicht verlieren.,,
B1,höflich,,"kibar, nazik",,Sonstiges,Unser Nachbar ist sehr höflich. Er sagt immer als Erster Guten Tag.,,
B1,Holz,das,"odun, tahta, ahşap",,Nomen,Möchten Sie ein Regal aus Holz oder aus Metall?,,
B1,Honig,der,bal,,Nomen,Ich esse gern Brötchen mit Honig und Butter zum Frühstück.,,
B1,Hörer,der,dinleyici,-,Nomen,Die Sendung hat viele Hörer und Hörerinnen.,,
B1,Hörerin,die,dinleyici,-nen,Nomen,Die Sendung hat viele Hörer und Hörerinnen.,,
B1,Zuhörer,der,dinleyici,,Nomen,Die Sendung hat viele Hörer und Hörerinnen.,,
B1,Hügel,der,tepe,-,Nomen,Auf diesem Hügel machen wir eine Pause.,,
B1,Humor,der,"mizah, espri anlayışı",,Nomen,"1. Wir mögen Paul, weil er so viel Humor hat. 2. Den Humor des Komikers verstehe ich nicht.",,
B1,hungrig,,aç,,Sonstiges,Ich bin sehr hungrig.,,
B1,hupen,,klakson çalmak,"hupt, hupte, hat gehupt",Verb,Hier ist ein Krankenhaus. Hier darfst du nicht hupen.,,
B1,Husten,der,öksürük,,Nomen,Haben Sie ein Medikament gegen Husten?,,
B1,Hut,der,şapka,¨-e,Nomen,Sie sollten im Sommer nicht ohne Hut in die Sonne gehen.,,
B1,Hütte,die,kulübe,-n,Nomen,Wir übernachten in der Hütte auf dem Berg.,,
B1,ideal,,"ideal, mükemmel",,Sonstiges,Eine Wohnung mit Garten wäre für uns ideal.,,
B1,illegal,,"yasa dışı, illegal",,Sonstiges,"Ohne Steuerkarte zu arbeiten ist illegal. Wenn es herauskommt, musst du Strafe zahlen.",,
B1,Imbiss,der,"atıştırmalık, hafif yemek","-e (D) A: Jause, CH: Znüni/Zvieri",Nomen,Es ist Zeit für einen kleinen Imbiss.,,
B1,Import,der,ithalat,-e,Nomen,"1. Im dritten Stock ist die Firma Schmidt & Co, Import und Export. 2. Der Import von Zigaretten ist nur bis zu einer bes",,
B1,indem,,"-erek/-arak, bu şekilde",,Sonstiges,"Du kannst die Datei öffnen, indem du hier klickst.",,
B1,individuell,,bireysel,,Sonstiges,"Die Lehrerin versucht, jedes Kind individuell zu fördern.",,
B1,Industrie,die,"sanayi, endüstri",-n,Nomen,In dieser Gegend gibt es viel Industrie.,,
B1,Infektion,die,enfeksiyon,-en,Nomen,Sie haben eine Infektion. Sie müssen Tabletten nehmen.,,
B1,informieren,,bilgilendirmek,"informiert, informierte, hat informiert",Verb,1. Wir informieren Sie rechtzeitig über die neuen Prüfungstermine. 2. Du musst dich vor der Reise genau über die Bedingu,,
B1,Ingenieur,der,mühendis,-e,Nomen,Hans will Bauingenieur werden.,,
B1,Inhalt,der,"içerik, içindekiler",-e,Nomen,Geben Sie den Inhalt der Packung in einen Liter kochendes Wasser.,,
B1,inklusive,,dahil,,Sonstiges,Der Zimmerpreis ist inklusive Frühstück.,,
B1,innen,,"içeride, içte",,Sonstiges,Der Lichtschalter ist innen links.,,
B1,inner-,,"iç, dahili",,Sonstiges,"Wir müssen Sie untersuchen. Es kann sein, dass Sie innere Verletzungen haben.",,
B1,innerhalb,,"içinde, içerisinde",,Sonstiges,1. Diese Fahrkarte gilt nur innerhalb der Stadt. 2. Nach dem Umzug müssen Sie sich innerhalb einer Woche ummelden.,,
B1,Inserat,das,ilan,-e,Nomen,Was kostet ein Inserat in der Zeitung?,,
B1,insgesamt,,"toplam, toplamda",,Sonstiges,Insgesamt haben sich 20 Teilnehmer für die Prüfung angemeldet.,,
B1,installieren,,kurmak,"installiert, installierte, hat installiert",Verb,"Können Sie mir helfen, meinen Computer zu installieren?",,
B1,Institut,das,enstitü,-e,Nomen,Ich besuche einen Sprachkurs in einem kleinen Sprachinstitut.,,
B1,integrieren,,"entegre etmek, uyum sağlamak","integriert, integrierte, hat integriert",Verb,1. Sie ist schon sehr gut im Team integriert. 2. Die Leute aus dem Ausland sollen besser integriert werden.,,
B1,Integration,die,"entegrasyon, uyum",-en,Nomen,Gute Deutschkenntnisse sollen bei der Integration helfen.,,
B1,Intelligenz,die,zekâ,,Nomen,Meine Kinder haben in der Schule einen Intelligenztest gemacht.,,
B1,intensiv,,yoğun,,Sonstiges,Ich möchte intensiv Deutsch lernen.,,
B1,Intensivkurs,der,yoğun kurs,-e,Nomen,Der Intensivkurs findet täglich von 9 bis 12 Uhr statt.,,
B1,interessieren,,"ilgilendirmek, ilgilenmek","interessiert, interessierte, hat interessiert",Verb,1. Das Thema Kindererziehung interessiert mich sehr. 2. Ich interessiere mich sehr für Fußball.,,
B1,interessiert,,"ilgili, ilgilenen",,Sonstiges,Mein Nachbar zieht nächsten Monat aus. Sind Sie noch an der Wohnung interessiert?,,
B1,interkulturell,,kültürlerarası,,Sonstiges,Wir haben in der Sprachschule ein interkulturelles Fest gefeiert.,,
B1,inzwischen,,"bu arada, bu esnada",,Sonstiges,Herr Müller kommt gleich zurück. Sie können inzwischen in seinem Büro warten.,,
B1,irgendirgendein,,herhangi bir,,Sonstiges,"Was für einen Saft möchten Sie? – Ganz egal, irgendeinen.",,
B1,irgendwann,,"bir ara, bir gün",,Sonstiges,Ich habe Sie irgendwann schon mal gesehen.,,
B1,sich irren,,"yanılmak, hata yapmak","irrt sich, irrte sich, hat sich geirrt",Verb,"1. Du irrst dich. Das Auto war nicht grün, sondern rot. 2. Ich habe mich in der Hausnummer geirrt.",,
B1,Jause,die,"atıştırmalık, ara öğün","-n (A) → D: Imbiss, CH: Znüni/Zvieri",Nomen,Es ist Zeit für eine kleine Jause.,,
B1,je,,"göre, her",,Sonstiges,"1. Die Pullover kosten je nach Qualität zwischen 40 und 60 Euro. 2. Fahren Sie im Juni oder im Juli? – Je nachdem, wann ",,
B1,je … desto …,,ne kadar … o kadar …,,Sonstiges,"Je länger ich Deutsch lerne, desto besser kann ich es verstehen.",,
B1,jederzeit,,"her zaman, her an",,Sonstiges,Sie können mich jederzeit anrufen.,,
B1,jedes Mal,,"her seferinde, her defasında",,Sonstiges,Inge erzählt die Geschichte jedes Mal anders.,,
B1,jedoch,,"ama, fakat, ancak",,Sonstiges,"Sie ruft immer wieder an, jedoch ohne Erfolg.",,
B1,jemals,,"hiç, şimdiye kadar",,Sonstiges,"Hast du jemals von dem Problem gehört? – Nein, nie.",,
B1,jeweils,,"her defasında, her seferinde",,Sonstiges,Der Kurs findet jeweils montags und donnerstags um 18 Uhr statt.,,
B1,Journalist,der,gazeteci,-en,Nomen,Meine Tochter möchte Journalistin werden.,,
B1,Journalistin,die,kadın gazeteci,-nen,Nomen,Meine Tochter möchte Journalistin werden.,,
B1,Jugend,die,gençlik,,Nomen,In meiner Jugend habe ich mich sehr für Musik interessiert.,,
B1,Jugendliche,die,genç,-nen,Nomen,1. Die Jugendlichen gehen gerne in die Disko. 2. Der Eintritt ist für Kinder und Jugendliche bis 16 Jahre frei.,,
B1,Kabel,das,kablo,-,Nomen,1. Wo ist das Kabel für das Aufnahmegerät? 2. Mit Kabel bekommen Sie über 30 Fernsehkanäle.,,
B1,Kabine,die,kabin,-n,Nomen,"Um zu wählen, gehen Sie bitte in diese Kabine.",,
B1,Kaffeehaus,das,"kahvehane, kafe",¨-er (A),Nomen,Hier in der Nähe ist ein Kaffeehaus. Lass uns einen Kaffee trinken.,,
B1,Kälte,die,soğuk,,Nomen,Bei dieser Kälte fahre ich nicht mit dem Fahrrad.,,
B1,kämpfen,,"mücadele etmek, savaşmak","kämpft, kämpfte, hat gekämpft",Verb,Die Frauen kämpfen für mehr Rechte.,,
B1,Kampf,der,"mücadele, kavga, savaş",¨-e,Nomen,Im Schulbus gibt es immer einen Kampf um die Sitzplätze.,,
B1,Kanal,der,kanal,¨-e,Nomen,Mit Kabel bekommen Sie über 30 Fernsehkanäle.,,
B1,Kandidat,der,aday,-en,Nomen,Wie viele Kandidaten kommen zur Prüfung?,,
B1,Kanne,die,"sürahi, demlik",-n,Nomen,"1. Das ist aber eine schöne Teekanne. – Ja, die ist aus China. 2. Bitte einen Kaffee! – Eine Tasse oder ein Kännchen?",,
B1,Kantine,die,"kantin, yemekhane",-n,Nomen,In unserer Kantine kann man günstig essen.,,
B1,Kapitel,das,bölüm,-,Nomen,"Die Lehrerin hat gesagt, wir sollen zwei Kapitel im Buch wiederholen.",,
B1,kaputtgehen,,"bozulmak, kırılmak",,Sonstiges,1. Pass bitte mit diesem Glas auf. Es geht leicht kaputt. 2. Der Fernseher ist gestern kaputtgegangen.,,
B1,kaputtmachen,,"bozmak, kırmak",,Sonstiges,Wer hat die Lampe kaputtgemacht?,,
B1,Karneval,der,karnaval,"-s/-e (D) D, A: Fasching, CH: Fasnacht",Nomen,Dort hängt mein Kostüm für den Karnevals(um)zug.,,
B1,Karotte,die,havuç,"-n → D: Möhre, CH: Rüebli",Nomen,Hasen fressen gern Karotten.,,
B1,Karriere,die,kariyer,-n,Nomen,Mein Bruder hat große Pläne. Er will Karriere machen.,,
B1,Chipkarte,die,"çip kart, akıllı kart",-n,Nomen,Ich habe eine Chipkarte für diesen Automaten.,,
B1,Kassette,die,kaset,-n,Nomen,Meine Eltern besitzen noch viele Musikkassetten.,,
B1,Kasten,der,"kutu, sandık, dolap","¨- (D) Kiste (A, D)",Nomen,Ich habe zwei Kästen Bier gekauft. Die Handtücher liegen im Kasten.,,
B1,Katalog,der,katalog,-e,Nomen,Ich habe mir ein Kleid aus dem Katalog bestellt.,,
B1,Katastrophe,die,"felaket, afet",-n,Nomen,Der Urlaub war eine Katastrophe. Es hat nur geregnet.,,
B1,sich etwas) kaufen,,satın almak,"kauft, kaufte, hat gekauft",Verb,1. Im Supermarkt kauft man sehr günstig ein. 2. Ich habe mir einen Pullover gekauft.,,
B1,Kauf,der,"satın alma, alışveriş",,Nomen,Der neue Esstisch war ein guter Kauf.,,
B1,Käufer,der,"alıcı, müşteri","die Käuferin, -nen",Nomen,- Ich habe schon einen Käufer für den alten Tisch.,,
B1,kaum,,"hemen hemen hiç, neredeyse hiç, zar zor",,Sonstiges,1. Ich kann Sie kaum verstehen. Bitte sprechen Sie lauter. 2. Es hat letzte Woche kaum geregnet. 3. Die Fahrt hat nicht ,,
B1,kein-,,"hiç, hiçbir",,Sonstiges,1. Ich habe leider heute keine Zeit. 2. Jetzt habe ich noch keinen Hunger. 3. Ich habe keine Kinder. 4. Was für ein Auto,,
B1,Kellner,der,garson,-,Nomen,Ich bin Kellnerin von Beruf.,,
B1,Kellnerin,die,kadın garson,"-nen → D, A: Ober, CH: Serviceangestellter",Nomen,Ich bin Kellnerin von Beruf.,,
B1,Kennzeichen,das,"plaka, işaret",-,Nomen,Das Auto hat ein Schweizer Kennzeichen.,,
B1,Kerze,die,mum,-n,Nomen,Für den Geburtstagstisch brauchen wir viele Blumen und Kerzen.,,
B1,Kindheit,die,çocukluk,,Nomen,In meiner Kindheit war ich oft auf dem Land bei meinen Großeltern.,,
B1,Kiste,die,"kutu, sandık","-n (A, D) → D: Kasten",Nomen,Ich habe zwei Kisten Bier gekauft.,,
B1,Kissen,das,yastık,-,Nomen,Ohne Kopfkissen kann ich nicht schlafen.,,
B1,klagen,,"yakınmak, şikayet etmek","klagt, klagte, hat geklagt",Verb,Sie klagt über Kopfschmerzen.,,
B1,klären,,"açıklığa kavuşturmak, çözmek","klärt, klärte, hat geklärt",Verb,"Ich hoffe, wir können dieses Problem bald klären.",,
B1,klasse,,"harika, süper",,Sonstiges,Ich finde unseren Lehrer klasse.,,
B1,kleben,,yapıştırmak,"klebt, klebte, hat geklebt",Verb,1. Die Briefmarke klebt nicht mehr. 2. Ich klebe Ihnen ein Pflaster darauf.,,
B1,klettern,,tırmanmak,"klettert, kletterte, ist geklettert",Verb,Die Kinder sind auf den Baum geklettert.,,
B1,klicken,,tıklamak,"klickt, klickte, hat geklickt",Verb,"Wenn du die Datei öffnen willst, musst du mit der Maus zweimal klicken.",,
B1,Klick,der,"tık, tıklama",-,Nomen,"s Um das Wort zu markieren, genügt ein Doppelklick mit der linken Maustaste.",,
B1,Klima,das,iklim,,Nomen,"Alle sagen, dass sich das Klima ändert.",,
B1,Klimaanlage,die,klima,-n,Nomen,Im Sommer brauchen wir eine Klimaanlage.,,
B1,klingeln,,"çalmak, zil çalmak","klingelt, klingelte, hat geklingelt",Verb,"1. Ich glaube, es hat an der Tür geklingelt. 2. Das Telefon klingelt.",,
B1,Klingel,die,zil,-n,Nomen,Drück bitte auf die Klingel!,,
B1,klingen,,"kulağa gelmek, çalmak","klingt, klang, hat geklungen",Verb,"Wollen wir einkaufen gehen und danach zusammen kochen? – Ja, das klingt gut.",,
B1,Klinik,die,klinik,-en,Nomen,"Ich muss in die Klinik, um meinen kranken Onkel zu besuchen.",,
B1,klopfen,,"vurmak, kapıyı çalmak","klopft, klopfte, hat geklopft",Verb,1. Da klopft jemand ans Fenster. 2. Hat es nicht eben geklopft? 3. Bitte klopfen Sie an.,,
B1,Kloß,der,"köfte, hamur köftesi","¨-e (D) → D, A: Knödel",Nomen,"Möchten Sie zum Fleisch Kartoffeln oder Klöße? – Klöße, bitte.",,
B1,knapp,,"kıt, dar, az",,Sonstiges,1. Mach schnell. Die Zeit ist knapp. 2. Unser Geld wird knapp. Wir müssen sparen. 3. Die Fahrt war kurz. Nur knapp eine ,,
B1,Kneipe,die,"meyhane, bar",-n (D),Nomen,Gehen wir noch in eine Kneipe ein Bier trinken?,,
B1,Knie,das,diz,-,Nomen,Ich habe mich am Knie verletzt. Jetzt kann ich nicht laufen.,,
B1,Knochen,der,kemik,-,Nomen,Ich bin hingefallen. Jetzt tun mir alle Knochen weh.,,
B1,Knödel,der,"köfte, patates köftesi","- (D, A) → D: Kloß",Nomen,Möchten Sie zum Fleisch Erdäpfel oder Knödel? – Knödel bitte.,,
B1,Knopf,der,düğme,¨-e,Nomen,1. An meiner Jacke fehlt ein Knopf. 2. Der Fahrstuhl kommt nicht. – Sie müssen auf den Knopf drücken.,,
B1,Koch,der,aşçı,¨-e,Nomen,Ein Freund von mir ist Koch in einem teuren Restaurant.,,
B1,Köchin,die,kadın aşçı,-nen,Nomen,Ein Freund von mir ist Koch in einem teuren Restaurant.,,
B1,Kollegin,die,"kadın meslektaş, iş arkadaşı",-nen,Nomen,1. Ich habe guten Kontakt zu meinen Kollegen. 2. Mein neuer Kollege ist sehr nett.,,
B1,Kommunikation,die,iletişim,,Nomen,Die Kommunikation zwischen den Abteilungen ist gut.,,
B1,komplett,,"tamamen, eksiksiz",,Sonstiges,1. Ich habe den Termin komplett vergessen. 2. Die Wohnung ist jetzt komplett eingerichtet.,,
B1,kompliziert,,"karmaşık, karışık",,Sonstiges,Er schreibt viel zu kompliziert.,,
B1,Kompromiss,der,"uzlaşma, orta yol",-e,Nomen,Alle wollen etwas anderes. Wir müssen einen Kompromiss finden.,,
B1,Konferenz,die,konferans,-en,Nomen,Die Konferenz findet in Raum 19 statt.,,
B1,Konfitüre,die,reçel,-n (CH),Nomen,Bring bitte noch ein Glas Konfitüre mit.,,
B1,Konflikt,der,"çatışma, anlaşmazlık",-e,Nomen,1. Das ist ein alter Konflikt. 2. Ich habe einen Konflikt mit meinen Eltern.,,
B1,König,der,kral,-e,Nomen,Der spanische König ist in Deutschland zu Besuch.,,
B1,Konkurrenz,die,"rekabet, rakip",,Nomen,"1. Die Reparatur ist mir hier zu teuer. Bei der Konkurrenz bekomme ich sie für die Hälfte. 2. Es ist schwer, ein Geschäf",,
B1,Konsulat,das,konsolosluk,-e,Nomen,Ein Visum bekommst du auch im Konsulat.,,
B1,konsumieren,,tüketmek,"konsumiert, konsumierte, hat konsumiert",Verb,Die Europäer haben im letzten Jahr mehr Fleisch konsumiert.,,
B1,Konsum,der,tüketim,,Nomen,Der Konsum von Lebensmitteln steigt.,,
B1,Girokonto,das,"vadesiz hesap, banka hesabı",-en,Nomen,Mein Girokonto kostet gar nichts.,,
B1,Kontrolle,die,"kontrol, denetim",-n,Nomen,1. An den Grenzen gibt es kaum noch Kontrollen. 2. Fahrkartenkontrolle! Bitte Ihre Fahrkarten!,,
B1,sich konzentrieren,,"konsantre olmak, yoğunlaşmak","konzentriert sich, konzentrierte sich, hat sich konzentriert",Verb,Bitte stör mich jetzt nicht. Ich muss mich auf meine Arbeit konzentrieren.,,
B1,kopieren,,"kopyalamak, fotokopi çekmek",,Sonstiges,1. Kann ich mir diesen Artikel kopieren? 2. Ich kopiere dir die Datei auf die Speicherkarte. 3. Ich kann dir die CD kopi,,
B1,Kopie,die,"kopya, fotokopi",-n,Nomen,Machst du mir bitte eine Kopie?,,
B1,Kopierer,der,fotokopi makinesi,,Nomen,- Der Kopierer ist schon wieder kaputt.,,
B1,körperlich,,"bedensel, fiziksel",,Sonstiges,Körperliche Arbeit macht mir nichts aus.,,
B1,korrekt,,"doğru, doğru dürüst",,Sonstiges,Ich habe die Rechnung geprüft. Alles ist korrekt.,,
B1,Korridor,der,koridor,"-e (D, CH) → Gang, D: Flur",Nomen,Wir warten draußen im Korridor.,,
B1,korrigieren,,düzeltmek,"korrigiert, korrigierte, hat korrigiert",Verb,1. Können Sie bitte meinen Brief korrigieren? 2. Der Lehrer hat meine Fehler korrigiert.,,
B1,Kosten,die,"masraf, gider, maliyet",(Pl.),Nomen,Die Kosten für die Reise bekomme ich von der Firma.,,
B1,Kostüm,das,kostüm,-e,Nomen,In dem Film tragen die Leute bunte Kostüme.,,
B1,Kraft,die,"güç, kuvvet",¨-e,Nomen,Für diese Arbeit braucht man viel Kraft.,,
B1,kräftig,,"güçlü, kuvvetli",,Sonstiges,1. Der Mann ist kräftig. Er macht viel Sport und isst viel. 2. Die Suppe musst du kräftig würzen.,,
B1,Kraftfahrzeug,das,motorlu taşıt,-e,Nomen,Auf dieser Straße sind Kraftfahrzeuge nicht erlaubt.,,
B1,Kraftwerk,das,elektrik santrali,-e,Nomen,Die Menschen protestieren gegen das Kraftwerk.,,
B1,Kranke,der,hasta,-n,Nomen,Kranke brauchen viel Ruhe.,,
B1,Kranke,die,hasta,-n,Nomen,Kranke brauchen viel Ruhe.,,
B1,Krankenpfleger,der,"hemşire, hasta bakıcı",,Nomen,- Mein Bruder arbeitet als Krankenpfleger im Krankenhaus.,,
B1,Krankenschwester,die,hemşire,-n,Nomen,Meine Cousine möchte gern Krankenschwester werden.,,
B1,Krankenwagen,der,ambulans,,Nomen,- Wir mussten einen Krankenwagen rufen.,,
B1,kreativ,,yaratıcı,,Sonstiges,1. Die Kinder sind beim Basteln sehr kreativ. 2. Wir brauchen eine kreative Lösung für dieses Problem.,,
B1,Kreditkarte,die,kredi kartı,-n,Nomen,Kann ich mit Kreditkarte zahlen?,,
B1,Kreis,der,"daire, çember, ilçe",-e,Nomen,1. Die Kinder sitzen im Kindergarten im Kreis. 2. Bitte malt jetzt alle einen Kreis in euer Heft. 3. Unser Ort gehört zu,,
B1,Kreuz,das,"haç, çarpı işareti",-e,Nomen,Was bedeutet dieses Kreuz hier?,,
B1,Krieg,der,savaş,-e,Nomen,1. Es herrscht noch immer Krieg in diesem Land. 2. Der Lehrer spricht über den Zweiten Weltkrieg.,,
B1,Kriminaldie Kriminalpolizei,,"cinayet masası, kriminal polis",,Sonstiges,Ein Nachbar von uns arbeitet bei der Kriminalpolizei.,,
B1,Krise,die,kriz,-n,Nomen,Die Wirtschaft steckt in einer schweren Krise.,,
B1,kritisieren,,eleştirmek,"kritisiert, kritisierte, hat kritisiert",Verb,Kritisiere mich nicht so oft.,,
B1,Kritik,die,eleştiri,-en,Nomen,1. Es gibt viel Kritik an der Politik der Regierung. 2. Dieser Film hat sehr gute Kritiken bekommen.,,
B1,kritisch,,"eleştirel, kritik",,Sonstiges,Es gab eine Diskussion über die Lebensmittelpreise. Ein Journalist hat kritische Fragen gestellt.,,
B1,Kuli,der,tükenmez kalem,-s,Nomen,Hast du einen Kuli für mich?,,
B1,Kundin,die,kadın müşteri,-nen,Nomen,"1. Sie ist schon lange bei mir Kundin. Ich habe ihr einen Sonderpreis gegeben. 2. Einen Augenblick, bitte. Ich habe eine",,
B1,Kündigung,die,"fesih, işten çıkarma",-en,Nomen,Ich habe die Kündigung bekommen. Jetzt bin ich arbeitslos.,,
B1,Künstler,der,sanatçı,"die Künstlerin, -nen",Nomen,- In diesem Stadtteil wohnen viele Künstlerinnen. Neben uns wohnt eine Musikerin.,,
B1,künstlich,,"yapay, suni",,Sonstiges,Ich mag kein künstliches Licht.,,
B1,Kunststoff,der,plastik,-e,Nomen,Der Stuhl ist aus Kunststoff. Ich besuche regelmäßig einen Deutschkurs.,,
B1,Kursleiter,der,"kurs eğitmeni, kurs yöneticisi","die Kursleiter, -nen",Nomen,- Die Kursleiterin ist mit unserer Kursgruppe manchmal in den Computerraum gegangen.,,
B1,Kurve,die,"viraj, kavis",-n,Nomen,1. Fahr bitte nicht so schnell in die Kurven. 2. Achtung. Das Stauende ist gleich hinter einer Kurve.,,
B1,kürzlich,,"geçenlerde, kısa süre önce",,Sonstiges,"Wir haben doch kürzlich darüber gesprochen, dass wir am Wochenende wegfahren wollen.",,
B1,küssen,,öpmek,"küsst, küsste, hat geküsst",Verb,1. Er nahm sie in die Arme und küsste sie. 2. Beim Verabschieden haben wir uns alle geküsst.,,
B1,Kuss,der,öpücük,¨-e,Nomen,Gib der Mama einen Kuss!,,
B1,Küste,die,"kıyı, sahil",-n,Nomen,Unser Dorf liegt direkt an der Küste.,,
B1,Kuvert,das,zarf,-s (A) →,Nomen,Ich hätte gern 50 Kuverts und Briefmarken dazu.,,
B1,lächeln,,gülümsemek,"lächelt, lächelte, hat gelächelt",Verb,Schauen Sie in die Kamera. Bitte lächeln!,,
B1,Lage,die,"konum, durum",,Nomen,Wir suchen eine Wohnung an/in zentraler Lage.,,
B1,Lager,das,"depo, ambar",-,Nomen,"1. Ich weiß nicht, ob wir diesen Schuh in Ihrer Größe haben. Ich sehe mal im Lager nach. 2. Unsere Kinder fahren im Somm",,
B1,Landwirtschaft,die,tarım,,Nomen,Auf dem Land arbeiten die meisten Leute in der Landwirtschaft.,,
B1,landen,,"inmek, konmak","landet, landete, ist gelandet",Verb,1. Wir sind erst um 20 Uhr in München gelandet. 2. Wegen starken Nebels konnte die Maschine nicht in Frankfurt landen.,,
B1,Landung,die,iniş,-en,Nomen,Bei der Landung müssen Sie sich anschnallen.,,
B1,Länge,die,uzunluk,,Nomen,"Mein Schreibtisch hat folgende Maße: Länge 1.20 m, Breite: 0,85 m, Höhe: 0,75 m.",,
B1,längst,,"çoktan, çoktan beri",,Sonstiges,Wann reparierst du die Heizung. – Die habe ich schon längst repariert.,,
B1,sich langweilen,,sıkılmak,"langweilt, langweilte, hat gelangweilt",Verb,Langweilst du dich?,,
B1,Langeweile,die,can sıkıntısı,,Nomen,Es ist aus Langeweile eingeschlafen.,,
B1,Lärm,der,gürültü,,Nomen,Die Flugzeuge machen einen schrecklichen Lärm.,,
B1,Laster,der,kamyon,-,Nomen,Auf der Autobahn waren so viele Laster. Deshalb hat es so lange gedauert.,,
B1,Laufwerk,das,"sürücü, disk sürücüsü",-e,Nomen,Für meinen Computer habe ich mir ein neues Laufwerk gekauft.,,
B1,Laune,die,"keyif, ruh hali",-n,Nomen,"Heute geht es mir besser, aber gestern hatte ich richtig schlechte Laune.",,
B1,Lautsprecher,der,hoparlör,-,Nomen,Bitte achten Sie auch auf die Lautsprecher-Ansagen am Bahnhof.,,
B1,lecker,,lezzetli,,Sonstiges,Das Essen war sehr lecker.,,
B1,Lebenslauf,der,özgeçmiş,¨-e,Nomen,Hast du den Lebenslauf für die Bewerbung schon geschrieben?,,
B1,Leder,das,deri,,Nomen,Ist die Tasche aus Leder?,,
B1,Lehre,die,"çıraklık, öğreti",,Nomen,Mein Cousin will eine dreijährige Lehre machen.,,
B1,Lehrstelle,die,"çıraklık yeri, staj yeri",-n,Nomen,Es sind noch viele Lehrstellen frei.,,
B1,Lehrerin,die,kadın öğretmen,-nen,Nomen,Die Lehrerin hat heute viele Hausaufgaben gegeben.,,
B1,Lehrling,der,çırak,-e,Nomen,Als Lehrling verdient man nicht sehr viel Geld.,,
B1,leid tun,,"üzülmek, üzgün olmak","tut leid, tat leid, hat leidgetan",Verb,"1. Die Frau tut mir leid. 2. Wie komme ich zum Bahnhof? - Tut mir leid, das weiß ich nicht. 3. Es tut mir leid, dass ich",,
B1,leiden,,"acı çekmek, muzdarip olmak","leidet, litt, hat gelitten",Verb,1. Er leidet an einer schweren Krankheit. 2. Sie leidet sehr unter den Verhältnissen.,,
B1,leisten,,"yapmak, gücü yetmek","leistet, leistete, hat geleistet",Verb,1. So ein teures Auto kann ich mir leider nicht leisten. 2. Bei einem Unfall muss jeder Erste Hilfe leisten.,,
B1,Leistung,die,"başarı, performans",-en,Nomen,Meine Leistungen in der Schule sind ganz gut.,,
B1,leiten,,yönetmek,"leitet, leitete, hat geleitet",Verb,Wer leitet den Kurs?,,
B1,Leiter,der,"müdür, yönetici","die Leiterin, -nen",Nomen,- Wie heißt die Leiterin der Schule?,,
B1,Leitung,die,"yönetim, hat",-en,Nomen,"1. Ab 1. Juli übernimmt Herr Meier die Leitung der Abteilung. 2. Tut mir leid, alle Leitungen sind besetzt. 3. Wir müsse",,
B1,Leiter,die,merdiven,-n,Nomen,Haben Sie eine Leiter für mich? Ich will die Fenster putzen.,,
B1,Lerner,der,"öğrenen, kursiyer","die Lernerin, -nen",Nomen,- Sie ist eine fleißige Lernerin.,,
B1,Leser,der,"okuyucu, okur","die Leserin, -nen",Nomen,- 1. Die Leserinnen und Leser sind mit der Zeitung zufrieden. 2. Ich werde einen Leserbrief schreiben.,,
B1,Lexikon,das,"ansiklopedi, sözlük",-Lexika,Nomen,Wir könnten im Lexikon nachsehen.,,
B1,Liebe,die,"aşk, sevgi",,Nomen,1. Wir haben aus Liebe geheiratet. 2. Für mich ist das Wichtigste die Liebe zu meiner Familie und zu meinen Kindern. 3. ,,
B1,Lieferung,die,teslimat,-en,Nomen,Sie bezahlen erst bei der Lieferung.,,
B1,Lift,der,asansör,"-e D, A: Aufzug",Nomen,5. In den Bergen liegt schon Schnee. Im Büro ist leider der Lift kaputt.,,
B1,Limonade,die,"limonata, gazoz",-n,Nomen,Die Limonade ist sehr süß.,,
B1,Linie,die,hat (ulaşım),-n,Nomen,Zum Hauptbahnhof können Sie mit der Linie 8 fahren.,,
B1,link-,,sol,,Sonstiges,1. Er hat sich das linke Bein gebrochen. 2. Das Haus ist auf der linken Seite.,,
B1,Lippe,die,dudak,-n,Nomen,Es ist sehr kalt. Meine Lippen sind ganz trocken.,,
B1,Liste,die,liste,-n,Nomen,Was brauchen wir für die Party? – Mach doch eine Einkaufsliste.,,
B1,Literatur,die,edebiyat,,Nomen,Ich interessiere mich für Literatur.,,
B1,loben,,övmek,"lobt, lobte, hat gelobt",Verb,Ich habe alle Hausaufgaben gemacht. Der Lehrer hat mich heute gelobt.,,
B1,Loch,das,delik,¨-er,Nomen,"1. Ich habe ein Loch im Zahn. Ich muss zum Zahnarzt. 2. Deine Hose hat ein Loch. – Ich weiß, sie ist schon alt.",,
B1,locker,,"gevşek, rahat",,Sonstiges,Lassen Sie bitte die Arme ganz locker und atmen Sie tief ein.,,
B1,Lohn,der,"ücret, maaş",¨-e,Nomen,1. Sie bekommen Ihren Lohn immer am Ende des Monats. 2. Die Löhne sind hier sehr niedrig.,,
B1,sich lohnen,,"değmek, kârlı olmak","lohnt sich, lohnte sich, hat sich gelohnt",Verb,Für drei Tage zu meinen Eltern fahren lohnt sich nicht. Es ist zu weit.,,
B1,los/los-,,"hadi, haydi",,Sonstiges,1. Los! Beeilt euch! 2. Gibt es ein Problem? Was ist denn los? 3. Achtung – fertig – los!,,
B1,losfahren,,"yola çıkmak, hareket etmek","fährt los, fuhr los, ist losgefahren",Verb,Wir fahren um 8 Uhr los. Sei bitte pünktlich.,,
B1,löschen,,"silmek, söndürmek","löscht, löschte, hat gelöscht",Verb,1. Du kannst die Datei löschen. Ich brauche sie nicht mehr. 2. Das Feuer wurde schnell gelöscht.,,
B1,lösen,,"çözmek, satın almak","löst, löste, hat gelöst",Verb,1. Wir müssen dieses Problem lösen. 2. Sie können die Fahrkarten auch am Automaten lösen.,,
B1,Luft,die,hava,,Nomen,"1. Oh, hier ist aber schlechte Luft. 2. Die Seeluft tut mir gut. 3. Bitte mach das Fenster auf. Ich brauche frische Luft",,
B1,Magazin,das,dergi,-e,Nomen,Jugendliche lesen dieses Magazin gern.,,
B1,mager,,"yağsız, zayıf",,Sonstiges,Bitte 1 kg mageres Fleisch.,,
B1,Mahlzeit,die,"öğün, yemek vakti",-en,Nomen,1. Die Tropfen bitte immer nach den Mahlzeiten einnehmen. 2. In Deutschland gibt es meist nur einmal am Tag eine warme M,,
B1,Mahnung,die,"ihtar, uyarı",-en,Nomen,"Wenn du die Rechnung nicht pünktlich bezahlst, bekommst du eine Mahnung.",,
B1,mal,,"bir kez, bir kere",,Sonstiges,(siehe einmal),,
B1,Maler,der,"ressam, boyacı","die Malerin, -nen",Nomen,- 1. Wir haben die Maler im Haus. Wir lassen die Wände neu streichen. 2. Picasso ist vielleicht der bekannteste Maler de,,
B1,Mangel,der,"eksiklik, yetersizlik",¨-,Nomen,1. In dieser Stadt gibt es einen großen Mangel an Wohnungen. 2. Die Maschine hat technische Mängel.,,
B1,Mappe,die,"dosya, evrak çantası",-n,Nomen,Mein Pass ist in dieser Mappe.,,
B1,Märchen,das,masal,-,Nomen,Meine Großmutter hat uns viele Märchen erzählt.,,
B1,Margarine,die,margarin,,Nomen,Meine Frau isst nur Margarine und keine Butter.,,
B1,Marille,die,kayısı,"-n (A) → D, CH: Aprikose",Nomen,Schmecken dir die Marillen?,,
B1,Marke,die,"pul, marka",-n,Nomen,1. Ich brauche bitte fünf Briefmarken zu 1 Euro. 2. Markenschuhe sind mir zu teuer.,,
B1,markieren,,işaretlemek,"markiert, markierte, hat markiert",Verb,Hier ist unser Hotel. Ich markiere Ihnen auf dem Plan den Weg zum Bahnhof.,,
B1,Material,das,malzeme,,Nomen,Aus welchem Material ist der Schrank? – Aus Holz.,,
B1,Matura (A,die,lise bitirme sınavı,CH) → D: Abitur,Nomen,Meine Tocher hat gerade die Matura gemacht.,,
B1,Mauer,die,duvar,-n,Nomen,Die Kinder sind über die Mauer geklettert.,,
B1,maximal,,"en fazla, azami",,Sonstiges,1. Wie lange braucht ein Brief? – Maximal zwei Tage. 2. Wie schwer darf der Brief sein? – Maximal 20 g.,,
B1,Mechaniker,der,tamirci,-,Nomen,1. Das kann nur ein Mechaniker reparieren. 2. Karim ist Automechaniker. Er arbeitet bei Opel.,,
B1,Mechanikerin,die,kadın tamirci,-nen,Nomen,1. Das kann nur ein Mechaniker reparieren. 2. Karim ist Automechaniker. Er arbeitet bei Opel.,,
B1,Medien,die,medya,(Pl.),Nomen,Umweltschutz ist in den Medien ein großes Thema.,,
B1,Medizin,die,"ilaç, tıp",,Nomen,1. Du musst noch deine Medizin nehmen. 2. Mein Sohn will Medizin studieren.,,
B1,Mehl,das,un,,Nomen,Ich möchte einen Kuchen backen. Ist noch genug Mehl da?,,
B1,mehrere,,"birkaç, birçok",,Sonstiges,1. Ich habe mehrere Leute gefragt. Aber niemand konnte mir helfen. 2. Viele Wörter haben mehrere Bedeutungen.,,
B1,Mehrheit,die,çoğunluk,-en,Nomen,Die Mehrheit der Menschen in Deutschland besitzt ein Handy.,,
B1,Mehrwertsteuer,die,katma değer vergisi,,Nomen,Die Mehrwertsteuer bei diesem Produkt beträgt 20 %.,,
B1,meinetwegen,,bana göre sorun değil,,Sonstiges,Meinetwegen kannst du heute das Auto haben.,,
B1,meist(ens),,"çoğunlukla, genellikle",,Sonstiges,"1. Meistens trinke ich zum Frühstück nur einen Kaffee. 2. Seid ihr am Wochenende zu Hause? – Ja, meistens.",,
B1,Meister,der,"usta, şampiyon",-,Nomen,"1. Ich weiß nicht, wie man das macht. – Dann frag doch den Meister. 2. Unsere Mannschaft ist deutscher Meister geworden.",,
B1,melden,,"bildirmek, haber vermek","meldet, meldete, hat gemeldet",Verb,1. Ich habe schon zweimal angerufen. Aber es meldet sich niemand. 2. Den Unfall müssen Sie der Versicherung melden. 3. W,,
B1,Meldung,die,"haber, bildiri",-en,Nomen,Hast du die Meldung im Radio gehört? Es wird starken Sturm geben.,,
B1,Mensa,die,yemekhane,-s/-en,Nomen,Ich esse fast jeden Tag in der Mensa.,,
B1,menschlich,,"insani, beşerî",,Sonstiges,Fehler zu machen ist menschlich.,,
B1,Menü,das,menü,-s,Nomen,"Nimm doch das Menü, das sieht gut aus.",,
B1,merkwürdig,,"tuhaf, garip",,Sonstiges,Das ist eine merkwürdige Geschichte.,,
B1,messen,,ölçmek,"misst, maß, hat gemessen",Verb,1. Haben Sie schon Fieber gemessen? 2. Ich habe das Zimmer ausgemessen. Es sind genau 20 m².,,
B1,Metall,das,metal,-e,Nomen,Dieser Tisch hier ist ganz aus Metall.,,
B1,Methode,die,yöntem,-n,Nomen,"Weißt du eine gute Methode, um schnell gut Deutsch zu lernen?",,
B1,Metropole,die,"büyükşehir, metropol",-n,Nomen,Berlin und Wien sind Metropolen.,,
B1,Metzger,der,kasap,- → A: Fleischhauer,Nomen,Dieser Metzger hat sehr gute Wurst.,,
B1,Mieter,der,kiracı,"die Mieterin, -nen",Nomen,- Sie hat heute neue Mieter für die Wohnung gefunden.,,
B1,Migrant,der,göçmen,-en,Nomen,Viele Migranten kommen aus Osteuropa.,,
B1,Migrantin,die,göçmen kadın,-nen,Nomen,Viele Migranten kommen aus Osteuropa.,,
B1,Migration,die,göç,,Nomen,Gestern gab es im Fernsehen eine Diskussion zum Thema Migration.,,
B1,mild,,"hafif, yumuşak",,Sonstiges,"1. Möchten Sie die Soße scharf? – Nein, bitte ganz mild. 2. Wie wird das Wetter? – Es soll etwas milder werden.",,
B1,Minderheit,die,azınlık,-en,Nomen,Frauen sind in unserer Firma in der Minderheit.,,
B1,minimal,,"asgari, en az",,Sonstiges,Da ist nur ein minimaler Unterschied.,,
B1,mischen,,karıştırmak,"mischt, mischte, hat gemischt",Verb,"1. Ich möchte ein gemischtes Eis mit Sahne. 2. Wie möchten Sie das Geld? – Bitte gemischt, große und kleine Scheine.",,
B1,miss-,,"kötü-, yanlış-",,Sonstiges,1. Die Konferenz war ein Misserfolg. 2. Das Misstrauen zwischen den beiden Parteien ist weiterhin groß. 3. Sie haben mic,,
B1,Mitarbeiterin,die,"kadın çalışan, personel",-nen,Nomen,Unsere Firma hat sieben Mitarbeiter.,,
B1,miteinander,,birbiriyle,,Sonstiges,Sprechen Sie bitte miteinander.,,
B1,Mitglied,das,üye,-er,Nomen,Für Mitglieder ist der Eintritt zum Konzert gratis.,,
B1,mitteilen,,"bildirmek, haber vermek","teilt mit, teilte mit, hat mitgeteilt",Verb,Den Prüfungstermin teilen wir Ihnen noch mit.,,
B1,mitten,,"ortasında, tam ortasında",,Sonstiges,1. Wir haben eine Wohnung mitten in der Stadt. 2. Das Flugzeug hatte Verspätung. Wir sind erst mitten in der Nacht angek,,
B1,mittler-,,orta,,Sonstiges,In den mittleren Reihen sind noch Plätze frei.,,
B1,mittlerweile,,"bu arada, artık",,Sonstiges,Am Anfang war die Arbeit schwer. Mittlerweile habe ich mich daran gewöhnt.,,
B1,Möbel,das,mobilya,-,Nomen,Wir haben uns neue Möbel gekauft.,,
B1,möbliert,,mobilyalı,,Sonstiges,Ich suche ein möbliertes Zimmer.,,
B1,mobil/mobil-,,"hareketli, mobil",,Sonstiges,Mit dem Fahrrad bin ich in der Stadt sehr mobil.,,
B1,Mobilbox,die,"telesekreter, sesli mesaj kutusu",-en,Nomen,Ich habe zwei Nachrichten auf meiner Mobilbox.,,
B1,Mobilität,die,"hareketlilik, mobilite",-en,Nomen,Sprachen zu lernen fördert die Mobilität.,,
B1,Modell,das,model,-e,Nomen,Wie findest du dieses Auto? – Dieses Modell gefällt mir nicht.,,
B1,Möglichkeit,die,"olanak, imkân",-en,Nomen,Sie wollen ans Meer? Da gibt es mehrere Möglichkeiten.,,
B1,möglichst,,mümkün olduğunca,,Sonstiges,"1. Sagen Sie mir bitte möglichst bald, ob Ihnen der Termin passt. 2. Wir suchen eine Wohnung, möglichst im Erdgeschoss.",,
B1,Möhre,die,havuç,"-n (D) → Karotte, CH: Rüebli",Nomen,Hasen fressen gern Möhren.,,
B1,Mond,der,ay,-e,Nomen,Bei Vollmond kann ich nicht schlafen.,,
B1,Monitor,der,"monitör, ekran",-e,Nomen,Ich habe mir einen größeren Monitor gekauft. Das ist besser für meine Augen.,,
B1,Motorrad,das,motosiklet,¨-er,Nomen,Oskar fährt jeden Tag mit dem Motorrad zur Arbeit.,,
B1,Mühe,die,"çaba, zahmet",,Nomen,1. Vielen Dank für Ihre Mühe. 2. Mit ein bisschen mehr Mühe können wir das schaffen.,,
B1,Müllabfuhr,die,çöp toplama,,Nomen,Die Müllabfuhr kommt zweimal pro Woche.,,
B1,Mülltonne,die,"çöp kutusu, çöp konteyneri",-n,Nomen,Die Mülltonne ist voll.,,
B1,mündlich,,sözlü,,Sonstiges,Die mündliche Prüfung ist erst nächste Woche.,,
B1,Münze,die,"madeni para, bozuk para",-n,Nomen,Der Automat nimmt nur Münzen.,,
B1,musikalisch,,"müzikal, müziğe yetenekli",,Sonstiges,"1. Sie ist sehr musikalisch: Sie spielt Klavier, Flöte und Geige. 2. Das musikalische Angebot gefällt mir.",,
B1,Musiker,der,müzisyen,"die Musikerin, nen",Nomen,- Mein Bruder möchte Musiker werden.,,
B1,Muskel,der,kas,-n,Nomen,Im Fitness-Studio trainieren wir unsere Muskeln.,,
B1,Müesli/Müsli,das,müsli,-,Nomen,Zum Frühstück gibt es Müsli mit Obst.,,
B1,Mut,der,cesaret,,Nomen,"Man braucht viel Mut, um in einem fremden Land ganz neu anzufangen.",,
B1,mutig,,cesur,,Sonstiges,"Es war sehr mutig von dir, deine Meinung laut zu sagen.",,
B1,Nachbarin,die,komşu (kadın),nen,Nomen,Meine neue Nachbarin ist sehr nett.,,
B1,nachdem,,-dikten sonra,,Sonstiges,"Nachdem wir gegessen hatten, sind wir spazieren gegangen.",,
B1,nachdenken,,düşünmek,"denkt nach, dachte nach, hat nachgedacht",Verb,"Ich weiß nicht, was ich machen soll. Ich muss nachdenken.",,
B1,Nachfrage,die,talep,-n,Nomen,Die Nachfrage für dieses Produkt ist groß.,,
B1,nachher,,"sonra, daha sonra",,Sonstiges,Ich rufe nachher nochmal an.,,
B1,Nachhilfe,die,"özel ders, takviye ders",-n,Nomen,Der Schüler braucht Nachhilfe in Mathematik.,,
B1,nachschlagen,,"sözlükte bakmak, aramak","schlägt nach, schlug nach, hat nachgeschlagen",Verb,Ich kenne das Wort nicht. Das musst du im Wörterbuch nachschlagen.,,
B1,Nachspeise,die,"tatlı, tatlı yemek","-n (D, A) → Dessert nächst-",Nomen,Nach dem Essen gab es noch eine leckere Nachspeise 1. Wo ist hier die nächste Apotheke? 2. Rufen Sie bitte nächste Woche,,
B1,Nachteil,der,"dezavantaj, sakınca",-e,Nomen,Einen Nachteil hat die Wohnung. Sie liegt nicht zentral.,,
B1,Nachwuchs,der,"genç nesil, yavru",,Nomen,1. Der Nachwuchs bei Forschern soll gefördert werden. 2. Die Katze hat Nachwuchs bekommen.,,
B1,Nadel,die,iğne,-n,Nomen,Hast du eine Nadel für mich? Ich muss einen Knopf annähen.,,
B1,Nagel,der,"çivi, tırnak",¨-,Nomen,1. Kannst du mir den Nagel in die Wand schlagen? 2. Ich muss mir die Fingernägel schneiden.,,
B1,nah(e),,yakın,,Sonstiges,"Wie weit ist es zum Bahnhof? – Das ist ganz nah, nur zwei Minuten von hier.",,
B1,nähen,,dikmek,"näht, nähte, hat genäht",Verb,1. Meine Mutter näht ihre Kleider selbst. 2. Wir müssen die Wunde nähen.,,
B1,sich nähern,,yaklaşmak,"nähert sich, näherte sich, hat sich genähert",Verb,Er nähert sich dem Unfallort ganz langsam.,,
B1,Nahrungsmittel,das,"gıda maddesi, besin",-,Nomen,In diesen Ländern fehlen vor allem Nahrungsmittel.,,
B1,nämlich,,"çünkü, şöyle ki",,Sonstiges,Ich muss leider gehen. Ich habe nämlich noch einen Termin beim Zahnarzt.,,
B1,Nase,die,burun,-n,Nomen,Haben Sie Nasentropfen? Ich bin stark erkältet.,,
B1,national/national-,,"ulusal, milli",,Sonstiges,1. Das ist ein nationaler Wettbewerb. 2. Die Nationalmannschaft ist ziemlich stark.,,
B1,Nebel,der,sis,-,Nomen,1. Wegen Nebels konnten wir gestern nicht in Frankfurt landen. 2. Fahren Sie bei Nebel besonders vorsichtig!,,
B1,nebenbei,,"bunun yanı sıra, ayrıca",,Sonstiges,1. Mein Freund studiert Geschichte. Und nebenbei arbeitet er in einer Kneipe. 2. Ich mache die Hausarbeit und nebenbei h,,
B1,Neffe,der,yeğen (erkek),-n,Nomen,Meine Schwester hat zwei Kinder. Meine Neffen sind drei und fünf Jahre alt.,,
B1,negativ,,"olumsuz, negatif",,Sonstiges,Du solltest nicht alles negativ sehen.,,
B1,Nerv,der,sinir,-en,Nomen,1. Er leidet an einer Nervenkrankheit. 2. Mach bitte das Radio aus. Die Musik geht mir auf die Nerven.,,
B1,Netz,das,"ağ, file",-e,Nomen,1. Bitte bring ein Netz Orangen. 2. Der Ball berührte das Netz. 3. Seid ihr schon ans Netz angeschlossen?,,
B1,Netzwerk,das,"ağ, şebeke",-e,Nomen,1. Soziale Netzwerke sind wichtig. 2. Das Telefonnetzwerk wird ständig erweitert.,,
B1,Neuigkeit,die,"haber, yenilik",-en,Nomen,In dieser Sache gibt es keine Neuigkeiten.,,
B1,neugierig,,meraklı,,Sonstiges,Die Nachbarn sind ziemlich neugierig.,,
B1,neulich,,"geçenlerde, geçen gün",,Sonstiges,Ich war neulich bei der Bank und habe einen alten Freund getroffen.,,
B1,Nichte,die,yeğen (kız),-n,Nomen,Die Tasche ist ein Geschenk von meiner Nichte.,,
B1,Nichtraucher,der,sigara içmeyen kişi,-,Nomen,1. In unserer Familie sind alle Nichtraucher. 2. Möchten Sie einen Tisch im Nichtraucherbereich?,,
B1,Nichtraucherin,die,sigara içmeyen kadın,-nen,Nomen,1. In unserer Familie sind alle Nichtraucher. 2. Möchten Sie einen Tisch im Nichtraucherbereich?,,
B1,niedrig,,"alçak, düşük",,Sonstiges,1. Die Räume hier sind mir zu niedrig. 2. Für die Jahreszeit sind die Temperaturen zu niedrig. 3. Die Firma zahlt sehr n,,
B1,nirgendwo,,hiçbir yerde,,Sonstiges,Die Schlüssel kann ich nirgendwo finden.,,
B1,noch mal,,"bir daha, tekrar",,Sonstiges,1. Vielen Dank nochmal. 2. Bitte sagen Sie das nochmal.,,
B1,nochmals,,"tekrar, bir kez daha",,Sonstiges,Nochmals vielen Dank!,,
B1,normalerweise,,"normalde, genellikle",,Sonstiges,Wann haben Sie normalerweise Pause?,,
B1,Notdie Notaufnahme,,acil servis,-n,Sonstiges,Die Notaufnahme ist gleich hier links.,,
B1,Notausgang,der,acil çıkış,¨-e,Nomen,Der Notausgang ist gleich hier bei der Treppe.,,
B1,Notfall,der,acil durum,¨-e,Nomen,1. Wir haben einen Notfall. Bitte schicken Sie einen Krankenwagen. 2. Im Notfall rufen Sie bitte diese Nummer an.,,
B1,Notruf,der,"acil çağrı, imdat çağrısı",,Nomen,Der Notruf hat die Nummer 110.,,
B1,nötig,,gerekli,,Sonstiges,"1. Wenn es nötig ist, nehmen Sie noch eine Tablette. 2. Kann ich Ihnen helfen? – Danke, nicht nötig.",,
B1,nun,,"şimdi, artık",,Sonstiges,"1. Schade, dass du arbeiten musst. – Das ist nun mal so. 2. Was ist jetzt? Kommst du nun endlich?",,
B1,nutzen,,"kullanmak, yararlanmak","nutzt, nutzte, hat genutzt",Verb,Ich möchte das schöne Wetter nutzen und spazieren gehen.,,
B1,nützen,,"işe yaramak, yararlı olmak","nützt, nützte, hat genützt",Verb,Ich habe jeden Tag eine Tablette genommen. Aber es hat nichts genützt.,,
B1,ob,,"acaba, mi (bağlaç)",,Sonstiges,"Ich weiß noch nicht, ob ich kommen kann.",,
B1,ober-,,"üst, üstteki",,Sonstiges,Die Wohnung im oberen Stockwerk ist vermietet.,,
B1,Ober,der,garson (erkek),"- (D, A) → Kellner, CH: Serviceangestellter",Nomen,Ich bin Ober von Beruf.,,
B1,das/der (Schlag-)Obers (A) → D: (Schlag-)Sahne,,"krema, çırpılmış krema",CH: (Schlag-)Rahm,Sonstiges,Ich hätte gern ein Stück Torte mit (Schlag-)Obers.,,
B1,Obst (D,das,meyve,A) → CH: Früchte,Nomen,Obst kaufe ich am liebsten auf dem Markt.,,
B1,obwohl,,"rağmen, gerçi",,Sonstiges,"Obwohl meine Kollegin krank ist, geht sie arbeiten.",,
B1,(Back-)Ofen,der,fırın,"¨- (D, CH) → A: (Back-)Rohr",Nomen,Ich habe gerade eine Pizza gemacht. Sie ist ganz frisch aus dem Ofen.,,
B1,öffentlich,,"kamusal, genel, halka açık",,Sonstiges,1. In der Stadt fahre ich immer mit öffentlichen Verkehrsmitteln. 2. In öffentlichen Gebäuden darf man nicht rauchen.,,
B1,Öffentlichkeit,die,"kamuoyu, halk",,Nomen,1. Von solchen Dingen erfährt die Öffentlichkeit nur selten. 2. Ich möchte in der Öffentlichkeit nicht streiten.,,
B1,veröffentlichen,,"yayımlamak, yayınlamak","veröffentlicht, veröffentlichte, hat veröffentlicht",Verb,Das Buch wurde gestern veröffentlicht.,,
B1,offenbar,,"belli ki, görünüşe göre",,Sonstiges,Das Restaurant ist heute offenbar geschlossen.,,
B1,offiziell,,resmi,,Sonstiges,Sie bekommen von uns eine offizielle Einladung.,,
B1,oft/öfter,,"sık, sık sık",,Sonstiges,1. Ich treffe mich oft mit meiner Freundin. 2. In letzter Zeit muss ich öfter Überstunden machen.,,
B1,Öko-,,"eko-, ekolojik",(ökologisch),Sonstiges,"z.B. Ökoladen, Ökostrom, ökologischer Anbau",,
B1,Onkel,der,"amca, dayı",-,Nomen,Nächste Woche fahre ich zu meinem Onkel nach Berlin.,,
B1,Oper,die,opera,-n,Nomen,1. Ich mag Opern. 2. Warst du schon mal in der Oper?,,
B1,operieren,,ameliyat etmek,"operiert, operierte, hat operiert",Verb,Wir müssen das Knie sofort operieren.,,
B1,Operation,die,ameliyat,-en,Nomen,Seit der Operation kann ich mein Knie nicht mehr bewegen.,,
B1,Opfer,das,kurban,-,Nomen,Bei der Schiffskatastrophe gab es viele Opfer.,,
B1,optimistisch,,iyimser,,Sonstiges,"Glaubst du, dass du den Job bekommst. – Ja, ich bin ganz optimistisch.",,
B1,Orchester,das,orkestra,-,Nomen,Auf unserer Hochzeit hat ein kleines Orchester gespielt.,,
B1,ordentlich,,düzenli,,Sonstiges,1. Mein Bruder ist ein sehr ordentlicher Mensch. 2. Auf seinem Schreibtisch sieht es immer sehr ordentlich aus.,,
B1,Ordination,die,muayenehane,-en (A) Praxis,Nomen,Die Ordination bleibt bis zum 7. Jänner geschlossen.,,
B1,ordnen,,"düzenlemek, sıralamak","ordnet, ordnete, hat geordnet",Verb,Letztes Wochenende habe ich meine Papiere geordnet.,,
B1,Ordner,der,"klasör, dosya",,Nomen,- Für meine Übungen im Deutschkurs habe ich mir einen Ordner gekauft.,,
B1,Organisation,die,"organizasyon, düzenleme",-en,Nomen,1. Die Organisation des Festes war sehr gut. 2. Sind Sie Mitglied in einer Organisation?,,
B1,Original,das,"orijinal, asıl nüsha",-e,Nomen,Das Original ist für Sie. Wir bekommen die Kopie.,,
B1,original,,"orijinal, asıl",,Sonstiges,Ich muss das originale Dokument abgeben.,,
B1,Vorort,der,"banliyö, dış mahalle",-e,Nomen,Mein Bruder wohnt in einem Vorort von Hamburg.,,
B1,Wohnort,der,"ikametgah, oturulan yer",-e,Nomen,Tragen Sie bitte auch Ihren Wohnort ein.,,
B1,Ozean,der,okyanus,-e,Nomen,Dieses Schiff fährt über den Atlantischen Ozean.,,
B1,(ein) paar,,birkaç,,Sonstiges,1. Ich komme gleich. Es dauert nur ein paar Minuten. 2. Wir fahren mit ein paar Freunden in Urlaub.,,
B1,Panne,die,arıza,-n,Nomen,"1. Kurz vor München hatten wir eine Panne mit dem Auto. 2. Die Reise war schlecht organisiert, es gab mehrere Pannen.",,
B1,Paradeiser,der,domates,- (A) Tomate,Nomen,Kauf bitte noch Paradeiser auf dem Markt.,,
B1,parallel,,paralel,,Sonstiges,Die Goethestraße ist parallel zur Hauptstraße.,,
B1,Passagier,der,yolcu (erkek),-e,Nomen,Die Passagiere Schulz und Kaufmann sollen bitte zur Information kommen.,,
B1,Passagierin,die,yolcu (kadın),-nen,Nomen,Die Passagiere Schulz und Kaufmann sollen bitte zur Information kommen.,,
B1,passiv,,"pasif, edilgen",,Sonstiges,"Man sollte im Kurs nicht passiv sein, sondern mitdiskutieren.",,
B1,Patient,der,hasta (erkek),-en,Nomen,Ich bin Patientin bei Dr. Hausner. Ich möchte bitte einen Termin.,,
B1,Patientin,die,hasta (kadın),-nen,Nomen,Ich bin Patientin bei Dr. Hausner. Ich möchte bitte einen Termin.,,
B1,pauschal,,"toptan, götürü",,Sonstiges,Sie haben die Reise pauschal gebucht.,,
B1,Pech,das,"şanssızlık, kötü şans",,Nomen,1. Es regnet. Unser Picknick fällt leider aus. – So ein Pech! 2. Wir hatten im Urlaub Pech mit dem Wetter.,,
B1,peinlich,,"utanç verici, mahcup edici",,Sonstiges,1. Das muss dir nicht peinlich sein. 2. Das war eine peinliche Situation.,,
B1,Pension,die,pansiyon,-en,Nomen,Im Urlaub haben wir in einer kleinen Pension gewohnt.,,
B1,in Pension gehen/sein (D,,"emekliye ayrılmak, emekli olmak","A) → D: in Rente gehen/sein, D, CH: pensioniert werden/sein",Sonstiges,1. Ich gehe Ende des Jahres in Pension. 2. Mein Nachbar ist seit zehn Jahren in Pension.,,
B1,pensioniert werden/sein (D,,emekli olmak,"CH) → D, A: in Pension gehen/sein, D: in Rente gehen/sein",Sonstiges,1. Ich werde Ende des Jahres pensioniert. 2. Mein Nachbar ist seit zehn Jahren pensioniert.,,
B1,Pensionist,der,emekli,"-en / die → Pensionistin, -nen (A) D, CH: Rentner",Nomen,Meine Großmutter arbeitet nicht mehr. Sie ist Pensionistin.,,
B1,per,,"ile, aracılığıyla, yoluyla",,Sonstiges,Wie kann ich mich für den Kurs anmelden? – Per Fax oder E-Mail.,,
B1,perfekt,,"mükemmel, kusursuz",,Sonstiges,Die Reiseorganisation war perfekt.,,
B1,Perron,der,peron,"-s (CH) → D, A: Bahnsteig",Nomen,Auf Hauptbahnhöfen gibt es meist viele Perrons.,,
B1,persönlich,,"kişisel, şahsen",,Sonstiges,1. Hier gibt es zu viele Autos. Das ist meine persönliche Meinung. 2. Ich muss Herrn Meier persönlich sprechen.,,
B1,Personalien,die,kimlik bilgileri,(Pl.),Nomen,Mein Kollege wird Ihre Personalien aufnehmen.,,
B1,Personenstand D,der,medeni hâl,"A: Familienstand, CH: Zivilstand",Nomen,Bei „Personenstand“ musst du „ledig“ ankreuzen.,,
B1,Personal,das,personel,,Nomen,Dieser Eingang ist nur für das Personal.,,
B1,Pfanne,die,tava,"-n (CH) → D, A: Topf",Nomen,Hast du keine größere Pfanne? Ich möchte Kartoffeln kochen.,,
B1,Pfeffer,der,karabiber,,Nomen,Bringen Sie uns bitte Pfeffer und Salz.,,
B1,pflanzen,,dikmek (bitki),"pflanzt, pflanzte, hat gepflanzt",Verb,Lass uns einen Baum pflanzen!,,
B1,Pflaster,das,yara bandı,-,Nomen,Hast du ein Pflaster? Ich habe mich geschnitten.,,
B1,Pflaume,die,erik,-n,Nomen,Ich esse gern Pflaumen und noch lieber Pflaumenkuchen.,,
B1,pflegen,,bakmak (hasta bakımı),"pflegt, pflegte, hat gepflegt",Verb,Meine Mutter ist sehr krank. Ich muss sie pflegen.,,
B1,Pfleger,der,"bakıcı, hemşire (erkek)","die Pflegerin, -nen",Nomen,- Meine Freundin ist Pflegerin in einem Altersheim.,,
B1,Pflicht,die,"görev, yükümlülük",-en,Nomen,Als Autofahrer müssen Sie eine Versicherung haben. Das ist Pflicht.,,
B1,Phantasie/Fantasie,die,"hayal gücü, fantezi",-n,Nomen,Mein Sohn malt sehr gut. Er hat viel Phantasie.,,
B1,Picknick,das,piknik,-s,Nomen,Am Sonntag machen wir ein Picknick. Der Arzt hat mir neue Pillen verschrieben.,,
B1,Pille,die,hap,-n,Nomen,Am Sonntag machen wir ein Picknick. Der Arzt hat mir neue Pillen verschrieben.,,
B1,Pilz,der,mantar,-e → A: Schwammerl,Nomen,Haben Sie frische Pilze?,,
B1,Planung,die,planlama,-en,Nomen,Unsere Planung für das Sommerfest steht schon lange.,,
B1,Plastik,das,plastik,,Nomen,Was für ein Spielzeug möchten Sie? Aus Plastik oder aus Holz?,,
B1,Politik,die,"siyaset, politika",,Nomen,Ich interessiere mich nicht für Politik.,,
B1,Politiker,der,politikacı,"die Politikerin, -nen",Nomen,"- Weißt du, wie dieser Politiker heißt?",,
B1,politisch,,"siyasi, politik",,Sonstiges,1. Ich diskutiere mit meinem Mann oft über politische Probleme. 2. Die politischen Meinungen zum Thema Umwelt sind sehr ,,
B1,Polizist,der,polis memuru (erkek),-en,Nomen,Die Ampel war kaputt. Ein Polizist hat den Verkehr geregelt.,,
B1,Polizistin,die,polis memuru (kadın),-nen,Nomen,Die Ampel war kaputt. Ein Polizist hat den Verkehr geregelt.,,
B1,populär,,popüler,,Sonstiges,Diese Musik ist bei Jugendlichen populär.,,
B1,Portemonnaie/Port- → monee,das,cüzdan,"-s (D, CH) Brieftasche, A: Geldbörse",Nomen,Ich habe nur Kleingeld in meinem Portemonnaie.,,
B1,positiv,,"olumlu, pozitif",,Sonstiges,1. Wir haben eine positive Nachricht für Sie. Sie bekommen die Stelle. 2. Man muss positiv denken.,,
B1,Pöstler,der,postacı,"- / die Pöstlerin, -nen (CH) → Briefträger",Nomen,War die Pöstlerin schon da?,,
B1,Poulet,das,tavuk,"-s (CH) → D: Hähnchen/Hühnchen, A: Hend(e)l",Nomen,Zum Mittagessen gibt es Poulet mit Reis.,,
B1,Praktikant,der,stajyer (erkek),-en,Nomen,Bei dieser Firma habe ich zwei Jahre als Praktikantin gearbeitet.,,
B1,Praktikantin,die,stajyer (kadın),-nen,Nomen,Bei dieser Firma habe ich zwei Jahre als Praktikantin gearbeitet.,,
B1,präsentieren,,sunmak,,Sonstiges,Präsentieren Sie Ihre Ergebnisse bitte im Kurs.,,
B1,Präsentation,die,sunum,-en,Nomen,Die Schülerin hat für ihre Präsentation eine gute Note bekommen.,,
B1,Presse,die,basın,,Nomen,Darüber konnte sich jeder in der Presse informieren.,,
B1,prima,,"harika, mükemmel",,Sonstiges,Mit diesen Leuten verstehe ich mich prima.,,
B1,produzieren,,üretmek,"produziert, produzierte, hat produziert",Verb,Unsere Firma produziert Feuerzeuge.,,
B1,Produktion,die,üretim,,Nomen,Die Produktion von Käse dauert oft viele Wochen.,,
B1,Professor,der,profesör (erkek),-en,Nomen,Unsere Nachbarin ist Professorin an der Universität.,,
B1,Professorin,die,profesör (kadın),-nen,Nomen,Unsere Nachbarin ist Professorin an der Universität.,,
B1,Profi,der,"profesyonel, uzman",-s,Nomen,Keine Angst. Mein Bruder kann die Heizung bestimmt reparieren. Er ist doch ein Profi.,,
B1,Profisportler,der,profesyonel sporcu,"die Profisportlerin, -nen",Nomen,- Mein Sohn möchte Profisportler werden.,,
B1,Prost,,Şerefe!,,Sonstiges,Wir trinken auf Ihre Gesundheit! Prost!,,
B1,protestieren,,protesto etmek,"protestiert, protestierte, hat protestiert",Verb,Wir protestieren gegen den Bau der Autobahn.,,
B1,Protest,der,protesto,-e,Nomen,Alle Proteste haben nichts genützt.,,
B1,Prozess,der,"dava, süreç",-e,Nomen,Der Prozess wird direkt aus dem Gerichtssaal im Fernsehen übertragen.,,
B1,Publikum,das,"seyirci, izleyici",,Nomen,Es war ein tolles Konzert. Das Publikum war begeistert.,,
B1,Punkt,der,"nokta, konu, madde",-e,Nomen,1. Das Konzert beginnt um Punkt 20 Uhr. 2. Beim letzten Satz fehlt der Punkt. 3. Diesen Punkt haben wir noch nicht bespr,,
B1,Puppe,die,oyuncak bebek,-n,Nomen,Unsere kleine Tochter bekommt zum Geburtstag eine Puppe.,,
B1,Qualifikation,die,"nitelik, yeterlilik",-en,Nomen,Für diese Arbeit haben Sie gute Qualifikationen.,,
B1,Quartier,das,"semt, mahalle","-e (CH) → D, A: Viertel",Nomen,Wir wohnen in einem schönen Quartier.,,
B1,quer,,"çaprazına, boydan boya",,Sonstiges,Ich muss zu meiner Arbeit quer durch die ganze Stadt fahren.,,
B1,Quittung,die,"fiş, makbuz",-en,Nomen,Brauchen Sie eine Quittung?,,
B1,Rabatt,der,indirim,-e,Nomen,Sie bekommen zehn Prozent Rabatt.,,
B1,Radfahrer,der,bisikletçi,"die Radfahrerin, -nen",Nomen,- Achtung! Da kommt eine Radfahrerin.,,
B1,(Schlag-)Rahm (CH) → D: (Schlag-)Sahne,der,"krema, kaymak",A: (Schlag-)Obers,Nomen,Ich hätte gern ein Stück Torte mit (Schlag-)Rahm.,,
B1,Rand,der,kenar,¨-er,Nomen,Wir wohnen am Rand der Innenstadt. Dort ist es billiger und ruhiger.,,
B1,Rasen,der,"çim, çimen",-,Nomen,Bitte den Rasen nicht betreten!,,
B1,sich rasieren,,tıraş olmak,"rasiert, rasierte, hat rasiert",Verb,Dein Bart ist aber lang! Du solltest dich mal wieder rasieren.,,
B1,Rat,der,"öğüt, tavsiye",,Nomen,Was soll ich machen? Können Sie mir einen Rat geben?,,
B1,Ratschlag,,"öğüt, tavsiye",¨-e,Sonstiges,Meine Tochter nimmt meine Ratschläge nicht an.,,
B1,Raucher,der,sigara içen kişi,"die Raucherin, -nen",Nomen,- 1. Gibt es hier ein Zimmer für Raucher? 2. Ich bin keine Raucherin. Ich bin Nichtraucherin.,,
B1,rauf/rauf-,,yukarı,,Sonstiges,"1. Hier ist die Treppe, also los, schnell rauf! 2. Möchtest du nicht raufkommen?",,
B1,raus/raus-,,dışarı,,Sonstiges,1. Willst du rein oder raus? 2. Er ist gerade rausgelaufen.,,
B1,reagieren,,tepki vermek,"reagiert, reagierte, hat reagiert",Verb,"Ich habe dem Vermieter geschrieben, aber er hat noch nicht reagiert.",,
B1,Reaktion,die,"tepki, reaksiyon",-en,Nomen,Diese Reaktion ist typisch für ihn.,,
B1,realisieren,,"gerçekleştirmek, farkına varmak","realisiert, realisierte, hat realisiert",Verb,"1. Diese Pläne sind nicht zu realisieren. 2. Ich habe nicht realisiert, dass die Zeit schon um ist.",,
B1,Realität,die,"gerçeklik, gerçek",-en,Nomen,Das gefällt dir nicht? Aber das ist die Realität.,,
B1,realistisch,,gerçekçi,,Sonstiges,"Ich glaube nicht, dass du für das Auto noch so viel Geld bekommst. Das ist nicht realistisch.",,
B1,Recherche,die,araştırma,-n,Nomen,Für diesen Bericht waren viele Recherchen nötig.,,
B1,Rechner,der,"bilgisayar, hesap makinesi",,Nomen,- Mein Rechner ist kaputt.,,
B1,Recht,das,"hak, hukuk",-e,Nomen,1. Nach deutschem Recht kann er dafür nicht bestraft werden. 2. Ich hatte Vorfahrt. Ich war im Recht. 3. Die Rechnung st,,
B1,rechtlich,,"hukuki, yasal",,Sonstiges,Wir beraten Sie in rechtlichen Fragen.,,
B1,recht,,"haklı, uygun",,Sonstiges,"1. Ist es Ihnen recht, wenn ich morgen vorbeikomme? 2. Da haben Sie recht. 3. Da muss ich Ihnen recht geben.",,
B1,recht-,,sağ,,Sonstiges,Ich habe mir den rechten Arm gebrochen.,,
B1,rechtzeitig,,"zamanında, vaktinde",,Sonstiges,Bitte weck mich rechtzeitig. Ich muss pünktlich sein.,,
B1,Rede,die,"konuşma, nutuk",-n,Nomen,Der Präsident hat eine Rede gehalten.,,
B1,reduzieren,,"azaltmak, indirmek","reduziert, reduzierte, hat reduziert",Verb,1. Wir haben jetzt unsere Preise reduziert. 2. Ist dieser Pullover auch reduziert?,,
B1,Referat,das,"sunum, rapor",-e,Nomen,Vielen Dank für dieses interessante Referat.,,
B1,Reform,die,reform,-en,Nomen,Die Regierung plant für nächstes Jahr eine Reform. Die Steuern sollen steigen.,,
B1,Regal,das,raf,-e,Nomen,Das Buch steht im Regal oben rechts.,,
B1,Regel,die,kural,-n,Nomen,1. Im Straßenverkehr sind viele Regeln zu beachten. 2. Wie geht dieses Spiel? Kennst du die Regeln? 3. In der Regel geht,,
B1,regelmäßig,,düzenli,,Sonstiges,Sie müssen die Tabletten regelmäßig nehmen.,,
B1,regeln,,"düzenlemek, yönetmek","regelt, regelte, hat geregelt",Verb,Die Ampel ist kaputt. Ein Polizist regelt den Verkehr.,,
B1,Region,die,bölge,-en,Nomen,1. In der Rhein-Main-Region sind die Mieten sehr hoch. 2. Die Milch ist aus der Region.,,
B1,regional,,bölgesel,,Sonstiges,Du kannst mit einer Regionalbahn fahren. Das ist billiger.,,
B1,reichen,,"yetmek, dayanmak","reicht, reichte, hat gereicht",Verb,"1. Ich nehme nur eine Suppe. Das reicht mir. 2. Wie lange reicht das Papier noch? Ich glaube, wir müssen neues bestellen",,
B1,reif,,olgun,,Sonstiges,Die Banane kannst du nicht essen. Sie ist noch nicht reif.,,
B1,Reihenfolge,die,"sıra, sıralama",-n,Nomen,Achten Sie auf die Reihenfolge der Inhaltspunkte.,,
B1,rein,,"saf, temiz",,Sonstiges,"1. Der Pullover ist aus reiner Wolle. 2. Es war reiner Zufall, dass ich die Uhr wiedergefunden habe. 3. Das Wasser ist s",,
B1,reinigen,,temizlemek,"reinigt, reinigte, hat gereinigt",Verb,Ich möchte diesen Anzug reinigen lassen.,,
B1,Reklame,die,reklam,-n,Nomen,Ich möchte keine Reklame im Briefkasten.,,
B1,Rekord,der,rekor,-e,Nomen,Es gibt einen neuen Rekord im Schwimmen.,,
B1,relativ,,"nispeten, oldukça",,Sonstiges,"Die Wohnung ist relativ groß, aber sehr teuer.",,
B1,Religion,die,din,-en,Nomen,Religion ist für manche Menschen sehr wichtig.,,
B1,rennen,,koşmak,"rennt, rannte, ist gerannt",Verb,"Ich bin sehr schnell gerannt, aber der Bus war schon weg.",,
B1,Rente,die,emekli maaşı,"-n (D, CH) → A, CH: Pension",Nomen,Sie ist 67 und bekommt jetzt eine gute Rente.,,
B1,in Rente gehen/sein (D) → D,,emekli olmak,"A: in Pension gehen/sein, CH, D: pensioniert werden/sein",Sonstiges,1. Ich gehe Ende des Jahres in Rente. 2. Mein Nachbar ist seit zehn Jahren in Rente.,,
B1,Reportage,die,"röportaj, haber",-n,Nomen,Hast du die Reportage über Afrika gesehen?,,
B1,Reporter,der,muhabir,"die Reporterin, -nen",Nomen,- Die Reporterin macht gerade ein Interview.,,
B1,Reservierung,die,rezervasyon,-en,Nomen,Was kostet eine Reservierung?,,
B1,Respekt,der,saygı,,Nomen,1. Ich habe großen Respekt vor meinem Lehrer. 2. Du solltest ihr mehr Respekt entgegenbringen. 3. Ich habe bei der Prüfu,,
B1,retten,,kurtarmak,"rettet, rettete, hat gerettet",Verb,Der Arzt konnte das Kind noch retten.,,
B1,Rezeption/Reception,die,resepsiyon,en,Nomen,- Geben Sie bitte den Schlüssel an der Rezeption ab.,,
B1,Richter,der,hakim,-,Nomen,Der Richter hat noch kein Urteil gesprochen.,,
B1,Richterin,die,kadın hakim,-nen,Nomen,Der Richter hat noch kein Urteil gesprochen.,,
B1,Richtung,die,yön,-en,Nomen,1. Der Zug in Richtung Köln hat Verspätung. 2. Wo ist der Bahnhof? In welche Richtung muss ich fahren?,,
B1,riesig,,"devasa, kocaman",,Sonstiges,1. Die Stadt ist riesig. 2. Ich habe mich über das Geschenk riesig gefreut.,,
B1,Risiko,das,risk,Risiken,Nomen,Ich nehme keinen Kredit auf. Das Risiko ist mir zu hoch.,,
B1,roh,,çiğ,,Sonstiges,Du kannst das nicht essen. Das Fleisch ist noch roh.,,
B1,(Back-)Rohr,das,fırın,"-e (A) → D, CH: (Back-)Ofen",Nomen,Ich habe gerade eine Pizza gemacht. Sie ist ganz frisch aus dem Rohr.,,
B1,Rolle,die,rol,-n,Nomen,1. Die Schauspielerin hat ihre Rolle sehr gut gespielt. 2. Geld spielt in diesem Fall keine Rolle.,,
B1,Roman,der,roman,-e,Nomen,Ich lese gern Romane.,,
B1,rückdie Rückfahrt,,dönüş yolculuğu,-en,Sonstiges,Auf der Rückfahrt besuche ich meine Eltern.,,
B1,Rückkehr,die,"dönüş, geri dönüş",,Nomen,Nach meiner Rückkehr haben wir ein großes Fest gefeiert.,,
B1,rückwärts,,geriye doğru,,Sonstiges,Ich bin rückwärts aus der Garage gefahren.,,
B1,Rücksicht,die,"saygı, anlayış",-en,Nomen,Nehmen Sie bitte Rücksicht auf die anderen Gäste.,,
B1,Rüebli,das,havuç,"- (CH) → Karotte, D: Möhre",Nomen,Hasen fressen gern Rüebli.,,
B1,Rufnummer,die,telefon numarası,-n,Nomen,Wir möchten Sie gerne anrufen. Wie ist Ihre Rufnummer?,,
B1,Runde,die,"tur, devir",-n,Nomen,1. Ich laufe jeden Tag fünf Runden im Park. 2. Wir müssen über die Probleme sprechen. Am besten mit allen in einer Runde,,
B1,Rundfahrt,die,"tur, gezi",-en,Nomen,Am zweiten Tag haben wir eine Rundfahrt durch den Hafen gemacht.,,
B1,Saal,der,"salon, büyük salon",Säle,Nomen,Für unsere Familienfeier haben wir einen kleinen Saal gemietet.,,
B1,Sack,der,"çuval, torba",¨-e,Nomen,1. Ich hätte gern einen Sack Kartoffeln. 2. Wo soll ich die Säcke mit dem Müll hinstellen?,,
B1,(Schlag-)Sahne (D) → A: (Schlag-)Obers,die,"krema, çırpılmış krema",CH: (Schlag-)Rahm,Nomen,Ich hätte gern ein Stück Torte mit Sahne.,,
B1,Saison,die,sezon,-s,Nomen,Urlaub in den Schulferien ist immer teurer. Das ist die Saison mit den höchsten Preisen.,,
B1,Salbe,die,merhem,-n,Nomen,Diese Salbe gibt es nur auf Rezept.,,
B1,Salon,der,salon,-s,Nomen,Sie arbeitet als Friseurin in einem Salon.,,
B1,salzig,,tuzlu,,Sonstiges,Dieses Essen ist zu salzig für mich.,,
B1,sämtliche,,"bütün, tüm",,Sonstiges,Sämtliche Fenster müssen geschlossen bleiben.,,
B1,Sand,der,kum,,Nomen,Die Kinder spielen gern im Sand.,,
B1,Sänger,der,şarkıcı,-,Nomen,Wie findest du diesen Sänger? − Ich finde seine Stimme toll.,,
B1,Sängerin,die,kadın şarkıcı,-nen,Nomen,Wie findest du diesen Sänger? − Ich finde seine Stimme toll.,,
B1,satt,,"tok, doymuş",,Sonstiges,"Möchten Sie noch etwas? – Nein danke, ich bin satt.",,
B1,Schachtel,die,kutu,-n,Nomen,1. Ich hätte gern eine Schachtel Zigaretten. 2. Meiner Mutter schenke ich eine Schachtel Pralinen.,,
B1,schaden,,zarar vermek,"schadet, schadete, hat geschadet",Verb,Ein kleines Glas Wein kann nicht schaden.,,
B1,Schaden,der,"zarar, hasar",¨-,Nomen,Ich hatte einen Unfall mit dem Auto. Jetzt muss ich den Schaden der Versicherung melden.,,
B1,schalten,,"açmak, kapatmak","schaltet, schaltete, hat geschaltet",Verb,"1. Schalten Sie bitte das Licht aus, wenn Sie gehen. 2. Kannst du bitte den Fernseher einschalten. Jetzt kommen gleich d",,
B1,Schatten,der,gölge,-,Nomen,Gestern hatten wir 25 Grad im Schatten.,,
B1,schätzen,,"tahmin etmek, takdir etmek","schätzt, schätzte, hat geschätzt",Verb,"1. Wie alt ist der Chef? – Ich weiß nicht, ich schätze, um die Fünfzig. 2. Ich schätze deine gute Arbeit.",,
B1,schauen,,bakmak,"schaut, schaute, hat geschaut",Verb,Schau mal! Da vorne ist noch ein Platz frei.,,
B1,zuschauen,,"seyretmek, izlemek",,Sonstiges,Möchtest du beim Fußballspiel zuschauen?,,
B1,Schaufenster,das,vitrin,,Nomen,- Ich habe im Schaufenster eine schicke Bluse gesehen.,,
B1,Schauspieler,der,"oyuncu, aktör",-,Nomen,Der Film war toll. Die Schauspieler waren sehr gut.,,
B1,Schauspielerin,die,"kadın oyuncu, aktris",-nen,Nomen,Der Film war toll. Die Schauspieler waren sehr gut.,,
B1,Scheibe,die,"dilim, cam",-n,Nomen,"1. Fünf Scheiben Käse, bitte. 2. Die Scheiben sind ganz schmutzig. Ich muss die Fenster putzen.",,
B1,sich scheiden lassen,,boşanmak,"lässt sich scheiden, ließ sich scheiden, hat sich scheiden lassen",Verb,Meine Nachbarn haben sich scheiden lassen.,,
B1,Scheidung,die,boşanma,-en,Nomen,Wann war die Scheidung?,,
B1,Schein,der,banknot,-e,Nomen,1. Kannst du einen Schein in Kleingeld wechseln? 2. Hast du Kleingeld für den Automaten? Ich habe nur Scheine.,,
B1,schieben,,itmek,"schiebt, schob, hat geschoben",Verb,1. Leider ist mein Fahrrad kaputtgegangen. Ich musste es nach Hause schieben. 2. Wir können den Schrank links an die Wan,,
B1,schief,,"eğri, çarpık",,Sonstiges,Der Spiegel hängt ganz schief.,,
B1,schießen,,"ateş etmek, gol atmak","schießt, schoss, hat geschossen",Verb,Unsere Mannschaft hat ein Tor geschossen.,,
B1,Schlaf,der,uyku,,Nomen,1. Das Kind macht jeden Tag nach dem Mittagessen einen kurzen Schlaf. 2. Genügend Schlaf ist wichtig für die Gesundheit.,,
B1,schlagen,,"vurmak, yenmek, çakmak","schlägt, schlug, hat geschlagen",Verb,1. Wer hat den Weltmeister geschlagen? 2. Ich muss einen Nagel in die Wand schlagen. Wo ist der Hammer? 3. Das Herz schl,,
B1,der/das (Schlag-)Obers (A) → D: (Schlag-)Sahne,,"krema, çırpılmış krema",CH: (Schlag-)Rahm,Sonstiges,Ich hätte gern ein Stück Torte mit Schlagobers.,,
B1,Schlange,die,"yılan, kuyruk",-n,Nomen,Auf der Post gibt es immer eine lange (Warte-)Schlange.,,
B1,schlank,,"ince, zayıf",,Sonstiges,In diesem Kleid siehst du sehr schlank aus.,,
B1,schließlich,,"sonunda, nihayet",,Sonstiges,7. Du kannst die Datei schließen. Ich bin fertig. 8. Sie mussten die Firma leider schließen. 1. Ich musste lange warten.,,
B1,schmal,,dar,,Sonstiges,Hier kannst du nicht parken. Die Straße ist zu schmal.,,
B1,Schmerzmittel,das,ağrı kesici,,Nomen,- Sie haben Zahnschmerzen? Ich verschreibe Ihnen ein Schmerzmittel.,,
B1,schminken,,makyaj yapmak,"schminkt, schminkte, hat geschminkt",Verb,Du bist heute sehr schön geschminkt.,,
B1,Schmuck,der,"takı, mücevher",,Nomen,Dieser Schmuck ist von meiner Großmutter.,,
B1,Schmutz,der,"kir, pislik",,Nomen,Du hast Schmutz an deinen Schuhen.,,
B1,verschmutzen,,kirletmek,"verschmutzt, verschmutzte, hat verschmutzt",Verb,Die Fabrik verschmutzt den Fluss.,,
B1,sich schneiden,,"kendini kesmek, kesmek","schneidet, schnitt, hat geschnitten",Verb,1. Das Messer schneidet nicht. 2. Hast du ein Pflaster? Ich habe mich geschnitten.,,
B1,Schnitzel,das,şnitzel,-,Nomen,Bitte ein Schnitzel mit Kartoffeln und Salat.,,
B1,Schnupfen,der,nezle,,Nomen,Ich habe Schnupfen. Welches Medikament empfehlen Sie?,,
B1,Schreck(en),der,"korku, dehşet",,Nomen,Ich habe einen großen Schreck bekommen.,,
B1,aufschreiben,,"yazmak, not almak",,Sonstiges,Ich habe mir deine Telefonnummer aufgeschrieben.,,
B1,Schreiben,das,"yazı, mektup",,Nomen,- Haben Sie mein Schreiben vom 3. März erhalten?,,
B1,schreien,,"bağırmak, çığlık atmak","schreit, schrie, hat geschrien",Verb,"1. Kinder, hört bitte auf, so laut zu schreien. – Ich muss arbeiten. 2. Unser Baby hat heute Nacht viel geschrien.",,
B1,Schrift,die,yazı,-en,Nomen,Ich kann leider deine Schrift nicht lesen.,,
B1,Schriftsteller,der,yazar,"die Schriftstellerin, -nen",Nomen,- Kennst du diese Schriftstellerin? Ich liebe ihre Bücher.,,
B1,Schritt,der,adım,-e,Nomen,1. Die Sprachschule ist nur ein paar Schritte von hier. 2. Du musst der Anleitung Schritt für Schritt folgen.,,
B1,Schuld,die,"suç, kabahat, kusur",,Nomen,"Es ist nicht meine Schuld, dass das nicht geklappt hat.",,
B1,schuld,,"suçlu, kabahatli",,Sonstiges,Ich hatte einen Unfall. Aber ich war nicht schuld.,,
B1,Schulden,die,borçlar,(Pl.),Nomen,Jetzt habe ich alle meine Schulden bezahlt.,,
B1,schuldig,,"borçlu, suçlu",,Sonstiges,"Was bin ich Ihnen schuldig? – 50 Euro, bitte.",,
B1,Schularbeit,die,"sınav, yazılı sınav",-en (A) → D: Klassenarbeit,Nomen,Mein Sohn schreibt bei Schularbeiten immer gute Noten.,,
B1,Schulter,die,omuz,-n,Nomen,Ich habe Schmerzen in der rechten Schulter.,,
B1,Schüssel,die,"kase, çanak",-n,Nomen,Gibst du mir bitte eine Schüssel für den Salat?,,
B1,schütteln,,"sallamak, çalkalamak","schüttelt, schüttelte, hat geschüttelt",Verb,Die Flasche muss man vor dem Öffnen schütteln.,,
B1,schützen,,korumak,"schützt, schützte, hat geschützt",Verb,Diese Impfung schützt vor Grippe.,,
B1,Schutz,der,koruma,,Nomen,1. Das ist ein guter Schutz gegen Kälte. 2. Alle reden heute über den Schutz der Umwelt.,,
B1,Schwammerl,das,mantar,-n (A) → Pilz schwanger,Nomen,Haben Sie frische Schwammerln? Meine Frau ist im dritten Monat schwanger.,,
B1,Schwangerschaft,die,hamilelik,-en,Nomen,Sie dürfen während der Schwangerschaft nicht rauchen.,,
B1,schweigen,,susmak,"schweigt, schwieg, hat geschwiegen",Verb,"Sie sprach viel, aber ihr Mann schwieg den ganzen Abend lang.",,
B1,Schwieger-,,kayın-,,Sonstiges,1. Wir besuchen morgen meine Schwiegereltern. 2. Mein Schwiegervater ist Lehrer. 3. Ich verstehe mich gut mit meiner Sch,,
B1,Schwierigkeit,die,"zorluk, güçlük",-en,Nomen,Ich hatte große Schwierigkeiten einen Parkplatz zu bekommen.,,
B1,schwitzen,,terlemek,"schwitzt, schwitzte, hat geschwitzt",Verb,Es war sehr heiß. Wir haben alle sehr geschwitzt.,,
B1,Nord-/Ostsee,die,"deniz, Kuzey Denizi/Baltık Denizi",,Nomen,Im Sommer fahren wir immer an die See.,,
B1,seitdem,,o zamandan beri,,Sonstiges,Ich bin vor zwei Jahren nach Deutschland gekommen. Seitdem lerne ich Deutsch.,,
B1,Sekretär,der,sekreter,-e,Nomen,Der neue Sekretär hat sich gestern vorgestellt.,,
B1,Sekretärin,die,sekreter,-nen,Nomen,Der neue Sekretär hat sich gestern vorgestellt.,,
B1,selb-,,aynı,,Sonstiges,Ich habe am selben Tag Geburtstag wie du.,,
B1,selber,,"kendisi, bizzat",,Sonstiges,Sie will das selber machen.,,
B1,selbstverständlich,,"tabii ki, kuşkusuz",,Sonstiges,Selbstverständlich sagen wir Ihnen sofort Bescheid.,,
B1,selten,,"nadiren, seyrek",,Sonstiges,Ich gehe ganz selten ins Kino.,,
B1,seltsam,,"garip, tuhaf",,Sonstiges,"1. Es ist seltsam, dass mein Bruder noch nicht hier ist. 2. Sie hörte ein seltsames Geräusch.",,
B1,Semester,das,"dönem, sömestr",-,Nomen,Mein Neffe studiert im 7. Semester Medizin.,,
B1,Seminar,das,seminer,-e,Nomen,Ich möchte dieses Seminar unbedingt besuchen.,,
B1,Semmel,die,"küçük ekmek, sandviç ekmeği","-n (A) D: Brötchen, CH: Brötli",Nomen,Ich hole schnell ein paar Semmeln zum Frühstück.,,
B1,senden,,göndermek,"sendet, sendete/sandte, hat gesendet/gesandt",Verb,1. Bitte senden Sie uns die Unterlagen per E-Mail. 2. Können Sie uns die Post bitte nachsenden?,,
B1,Sender,der,"kanal, yayın istasyonu",,Nomen,- 1. Welchen Sender siehst du am liebsten? 2. Ich höre im Radio am liebsten Sender mit moderner Musik.,,
B1,Senioren,die,yaşlılar,(Pl.),Nomen,Dieser Computerkurs ist für Senioren.,,
B1,senkrecht,,dikey,,Sonstiges,Ziehen Sie bitte eine senkrechte Linie.,,
B1,Serie,die,dizi,-n,Nomen,"Meine Tochter liebt es, im Fernsehen Serien zu schauen.",,
B1,Serviceangestellte,der,"servis görevlisi, garson","-n / die Serviceangestellte, - n (CH) → Kellner, D, A: Ober",Nomen,Ich bin Serviceangestellte von Beruf.,,
B1,Sessel,der,koltuk,"- (D, CH) → A, CH: Fauteuil",Nomen,Ich hätte gern einen bequemen Sessel.,,
B1,sich setzen,,oturmak,"setzt, setzte, hat gesetzt",Verb,"1. Darf ich mich zu Ihnen setzen? 2. Bitte setzen Sie sich, wohin Sie wollen!",,
B1,Sicherheit,die,güvenlik,-en,Nomen,Sicherheit ist für mich sehr wichtig.,,
B1,sichern,,"yedeklemek, güvence altına almak","sichert, sicherte, hat gesichert",Verb,Du musst immer alle Daten im Computer sichern.,,
B1,sichtbar,,görünür,,Sonstiges,Es gibt keine sichtbaren Verletzungen. Aber wir müssen das Bein trotzdem untersuchen.,,
B1,siegen,,"kazanmak, galip gelmek","siegt, siegte, hat gesiegt",Verb,Die Mannschaft siegte mit 2:0.,,
B1,Sieg,der,"zafer, galibiyet",-e,Nomen,Unsere Mannschaft hat gewonnen. Wir freuen uns über den Sieg.,,
B1,Sieger,der,"kazanan, galip","die Siegerin, -nen",Nomen,- Wer hat gewonnen? Wie heißt die Siegerin?,,
B1,sich siezen,,"resmi hitap etmek, siz demek","siezt, siezte, hat gesiezt",Verb,"Obwohl sie sich schon lange kennen, siezen sie sich.",,
B1,sinken,,"batmak, düşmek, azalmak","sinkt, sank, ist gesunken",Verb,1. Das Schiff ist vor der Küste gesunken. 2. Der Preis ist um 3 % gesunken.,,
B1,Sinn,der,anlam,,Nomen,"Es hat keinen Sinn, noch ein Spiel zu beginnen. Es ist schon spät.",,
B1,sinnlos,,anlamsız,,Sonstiges,So ein sinnloses Buch habe ich schon lange nicht mehr gelesen.,,
B1,sinnvoll,,"anlamlı, mantıklı",,Sonstiges,"Es funktioniert einfach nicht. Es ist sinnvoll, es noch einmal zu versuchen.",,
B1,Sitz,der,"koltuk, oturak",-e,Nomen,Ich suche für meinen Sohn einen Sitz fürs Auto. Erst ist erst drei Jahre alt.,,
B1,Ski/Schi,der,kayak,-er/-,Nomen,1. Gehen wir am Wochenende Ski laufen? 2. Das sind aber schöne Skier!,,
B1,sobald,,"-er -mez, hemen",,Sonstiges,"Sobald ich den Termin weiß, gebe ich Ihnen Bescheid.",,
B1,Socke,die,çorap,-n,Nomen,Im Winter brauche ich warme Socken.,,
B1,sodass,,"böylece, bu yüzden",,Sonstiges,"Der Zug hatte zwei Stunden Verspätung, sodass ich erst um 23 Uhr nach Hause kam.",,
B1,sogenannt-,,"sözde, denilen",,Sonstiges,"1. Studenten, die lange studieren, sind sogenannte Langzeitstudierende. 2. Wo bleiben denn deine sogenannten Freunde?",,
B1,solange,,-dığı sürece,,Sonstiges,"Solange Sie Fieber haben, dürfen Sie auf keinen Fall arbeiten gehen.",,
B1,solch-,,"böyle, bu tür",,Sonstiges,Solche Schuhe finde ich toll.,,
B1,Sonderdas Sonderangebot,,"özel teklif, indirim",-e,Sonstiges,Das ist ein Sonderangebot: 25 % reduziert.,,
B1,sondern,,"aksine, tersine",,Sonstiges,"Unser Besuch kommt nicht heute, sondern morgen.",,
B1,sorgen,,"bakmak, ilgilenmek, sağlamak","sorgt, sorgte, hat gesorgt",Verb,"1. Wer sorgt denn für die Kinder? 2. Können Sie bitte dafür sorgen, dass die Heizung funktioniert?",,
B1,Sorge,die,"endişe, kaygı",-n,Nomen,Um Ihre Zukunft brauchen Sie sich keine Sorgen zu machen.,,
B1,Soße/Sauce,die,sos,-n,Nomen,Gibst du mir bitte mal die Soße?,,
B1,Souvenir,das,hediyelik eşya,-s,Nomen,Ich habe ein paar Souvenirs aus dem Urlaub mitgebracht.,,
B1,soviel,,bildiğim kadarıyla,,Sonstiges,"Soviel ich weiß, hat dieses Restaurant heute Ruhetag.",,
B1,so viel/so viel wie,,"o kadar çok, kadar",,Sonstiges,1. Ich habe so viel gegessen. Jetzt ist mir schlecht. 2. Ich verdiene nur halb so viel wie er.,,
B1,sowieso,,"zaten, nasıl olsa",,Sonstiges,Willst du mir den Brief mitgeben? Ich gehe sowieso zur Post.,,
B1,sowohl … als auch,,hem ... hem de,,Sonstiges,Sowohl Sie als auch Ihre Frau müssen unterschreiben.,,
B1,sozial,,"sosyal, toplumsal",,Sonstiges,1. Das System ist nicht sozial. 2. Es gibt viele soziale Probleme.,,
B1,Sozialarbeiter,der,"sosyal hizmet uzmanı, sosyal çalışmacı","die Sozialarbeiterin, -nen",Nomen,- Die Sozialarbeiterin kommt einmal in der Woche.,,
B1,sparsam,,"tutumlu, ekonomik",,Sonstiges,1. Wir haben fünf Kinder. Wir müssen sehr sparsam sein. 2. Mein Auto ist sehr sparsam. Es verbraucht nur 5 Liter auf 100,,
B1,spätestens,,en geç,,Sonstiges,Ich muss spätestens um 9 Uhr bei der Arbeit sein.,,
B1,Speise-/-speise,,yemek,-n,Sonstiges,"Als Vorspeise nehme ich eine Suppe, aber dafür nehme ich keine Nachspeise. (D, A)",,
B1,Speisewagen,der,yemekli vagon,Spezial-,Nomen,- Wo ist der Speisewagen? Ich brauche eine Spezialpflege für trockenes Haar.,,
B1,Spezialist,der,uzman,-en,Nomen,Mein Arzt hat mich zur Spezialistin geschickt.,,
B1,Spezialistin,die,uzman,-nen,Nomen,Mein Arzt hat mich zur Spezialistin geschickt.,,
B1,speziell,,özel,,Sonstiges,Ich suche einen ganz speziellen Ring für meine Freundin.,,
B1,Spiegel,der,ayna,-,Nomen,"Ich möchte gerne sehen, wie mein Kleid sitzt. Hast du einen Spiegel?",,
B1,Spieler,der,oyuncu,"die Spielerin, -nen",Nomen,- 1. Für dieses Spiel braucht man zwei bis vier Spieler. 2. Beim Fußball gibt es elf Spieler.,,
B1,Spielzeug,das,oyuncak,-e,Nomen,Zu Weihnachten wünschen sich die Kinder vor allem Spielzeug.,,
B1,spitz,,sivri,,Sonstiges,Der Bleistift ist nicht spitz.,,
B1,Sportart,die,spor dalı,-en,Nomen,Welche Sportart findest du am besten?,,
B1,Sportler,der,sporcu,"die Sportlerin, -nen",Nomen,- Sie ist eine gute Sportlerin.,,
B1,Fremdsprache,die,yabancı dil,-n,Nomen,Ich spreche drei Fremdsprachen.,,
B1,Muttersprache,die,anadil,-n,Nomen,Was ist Ihre Muttersprache?,,
B1,Zweitsprache,die,ikinci dil,-n,Nomen,Deutsch ist seine Zweitsprache.,,
B1,springen,,"atlamak, sıçramak","springt, sprang, ist gesprungen",Verb,"1. Wir waren im Schwimmbad. Mein Sohn ist immer wieder ins Wasser gesprungen. 2. Wie weit bist du heute gesprungen? – 3,",,
B1,Spritze,die,"iğne, enjeksiyon",-n,Nomen,Ich habe heute vom Arzt eine Spritze gegen die Schmerzen bekommen.,,
B1,spülen,,"çalkalamak, yıkamak","spült, spülte, hat gespült",Verb,1. Hast du das Geschirr gespült? 2. Spülen Sie bitte jetzt den Mund aus.,,
B1,Spur,die,"şerit, iz",-en,Nomen,"Fahren Sie bitte auf der linken Spur, wenn Sie schneller fahren.",,
B1,spüren,,hissetmek,"spürt, spürte, hat gespürt",Verb,Wo tut es weh? Spüren Sie das hier?,,
B1,Stadion,das,stadyum,Stadien,Nomen,Ich möchte am Samstag ins Stadion gehen. Da spielt meine Mannschaft.,,
B1,städtisch,,"kentsel, belediyeye ait",,Sonstiges,Ich gehe gern in die städtische Bibliothek.,,
B1,stammen,,"-den gelmek, kökeni olmak","stammt, stammte, hat gestammt",Verb,Ich stamme aus einer kleinen Stadt an der Donau.,,
B1,ständig,,"sürekli, devamlı",,Sonstiges,Ich habe schon ein paar Mal bei meiner Freundin angerufen. Es ist ständig besetzt.,,
B1,Standpunkt,der,"bakış açısı, görüş",-e,Nomen,Von seinem Standpunkt aus hat er recht.,,
B1,starten,,"kalkmak, başlamak","startet, startete, ist gestartet",Verb,Das Flugzeug ist pünktlich gestartet.,,
B1,Start,der,"kalkış, başlangıç",-s,Nomen,Bleiben Sie bitte während des Starts sitzen.,,
B1,Station,die,"durak, istasyon, servis",-en,Nomen,1. Sie müssen an der nächsten Station aussteigen. 2. Meine Nachbarin liegt auf Station III.,,
B1,Statistik,die,istatistik,-en,Nomen,"Die Statistik zeigt, dass jeder zweite ein Fahrrad besitzt.",,
B1,statistisch,,istatistiksel,,Sonstiges,Die statistischen Ergebnisse zeigen eine gute Entwicklung.,,
B1,statt,,yerine,,Sonstiges,Kann ich diese Woche statt Donnerstag am Freitag kommen?,,
B1,Stau,der,trafik sıkışıklığı,-s,Nomen,1. Auf der A3 gibt es wegen eines Unfalls 5 km Stau. 2. Wir standen eine Stunde im Stau.,,
B1,Staub,der,toz,,Nomen,Ich habe überall Staub gewischt.,,
B1,staubsaugen,,elektrikli süpürgeyle temizlemek,"staubsaugt, staubsaugte, hat gestaubsaugt",Verb,Ich muss heute in meiner Wohnung noch staubsaugen.,,
B1,stechen,,sokmak,"sticht, stach, hat gestochen",Verb,Stefan wird beim Zelten immer von den Mücken gestochen.,,
B1,stecken,,"sokmak, koymak","steckt, steckte, hat gesteckt",Verb,1. Wo ist denn mein Pass? Ich hatte ihn doch in die Handtasche gesteckt. 2. Du kannst reingehen. Der Schlüssel steckt. 3,,
B1,Steckdose,die,priz,-n,Nomen,Es gibt drei Steckdosen in diesem Zimmer.,,
B1,Stecker,der,fiş,-,Nomen,Der Stecker passt nicht in diese Steckdose.,,
B1,stehen bleiben,,durmak,,Sonstiges,1. Bitte bleiben Sie stehen. 2. Meine Uhr ist stehen geblieben.,,
B1,stehlen,,çalmak,"stiehlt, stahl, hat gestohlen",Verb,Gestern hat mir jemand im Zug meine Uhr gestohlen.,,
B1,steigen,,"yükselmek, artmak, çıkmak","steigt, stieg, ist gestiegen",Verb,1. Die Preise für Milch und Gemüse sind schon wieder gestiegen. 2. Gegen Abend ist das Fieber wieder gestiegen.,,
B1,steil,,dik,,Sonstiges,Die Straße zu unserem Haus ist sehr steil.,,
B1,Stein,der,taş,-e,Nomen,Die Kinder werfen Steine ins Wasser.,,
B1,Stempel,der,"mühür, damga",-,Nomen,Der Poststempel trägt das Datum von letzter Woche. Das Paket war lange unterwegs.,,
B1,Stern,der,yıldız,-e,Nomen,Heute sieht man viele Sterne am Himmel.,,
B1,Steuer,die,vergi,-n,Nomen,Wir müssen immer mehr Steuern zahlen.,,
B1,Steward,der,"erkek hostes, kabin memuru",-s,Nomen,Die Stewardess bringt das Mittagessen.,,
B1,Stewardess,die,"hostes, kabin memuresi",-en,Nomen,Die Stewardess bringt das Mittagessen.,,
B1,Stil,der,"stil, tarz",-e,Nomen,1. Ihr Stil ist sehr elegant. 2. Das Gebäude gefällt mir. Welcher Baustil ist das?,,
B1,stilistisch,,"biçemsel, üslupla ilgili",,Sonstiges,Der Text ist stilistisch sehr schön.,,
B1,still,,"sessiz, sakin",,Sonstiges,1. Sei doch mal einen Moment still! 2. Maria kann nicht still sitzen.,,
B1,Stiege,die,merdiven,"-n (A) → D, CH: Treppe",Nomen,1. Wo ist die Toilette? – Die Stiege hoch und dann links. 2. Meine Oma kann nicht gut Stiegen steigen.,,
B1,Stiegenhaus,das,merdiven boşluğu,"¨-er (A) → D, CH: Treppenhaus",Nomen,Im Stiegenhaus ist kein Licht.,,
B1,Stimme,die,ses,-n,Nomen,Ich habe dich sofort an der Stimme erkannt.,,
B1,stimmen,,"doğru olmak, uymak, oy vermek","stimmt, stimmte, hat gestimmt",Verb,1. Meine Adresse stimmt nicht mehr. 2. Das Wetter in Deutschland könnte besser sein. – Das stimmt.,,
B1,Stimmung,die,"hava, ruh hali, ortam",-en,Nomen,Es war eine tolle Party. Die Stimmung war sehr gut.,,
B1,stinken,,kokmak,"stinkt, stank, hat gestunken",Verb,Was stinkt denn hier so? – Das ist der Fisch. Er ist nicht mehr frisch.,,
B1,Stock → D,der,kat,CH: Etage,Nomen,"Das Büro ist im 3. Stock, Zimmer 305.",,
B1,Stoff,der,"kumaş, madde",-e,Nomen,1. Was für ein Stoff ist das? – Wolle. 2. In manchen Farben sind giftige Stoffe.,,
B1,stolz,,gururlu,,Sonstiges,Ich bin stolz auf dich. Das hast du sehr gut gemacht.,,
B1,stoppen,,durdurmak,"stoppt, stoppte, hat gestoppt",Verb,"Die Polizei hat mich gestoppt, weil ich bei Rot über die Ampel gefahren bin.",,
B1,Störung,die,"arıza, rahatsızlık, kesinti",-en,Nomen,Entschuldigen Sie bitte die Störung.,,
B1,sich stoßen,,"çarpmak, kendini vurmak","stößt, stieß, hat gestoßen",Verb,Wie haben Sie sich denn verletzt? – Ich habe mich an der Autotür gestoßen.,,
B1,Strafe,die,ceza,-n,Nomen,Schwarzfahren kostet 60 Euro Strafe.,,
B1,strafbar,,"cezalandırılabilir, suç teşkil eden",,Sonstiges,"Was du da machst, ist strafbar.",,
B1,Strafzettel,der,park cezası,,Nomen,- So ein Pech! Ich habe einmal falsch geparkt und sofort einen Strafzettel bekommen.,,
B1,Strecke,die,"mesafe, yol, güzergah",-n,Nomen,1. Sind Sie die ganze Strecke zu Fuß gegangen? 2. Auf der Strecke München – Salzburg: 8 km Stau. 3. Ich möchte nach Hamb,,
B1,Streichholz,das,kibrit,"¨-er → Zündholz, A: Zünder",Nomen,Ich hätte gern eine Schachtel Streichhölzer.,,
B1,streiken,,grev yapmak,"streikt, streikte, hat gestreikt",Verb,Die Arbeiter streiken für höhere Löhne.,,
B1,Streik,der,grev,-s,Nomen,Es gab einen Streik am Flughafen. Deshalb hatte unsere Maschine Verspätung.,,
B1,sich streiten,,"kavga etmek, tartışmak","streitet, stritt, hat gestritten",Verb,Die Kinder streiten sich oft.,,
B1,Streit,der,"kavga, tartışma",,Nomen,Ich möchte keinen Streit mit den Nachbarn.,,
B1,Strom,der,"elektrik, akım",,Nomen,Wie kann ich im Haushalt Strom sparen?,,
B1,Strumpf,der,çorap,¨-e,Nomen,Wo sind meine roten Strümpfe?,,
B1,Stück/-stück,das,"parça, tane, adet",-e,Nomen,1. Ich nehme zwei Stück Zucker in den Kaffee. 2. Möchten Sie noch ein Stück Kuchen? 3. Was kosten die Kulis? – Ein Euro ,,
B1,Studie,die,"araştırma, çalışma, inceleme",-n,Nomen,"1. Wir führen eine Studie über Arbeitslosigkeit durch. 2. Eine aktuelle Studie zeigt, dass die Umweltverschmutzung zunim",,
B1,Studentin,die,kadın öğrenci,-nen,Nomen,Schüler und Studenten zahlen die Hälfte.,,
B1,Studierende,der,öğrenci,-n,Nomen,Zehn Studierende besuchen das Seminar.,,
B1,Studierende,die,öğrenci,-n,Nomen,Zehn Studierende besuchen das Seminar.,,
B1,Studio,das,stüdyo,-s,Nomen,Zu Gast im Studio sind heute ...,,
B1,Stufe,die,"basamak, seviye, aşama",-n,Nomen,"1. Vorsicht, Stufe! 2. Die Volkshochschule bietet Sprachkurse auf verschiedenen Stufen an.",,
B1,stumm,,"sessiz, sesi kapalı",,Sonstiges,Stell bitte dein Handy leise oder auf stumm.,,
B1,Sturm,der,fırtına,¨-e,Nomen,Im Radio haben sie Regen und Sturm angesagt.,,
B1,stürzen,,düşmek,"stürzt, stürzte, ist gestürzt",Verb,"1. Ich bin auf der Straße gestürzt und habe mir den Fuß gebrochen. 2. Bitte pass auf der Treppe auf, dass du nicht hinun",,
B1,Sucht,die,"bağımlılık, tutku",¨-e,Nomen,1. Die Sucht nach Medikamenten nimmt zu. 2. Er kämpft gegen seine Alkoholsucht. 3. Das Internet kann zur Sucht werden.,,
B1,süchtig,,"bağımlı, tutkun",,Sonstiges,1. Ich bin süchtig nach Schokolade. 2. Fernsehen kann süchtig machen.,,
B1,Suchtmittel,das,bağımlılık yapan madde,,Nomen,- Manche Medikamente sind auch Suchtmittel.,,
B1,Summe,die,"toplam, meblağ, tutar",-n,Nomen,Die Summe scheint mir zu hoch!,,
B1,Symbol,das,"sembol, simge",-e,Nomen,1. Das Herz ist ein Symbol für die Liebe. 2. Auf dem Bildschirm finden Sie viele Symbole.,,
B1,System,das,sistem,-e,Nomen,1. Welches Betriebssystem hast du? 2. Ich kenne Ihr System nicht. Können Sie es mir erklären?,,
B1,Szene,die,sahne,-n,Nomen,1. In dieser Szene des Films stirbt der Held. 2. Ich kenne mich in der Szene nicht aus. Ich bin zu alt. 3. Bitte mach ke,,
B1,Tabelle,die,"tablo, çizelge",-n,Nomen,Tragen Sie die richtige Information in die Tabelle ein.,,
B1,Tagesablauf,der,"günlük program, gün akışı",¨-e,Nomen,Wie ist Ihr Tagesablauf?,,
B1,Tal,das,vadi,¨-er,Nomen,Unser Dorf liegt in einem Tal.,,
B1,Talent,das,yetenek,-e,Nomen,Sie hat großes Talent für Musik.,,
B1,tanken,,"benzin almak, yakıt almak","tankt, tankte, hat getankt",Verb,1. Wir müssen unbedingt tanken. Wir haben fast kein Benzin mehr. 2. Bitte einmal volltanken!,,
B1,Tankstelle,die,benzin istasyonu,-n,Nomen,Wo ist die nächste Tankstelle?,,
B1,Tante,die,"teyze, hala",-n,Nomen,"Die Familie meiner Mutter ist sehr groß, daher habe ich viele Tanten.",,
B1,Tanz,der,dans,¨-e,Nomen,Diese modernen Tänze kann ich nicht.,,
B1,Taschentuch,das,mendil,¨-er,Nomen,Hast du ein Taschentuch für mich?,,
B1,Tastatur,die,klavye,-en,Nomen,Die Tastatur an meinem Computer ist ganz neu.,,
B1,Taste,die,"tuş, düğme",-n,Nomen,1. An der Fernbedienung ist eine Taste kaputt. 2. Du musst jetzt die Stopp-Taste drücken.,,
B1,Tat,die,"eylem, davranış",-en,Nomen,Dieser Mensch hat mit vielen guten Taten geholfen.,,
B1,Täter,der,"fail, suçlu","die Täterin, -nen",Nomen,Die Polizei hat den Täter endlich - gefasst.,,
B1,Tätigkeit,die,"faaliyet, iş, meşguliyet",-en,Nomen,Welche Tätigkeit würde Ihnen Spaß machen?,,
B1,Tatsache,die,"gerçek, olgu",-n,Nomen,Das widerspricht den Tatsachen.,,
B1,tatsächlich,,"gerçekten, gerçekte",,Sonstiges,"Die Hose ist tatsächlich zu klein, obwohl sie so groß aussieht.",,
B1,taub,,sağır,,Sonstiges,"1. Sie hört schlecht, sie ist schon fast taub. 2. Bist du taub? Ich spreche mit dir!",,
B1,tauchen,,dalmak,"taucht, tauchte, ist/hat getaucht",Verb,Ich möchte im Urlaub wieder tauchen gehen.,,
B1,tauschen,,"değiştirmek, takas etmek","tauscht, tauschte, hat getauscht",Verb,1. Ich würde meinen Kuchen gegen dein Brot tauschen. 2. Wollen wir die Plätze tauschen?,,
B1,Technik,die,"teknik, teknoloji",-en,Nomen,"1. Ich verstehe nicht viel von Technik. 2. Um die Aufgaben zu lösen, brauchst du eine gute Arbeitstechnik.",,
B1,technisch,,teknik,,Sonstiges,1. Es gab ein technisches Problem. 2. Sind Sie technisch interessiert?,,
B1,Technologie,die,teknoloji,-n,Nomen,Große Fortschritte gab es in der Technologie.,,
B1,Tee ziehen lassen,,çayı demlenmeye bırakmak,,Sonstiges,Diesen Tee sollte man 10 Minuten ziehen lassen.,,
B1,Teil,das,parça,-e,Nomen,Dieses Teil müssen wir erst bestellen.,,
B1,Teilzeit,die,yarı zamanlı çalışma,,Nomen,Ich arbeite im Moment nur Teilzeit.,,
B1,Teilnahme,die,katılım,-n,Nomen,Die Teilnahme am Gewinnspiel ist kostenlos.,,
B1,Teilnehmer,der,katılımcı,"die Teilnehmerin, -nen",Nomen,- Die Teilnehmerinnen aus unserem Kurs kommen aus verschiedenen Ländern.,,
B1,Temperatur,die,"sıcaklık, ısı derecesi",-en,Nomen,Die Temperaturen steigen heute um 10 Grad.,,
B1,Tempo,das,"hız, tempo",,Nomen,"1. Hier darfst du nur Tempo 30 fahren. 2. Achtung, hier ist eine Tempo-30-Zone!",,
B1,Teppich,der,halı,-e,Nomen,1. Ich habe mir einen neuen Teppich gekauft. 2. Habt ihr in eurer neuen Wohnung Teppich oder einen Holzfußboden?,,
B1,Terminkalender,der,"ajanda, randevu defteri",,Nomen,- Hast du unser Treffen schon in deinen Terminkalender eingetragen?,,
B1,Terrasse,die,teras,-n,Nomen,Setzen wir uns auf die Terrasse!,,
B1,testen,,"test etmek, denemek","testet, testete, hat getestet",Verb,Testen Sie unsere Angebote kostenlos.,,
B1,theoretisch,,"teorik, kuramsal",,Sonstiges,Ich habe die theoretische Prüfung bestanden. Nach der praktischen habe ich den Führerschein.,,
B1,Theorie,die,"teori, kuram",-n,Nomen,Das ist die Theorie. In der Praxis ist vieles ganz anders.,,
B1,Therapie,die,"tedavi, terapi",-n,Nomen,Die Therapie hat geholfen. Es geht mir schon viel besser.,,
B1,Haustier,das,evcil hayvan,-e,Nomen,"Hat deine Familie ein Haustier? − Ja, wir haben einen Hund.",,
B1,Tierpark,der,hayvanat bahçesi,-s,Nomen,Wollen wir am Samstag mit den Kindern in den Tierpark gehen?,,
B1,tippen,,"yazmak, daktilo etmek","tippt, tippte, hat getippt",Verb,Wie schnell kannst du tippen?,,
B1,Tod,der,ölüm,,Nomen,Ich habe ihn vor seinem Tod noch einmal gesehen.,,
B1,tödlich,,ölümcül,,Sonstiges,Dieses Gift kann für den Menschen tödlich sein.,,
B1,tolerant,,"hoşgörülü, tolerant",,Sonstiges,Die Nachbarn hören oft laut Musik. Wir müssen sehr tolerant sein.,,
B1,Tor,das,"kapı, gol",-e,Nomen,1. Hinter dem Tor geht es zur Fabrik. 2. Die Mannschaft konnte vier Tore schießen.,,
B1,Tote,der,"ölü, ölen kişi",-n,Nomen,Bei dem Unfall gab es zwei Tote.,,
B1,Tote,die,"ölü, ölen kişi",-n,Nomen,Bei dem Unfall gab es zwei Tote.,,
B1,Tourismus,der,turizm,,Nomen,In dieser Gegend gibt es viel Tourismus.,,
B1,Touristin,die,kadın turist,-nen,Nomen,Es kommen immer mehr Touristen in unsere Stadt.,,
B1,Tradition,die,gelenek,-en,Nomen,Eine große Hochzeit mit vielen Leuten ist bei uns Tradition.,,
B1,traditionell,,geleneksel,,Sonstiges,Ich mag die traditionelle Küche.,,
B1,Trainer,der,"antrenör, çalıştırıcı","die Trainerin, -nen",Nomen,- Ich finde unseren Trainer sehr nett.,,
B1,Tram,das,tramvay,"-s → D, A: Straßenbahn",Nomen,Fahren wir mit dem Tram oder dem Bus?,,
B1,Träne,die,gözyaşı,"-n transportieren, transportiert, transportierte, hat transportiert",Nomen,Sie trocknet dem Kind die Tränen. Wie willst du die Möbel denn transportieren?,,
B1,Transport,der,"taşıma, nakliye",-e,Nomen,Was kostet der Transport?,,
B1,Traum-,,"hayal-, rüya-",,Sonstiges,Mein Traumberuf ist Feuerwehrmann.,,
B1,Treffpunkt,der,"buluşma noktası, buluşma yeri",-e,Nomen,Unser Treffpunkt ist um 17 Uhr am Hauptbahnhof.,,
B1,treiben,,"yapmak, uğraşmak","treibt, trieb, hat getrieben",Verb,Welchen Sport treibst du?,,
B1,sich trennen,,ayrılmak,"trennt, trennte, hat getrennt",Verb,1. Wir leben getrennt. 2. Meine Freundin und ihr Mann haben sich getrennt. 3. Wir müssen den Müll trennen. Das kommt zum,,
B1,Trennung,die,ayrılık,-en,Nomen,"1. Die Trennung von der Familie war schwierig. 2. Meine Kollegin ist noch nicht geschieden, aber sie lebt in Trennung.",,
B1,getrennt leben,,ayrı yaşamak,,Sonstiges,Ich lebe getrennt von meiner Frau.,,
B1,Treppenhaus,das,merdiven boşluğu,"¨-er (D, CH) → A: Stiegenhaus",Nomen,Im Treppenhaus ist kein Licht.,,
B1,treten,,"basmak, adım atmak, tekme atmak","tritt, trat, hat/ist getreten",Verb,1. Ich bin in ein Stück Glas getreten. 2. Au! Du hast mich getreten!,,
B1,treu,,sadık,,Sonstiges,Herr Maier ist ein treuer Kunde von uns.,,
B1,Trinkgeld,das,bahşiş,-er,Nomen,Ich habe dem Kellner zwei Euro Trinkgeld gegeben.,,
B1,trocknen,,"kurutmak, kurumak","trocknet, trocknete, hat/ist getrocknet",Verb,1. Ich habe mir die Haare getrocknet. 2. Die Farbe ist schnell getrocknet.,,
B1,Tropfen,die,damla,(Pl.),Nomen,1. Hast du die Tropfen schon genommen? 2. Wegen der paar Regentropfen brauchst du doch keinen Schirm.,,
B1,Trottoir,das,kaldırım,"-s (CH) → Gehsteig (D, A)",Nomen,Das Velofahren auf dem Trottoir ist nicht erlaubt.,,
B1,trotz,,rağmen,,Sonstiges,Trotz Grippe bin ich zur Arbeit gegangen.,,
B1,trotzdem,,"yine de, buna rağmen",,Sonstiges,Es war ziemlich kalt. Trotzdem bin ich schwimmen gegangen.,,
B1,Tuch,das,"örtü, bez, eşarp",¨-er,Nomen,1. Wo hast du dieses schöne Tuch gekauft? 2. Die Handtücher sind im Schrank ganz oben. 3. Hast du ein Taschentuch für mi,,
B1,Turm,der,kule,¨-e,Nomen,"Kommen Sie auf den Turm, von hier sieht man die ganze Stadt.",,
B1,Tüte,die,"poşet, torba",-n,Nomen,Brauchen Sie eine Tüte für den Salat?,,
B1,Typ,der,"tip, adam",-en,Nomen,1. Mein Nachbar ist ein netter Typ. 2. Was für ein Typ bist du? Was machst du gerne? 3. Kennen Sie sich mit den verschie,,
B1,Übung,die,"alıştırma, egzersiz, pratik",-en,Nomen,1. Diese Übung war sehr schwer. 2. Ich fahre nicht oft Auto. Mir fehlt die Übung.,,
B1,überfahren,,"araçla ezmek, çarpmak","überfährt, überfuhr, hat überfahren",Verb,Gestern hat ein Autofahrer einen Hund überfahren.,,
B1,überhaupt,,"hiç, zaten, genel olarak",,Sonstiges,1. Die Suppe schmeckt mir überhaupt nicht. 2. Tut mir leid. Ich habe überhaupt keine Zeit. 3. Du willst mit meinem Auto ,,
B1,überholen,,"sollamak, geçmek","überholt, überholte, hat überholt",Verb,Hier dürfen Lkws nicht überholen.,,
B1,überlegen,,"düşünmek, düşünüp taşınmak","überlegt, überlegte, hat überlegt",Verb,"1. Ich kann mich nicht entscheiden. Ich muss mir das noch überlegen. 2. Ich habe mir überlegt, ein Auto zu kaufen.",,
B1,Übernachtung,die,"konaklama, geceleme",-en,Nomen,In diesem Hotel kostet die Übernachtung mit Frühstück 90 Euro.,,
B1,übernehmen,,"devralmak, üstlenmek","übernimmt, übernahm, hat übernommen.",Verb,Ich habe das Geschäft von meinem Vater übernommen.,,
B1,überprüfen,,"kontrol etmek, denetlemek","überprüft, überprüfte, hat überprüft",Verb,"Bitte überprüfen Sie, ob Ihr Name richtig geschrieben ist.",,
B1,überqueren,,karşıya geçmek,"überquert, überquerte, hat überquert",Verb,Bitte die Straße nur an der Ampel überqueren.,,
B1,überraschen,,şaşırtmak,"überrascht, überraschte, hat überrascht",Verb,"Ich bin ganz überrascht, dass die Wohnung so billig ist.",,
B1,Überraschung,die,sürpriz,-en,Nomen,"1. Ich habe eine Überraschung für dich. 2. Das ist ja eine Überraschung. Ich dachte, du bist im Urlaub.",,
B1,überreden,,ikna etmek,"überredet, überredete, hat überredet",Verb,"Zuerst wollte ich nicht, aber mein Bruder hat mich überredet, einen Englischkurs zu machen.",,
B1,Überschrift,die,başlık,-en,Nomen,1. Der Artikel erschien unter der folgenden Überschrift: „…“ 2. Die Überschrift passt überhaupt nicht zum Inhalt des Art,,
B1,Übersetzer,der,"çevirmen, tercüman","die Übersetzerin, -nen",Nomen,- Meine Tochter möchte als Übersetzerin arbeiten.,,
B1,Überstunde,die,fazla mesai,-n,Nomen,Ich muss heute Überstunden machen.,,
B1,überübertreiben,,abartmak,"übertreibt, übertrieb, hat übertrieben",Verb,Ein bisschen Sport ist gesund. Aber man sollte es nicht übertreiben.,,
B1,Überweisung,die,"havale, para transferi",- en,Nomen,1. Sie können bar oder per Überweisung bezahlen. 2. Der Hausarzt hat mir eine Überweisung fürs Krankenhaus gegeben.,,
B1,sich überzeugen,,"ikna olmak, emin olmak","überzeugt, überzeugte, hat überzeugt",Verb,"1. Ihr Vorschlag überzeugt mich gar nicht. 2. Ich bin fest davon überzeugt, dass meine Entscheidung richtig ist. Wie bis",,
B1,Überzeugung,die,"kanaat, inanç",-en,Nomen,"1. Ihr Vorschlag überzeugt mich gar nicht. 2. Ich bin fest davon überzeugt, dass meine Entscheidung richtig ist. Wie bis",,
B1,üblich,,"alışılmış, olağan, yaygın",,Sonstiges,"In Deutschland ist es üblich, früh zu Abend zu essen.",,
B1,übrig,,"artan, geriye kalan",,Sonstiges,Ist noch etwas zu essen übrig?,,
B1,übrigens,,"bu arada, sırası gelmişken",,Sonstiges,"Übrigens, kennst du schon die neuen Nachbarn?",,
B1,Ufer,das,"kıyı, sahil",-,Nomen,1. Er schwimmt ans Ufer zurück. 2. Am Seeufer ist es schön spazieren zu gehen.,,
B1,umarmen,,"kucaklamak, sarılmak","umarmt, umarmte, hat umarmt",Verb,Lass dich zum Abschied umarmen.,,
B1,um … zu,,-mek için,,Sonstiges,"Um gesund zu bleiben, musst du Sport machen und Gemüse essen.",,
B1,sich umdrehen,,"dönmek, çevirmek","dreht um, drehte um, hat umgedreht",Verb,1. Dreh dich mal um. Da hinten liegt das Buch doch. 2. Dreh das Blatt um; die Lösung steht auf der Rückseite.,,
B1,Umfrage,die,anket,-n,Nomen,Wir machen eine Umfrage zum Thema Umweltschutz.,,
B1,Umgebung,die,"çevre, civar",-en,Nomen,In der Umgebung von Berlin kann man schöne Ausflüge machen.,,
B1,umgehen,,"idare etmek, davranmak","geht um, ging um, ist umgegangen",Verb,Er kann sehr gut mit Kindern umgehen.,,
B1,umgekehrt,,"tam tersi, tersine",,Sonstiges,"Nein, umgekehrt: erst der Vorname, dann der Nachname.",,
B1,Umleitung,die,"trafik yönlendirmesi, alternatif yol",-en,Nomen,Es gibt wegen des Unfalls eine Umleitung.,,
B1,umso,,"o kadar daha, ne kadar... o kadar",,Sonstiges,"1. Je früher wir dort sind, umso besser sind unsere Chancen auf einen guten Sitzplatz. 2. Ich kann dir nicht nur heute, ",,
B1,umsonst,,"bedava, boşuna",,Sonstiges,1. Ich musste nichts bezahlen. Die Reparatur war umsonst.,,
B1,umtauschen,,değiştirmek,"tauscht um, tauschte um, hat umgetauscht",Verb,1. Ich möchte diese Bluse umtauschen. Sie passt mir nicht. 2. Wo kann ich Geld umtauschen?,,
B1,Umtausch,der,"değişim, iade",¨-e,Nomen,Ein Umtausch ist leider nicht möglich.,,
B1,Umwelt,die,çevre,,Nomen,Alte Autos sind ein Problem für die Umwelt.,,
B1,Umweltschutz,der,çevre koruma,,Nomen,Das Land muss mehr Geld für Umweltschutz ausgeben.,,
B1,Umweltverschmutzung,die,çevre kirliliği,-en,Nomen,Die Umweltverschmutzung nimmt weiter zu.,,
B1,un-,,olumsuzluk öneki,,Sonstiges,1. Der Verkäufer war sehr unfreundlich. 2. Dieses Geräusch ist mir unangenehm. 3. Er kam wie immer unpünktlich.,,
B1,ungefähr,,"yaklaşık, aşağı yukarı",,Sonstiges,"Wie weit ist es bis zum Bahnhof? – Nicht weit, ungefähr zehn Minuten zu Fuß.",,
B1,ungewöhnlich,,"alışılmadık, olağandışı",,Sonstiges,"Ich finde diese Speise ungewöhnlich, aber sie schmeckt gut.",,
B1,unglaublich,,inanılmaz,,Sonstiges,Es ist unglaublich. Schon wieder so ein Unglück.,,
B1,Unglück,das,"kaza, felaket, talihsizlik",-e,Nomen,Bei dem Unglück gab es viele Verletzte.,,
B1,unheimlich,,"ürkütücü, tekinsiz",,Sonstiges,1. Ich mag dieses Haus nicht. Es sieht unheimlich aus. 2. Diese Person ist mir unheimlich. 3. Lass uns umkehren. Mir wir,,
B1,Uniform,die,üniforma,-en,Nomen,"In der Schule, die sie besucht, trägt man Uniformen.",,
B1,unter-,,alt-,,Sonstiges,Mein Pass ist im unteren Regal.,,
B1,unterbrechen,,"kesmek, sözünü kesmek, ara vermek","unterbricht, unterbrach, hat unterbrochen",Verb,"1. Wir unterbrechen die Sendung für eine wichtige Nachricht. 2. Bitte unterbrich mich nicht, wenn ich spreche.",,
B1,sich unterhalten,,"sohbet etmek, eğlenmek","unterhält, unterhielt, hat unterhalten",Verb,1. Wir haben uns über das Fußballspiel unterhalten. 2. Ich habe mich bei der Party sehr gut unterhalten.,,
B1,Unterhaltung,die,"sohbet, eğlence",-en,Nomen,Wir wünschen Ihnen gute Unterhaltung.,,
B1,Unterlagen,die,"belgeler, evraklar",(Pl.),Nomen,Ich schicke Ihnen alle Unterlagen mit der Post zu.,,
B1,unterlassen,,"kaçınmak, yapmamak","unterlässt, unterließ, hat unterlassen",Verb,Das Rauchen auf den Gängen ist zu unterlassen.,,
B1,Unternehmer,der,"girişimci, işadamı","die Unternehmerin, -nen",Nomen,- Sie ist erfolgreiche Unternehmerin.,,
B1,unterrichten,,"ders vermek, öğretmek","unterrichtet, unterrichtete, hat unterrichtet",Verb,Meine Frau unterrichtet Spanisch.,,
B1,untersagt,,yasak,,Sonstiges,"Es ist untersagt, hier zu rauchen.",,
B1,unterscheiden,,"ayırt etmek, ayırmak","unterscheidet, unterschied, hat unterschieden",Verb,Ihr seid euch sehr ähnlich. Auf dem Foto kann man euch beide nicht unterscheiden.,,
B1,unterschiedlich,,"farklı, değişik",,Sonstiges,"Mein Bruder und ich sind sehr unterschiedlich. Er interessiert sich für Mathematik, ich mich für Sprachen.",,
B1,unterstreichen,,altını çizmek,"unterstreicht, unterstrich, hat unterstrichen",Verb,Wir sollen alle wichtigen Wörter unterstreichen.,,
B1,unterstützen,,desteklemek,"unterstützt, unterstützte, hat unterstützt",Verb,"Sie unterstützen mich, wo sie nur können.",,
B1,Unterstützung,die,destek,-en,Nomen,Ich nehme Ihre Unterstützung gern an.,,
B1,Untersuchung,die,"muayene, inceleme",-en,Nomen,Ich habe morgen eine Untersuchung im Krankenhaus.,,
B1,unterwegs,,yolda,,Sonstiges,"1. Warte auf mich. Ich bin unterwegs und komme gleich. 2. Unterwegs können wir noch etwas essen. 3. Stell dir vor, der B",,
B1,Urkunde,die,"belge, sertifika, diploma",-n,Nomen,"Wenn wir das Spiel gewinnen, bekommen wir eine Urkunde.",,
B1,Ursache,die,"neden, sebep",-n,Nomen,1. Kennt man schon die Unfallursache? 2. Vielen Dank! – Keine Ursache!,,
B1,verursachen,,"neden olmak, sebep olmak","verursacht, verursachte, hat verursacht",Verb,Dieser Busfahrer verursachte den Unfall.,,
B1,ursprünglich,,"başlangıçta, aslında",,Sonstiges,Ursprünglich wollte ich in einem Restaurant arbeiten. Aber dann bin ich Busfahrerin geworden.,,
B1,Urteil,das,"karar, hüküm, yargı",-e,Nomen,1. Dein Urteil ist für mich sehr wichtig. 2. Das Urteil des Gerichts erscheint mir zu hart.,,
B1,Vase,die,vazo,-n,Nomen,Hast du eine Vase für die Blumen?,,
B1,vegetarisch,,vejetaryen,,Sonstiges,1. Ich mag kein Fleisch. Ich esse am liebsten vegetarisch. 2. Haben Sie auch vegetarische Gerichte?,,
B1,Velo,das,bisiklet,"-s (CH) → Fahrrad, D, A: Rad",Nomen,1. Sie fährt jeden Morgen mit dem Velo zur Arbeit. 2. Am Sonntag fahren wir oft Velo.,,
B1,sich verabreden,,"buluşmak üzere sözleşmek, randevulaşmak","verabredet, verabredete, hat verabredet",Verb,Wir haben uns mit Freunden verabredet. Wir wollen zusammen essen.,,
B1,verabredet,,"randevusu olan, sözleşmiş",,Sonstiges,"Tut mir leid, ich habe keine Zeit. Ich bin mit meiner Freundin verabredet.",,
B1,Verabredung,die,"randevu, buluşma",-en,Nomen,Ich habe um 15 Uhr eine Verabredung mit Klaus.,,
B1,sich verabschieden,,vedalaşmak,"verabschiedet, verabschiedete, hat verabschiedet",Verb,1. Ich wurde von meinen Freunden sehr nett verabschiedet. 2. Es ist schon 23 Uhr. Ich möchte mich verabschieden.,,
B1,Abschied,der,veda,-e,Nomen,Der Abschied von meinen Freunden fiel mir schwer.,,
B1,sich verändern,,değişmek,"verändert, veränderte, hat verändert",Verb,1. Das geht so nicht. Wir müssen die Organisation verändern. 2. Wir haben uns lange nicht gesehen. Aber du hast dich gar,,
B1,verantwortlich,,sorumlu,,Sonstiges,Sie sind für Ihre Kinder verantwortlich.,,
B1,Verantwortung,die,sorumluluk,,Nomen,Sie tragen die Verantwortung für Ihre Kinder.,,
B1,sich verbessern,,"kendini geliştirmek, ilerlemek, düzelmek","verbessert, verbesserte, hat verbessert",Verb,1. Ich habe mein Deutsch verbessert. 2. Meine Kinder haben sich in der Schule verbessert.,,
B1,verbieten,,yasaklamak,"verbietet, verbot, hat verboten",Verb,Ich werde meinen Kindern das Rauchen verbieten.,,
B1,Verbot,das,yasak,-e,Nomen,Ich bin für das Verbot dieses neuen Videospiels.,,
B1,verbinden,,"bağlamak, sarmak","verbindet, verband, hat verbunden",Verb,1. Wir müssen die Wunde sofort verbinden.,,
B1,Verbindung,die,bağlantı,-en,Nomen,"2. Sie sind falsch verbunden! Hier ist Müller, nicht Meyer. 1. Die Verbindung ist sehr gut. Ich kann direkt mit diesem Z",,
B1,verbrauchen,,"tüketmek, harcamak","verbraucht, verbrauchte, hat verbraucht",Verb,Wie viel Benzin verbraucht dein Auto?,,
B1,Verbrecher,der,suçlu,-,Nomen,Die Polizei hat den Verbrecher verhaftet.,,
B1,Verbrecherin,die,suçlu,-nen,Nomen,Die Polizei hat den Verbrecher verhaftet.,,
B1,sich verbrennen,,"yakmak, yanmak","verbrennt, verbrannte, hat verbrannt",Verb,1. Ich werde alle Briefe verbrennen. 2. Der Herd war noch heiß. Ich habe mich verbrannt.,,
B1,verbringen,,geçirmek,"verbringt, verbrachte, hat verbracht",Verb,Wie haben Sie Ihren Urlaub verbracht?,,
B1,Verdacht,der,şüphe,,Nomen,"1. Wer hat das Geld aus der Kasse genommen? – Ich weiß es nicht, aber ich habe einen Verdacht. 2. Wen haben Sie in Verda",,
B1,verdächtig,,şüpheli,,Sonstiges,1. Die Tür war nicht abgeschlossen. Das ist verdächtig. 2. Haben Sie etwas Verdächtiges gesehen?,,
B1,Vergangenheit,die,geçmiş,,Nomen,In der Vergangenheit war das anders.,,
B1,vergeblich,,"boşuna, sonuçsuz",,Sonstiges,Ich habe vergeblich versucht dich anzurufen.,,
B1,Vergleich,der,karşılaştırma,-e,Nomen,1. Ein Vergleich ist schwer möglich. 2. Im Vergleich zum Wetter letzte Woche ist es heute warm.,,
B1,sich vergnügen,,"eğlenmek, keyif almak","vergnügt sich, vergnügte sich, hat sich vergnügt",Verb,Auf der Party habe ich mich sehr vergnügt.,,
B1,Vergnügen,das,"keyif, zevk, eğlence",,Nomen,"- 1. Es ist ein Vergnügen, den Kindern beim Spielen zuzusehen. 2. Ich wünsche dir viel Vergnügen bei der Party!",,
B1,vergnügt,,"neşeli, keyifli",,Sonstiges,Er kam mit einem vergnügten Grinsen herein.,,
B1,vergrößern,,büyütmek,"vergrößert, vergrößerte, hat vergrößert",Verb,1. Können Sie das Foto vergrößern? 2. Wir wollen unser Geschäft vergrößern.,,
B1,verhaften,,tutuklamak,"verhaftet, verhaftete, hat verhaftet",Verb,Die Polizei hat 23 Menschen verhaftet.,,
B1,sich verhalten,,davranmak,"verhält sich, verhielt sich, hat sich verhalten",Verb,Der Mann hat sich uns gegenüber merkwürdig verhalten.,,
B1,Verhalten,das,davranış,,Nomen,Ich bewundere dein Verhalten in der schwierigen Situation.,,
B1,Verhältnis,das,ilişki,-se,Nomen,Ich habe ein gutes Verhältnis zu meinen Eltern.,,
B1,verhindern,,"önlemek, engellemek","verhindert, verhinderte, hat verhindert",Verb,Wir konnten den Unfall nicht verhindern.,,
B1,Verkäuferin,die,"satıcı, tezgahtar",-nen,Nomen,Die Verkäuferin wird Ihnen gleich helfen.,,
B1,Verlag,der,yayınevi,-e (A: ¨-e),Nomen,Von welchem Verlag ist dieses Buch?,,
B1,verlangen,,"istemek, talep etmek","verlangt, verlangte, hat verlangt",Verb,"1. Jeden Tag Überstunden? Das können Sie nicht verlangen. 2. Wie viel verlangen Sie für das Auto? 3. Frau Müller, Sie we",,
B1,verlängern,,uzatmak,"verlängert, verlängerte, hat verlängert",Verb,1. Ich muss meinen Pass verlängern lassen. 2. Die U-Bahn Linie U4 wird verlängert.,,
B1,verlassen,,"terk etmek, ayrılmak","verlässt, verließ, hat verlassen",Verb,1. Ich habe die Party um 3 Uhr verlassen. 2. Du kannst dich auf mich verlassen. Ich helfe dir auf jeden Fall.,,
B1,sich verlaufen,,yolunu kaybetmek,"verläuft sich, verlief sich, hat sich verlaufen",Verb,Gestern haben wir uns im Wald verlaufen. Wir haben erst eine Stunde später den richtigen Weg gefunden.,,
B1,sich verletzen,,yaralanmak,"verletzt, verletzte, hat verletzt",Verb,1. Ich habe mich an der Hand verletzt. 2. Ich habe mir den Arm verletzt.,,
B1,Verletzung,die,yaralanma,-en,Nomen,Keine Angst. Die Verletzung ist nicht so schlimm.,,
B1,sich verlieben,,aşık olmak,"verliebt sich, verliebte sich, hat sich verliebt",Verb,Ich habe mich verliebt.,,
B1,verliebt,,aşık,,Sonstiges,Ich bin in Francesco verliebt.,,
B1,Verlierer,der,kaybeden,"die Verliererin, -nen",Nomen,- Sie ist eine gute Verliererin.,,
B1,Verlust,der,kayıp,-e,Nomen,Der Verlust meiner Uhr ärgert mich sehr.,,
B1,vermeiden,,"kaçınmak, önlemek","vermeidet, vermied, hat vermieden",Verb,"Der Arzt sagt, ich soll Stress vermeiden.",,
B1,Vermietung,die,"kiralama, kiraya verme",-en,Nomen,Mit der Vermietung von Wohnungen kann man viel Geld verdienen.,,
B1,vermissen,,özlemek,"vermisst, vermisste, hat vermisst",Verb,Ich vermisse meine Familie.,,
B1,Vermittlung,die,"aracılık bürosu, santral",-en,Nomen,1. Du suchst ein Zimmer? Dann frag bei der Vermittlung am Bahnhof nach. 2. Rufen Sie die Vermittlung an und fragen Sie n,,
B1,vermuten,,"sanmak, tahmin etmek, varsaymak","vermutet, vermutete, hat vermutet",Verb,"Ich vermute, sie wird heute nicht kommen.",,
B1,vermutlich,,"muhtemelen, galiba",,Sonstiges,Vermutlich sagt er die Wahrheit.,,
B1,vernünftig,,"makul, mantıklı, akıllıca",,Sonstiges,1. Seien Sie doch vernünftig! 2. Das ist ein ganz vernünftiger Vorschlag.,,
B1,verpacken,,"paketlemek, ambalajlamak","verpackt, verpackte, hat verpackt",Verb,Hast Du die Pakete gut verpackt?,,
B1,verpflegen,,"beslemek, yemek sağlamak","verpflegt, verpflegte, hat verpflegt",Verb,Wir werden hier sehr gut mit Essen verpflegt.,,
B1,verpflichtet,,"yükümlü, zorunlu",,Sonstiges,"Sie sind verpflichtet, den Unfall zu melden.",,
B1,verraten,,"ele vermek, açığa vurmak","verrät, verriet, hat verraten",Verb,"1. Wer hat dir das Geheimnis verraten? 2. Sein Blick verriet mir, dass er verletzt ist.",,
B1,Versammlung,die,"toplantı, meclis",-en,Nomen,Der Minister hielt bei der Versammlung eine Rede.,,
B1,versäumen,,"kaçırmak, ihmal etmek","versäumt, versäumte, hat versäumt",Verb,"Tut mir leid, ich habe die Anmeldefrist versäumt.",,
B1,verschreiben,,"reçete etmek, reçete yazmak","verschreibt, verschrieb, hat verschrieben",Verb,Die Ärztin hat mir Tabletten verschrieben.,,
B1,verschwinden,,"kaybolmak, ortadan kaybolmak","verschwindet, verschwand, ist verschwunden",Verb,Mein Ausweis ist verschwunden. Hast du ihn vielleicht gesehen?,,
B1,versichern,,"sigortalamak, temin etmek","versichert, versicherte, hat versichert",Verb,1. Wollen Sie Ihr Gepäck versichern? 2. Wie sind Sie versichert?,,
B1,Versicherung,die,sigorta,-en,Nomen,1. Sie sollten eine Versicherung für Ihr Gepäck abschließen. 2. Sie müssen den Unfall der Versicherung melden.,,
B1,versprechen,,söz vermek,"verspricht, versprach, hat versprochen",Verb,"Meine Mutter hat mir versprochen, mich abzuholen.",,
B1,verständlich,,anlaşılır,,Sonstiges,"Nach acht Stunden Schule haben die Kinder keine Lust mehr, die Hausaufgaben zu machen. Ich finde das verständlich.",,
B1,Verständnis,das,anlayış,,Nomen,Wir bitten um Ihr Verständnis.,,
B1,sich verstecken,,"saklanmak, gizlenmek","versteckt, versteckte, hat versteckt",Verb,1. Ich habe das Geld hinter dem Regal versteckt. 2. Die Kinder verstecken sich im Wald.,,
B1,sich verstehen,,anlamak,"versteht, verstand, hat verstanden",Verb,1. Ich kann Sie kaum verstehen. Sprechen Sie bitte lauter. 2. Den Satz verstehe ich nicht. 3. Ich verstehe nichts von Co,,
B1,Versuch,der,"deneme, girişim, deney",-e,Nomen,"1. In der Forschung werden viele Versuche gemacht. 2. Mein Versuch, etwas zu ändern, blieb ohne Erfolg.",,
B1,verteilen,,dağıtmak,"verteilt, verteilte, hat verteilt",Verb,Kannst du bitte schon mal die Gläser verteilen?,,
B1,vertrauen,,güvenmek,"vertraut, vertraute, hat vertraut",Verb,Ich kenne dich gut. Ich vertraue dir.,,
B1,Vertrauen,das,güven,,Nomen,Ich habe Vertrauen zu Ihnen.,,
B1,vertreten,,"temsil etmek, vekalet etmek","vertritt, vertrat, hat vertreten",Verb,"Wer vertritt Sie, wenn Sie Urlaub machen?",,
B1,Vertreter,der,"temsilci, vekil","die Vertreterin, -nen",Nomen,"- 1. Als Herr Dr. Müller in Urlaub war, bin ich zu seiner Vertreterin gegangen. 2. Die Elternvertreter treffen sich morg",,
B1,Vertretung,die,"vekalet, temsil",-en,Nomen,Herr Dr. Meyer macht für mich die Vertretung.,,
B1,verurteilen,,"mahkum etmek, hüküm giydirmek","verurteilt, verurteilte, hat verurteilt",Verb,Das Gericht hat den Täter zu einer Geldstrafe verurteilt.,,
B1,Verwaltung,die,"yönetim, idare",-en,Nomen,Sprechen Sie bitte mit der Verwaltung. Die können Ihnen helfen.,,
B1,verwandt,,akraba,,Sonstiges,Sind Sie mit Frau Meyer verwandt?,,
B1,Verwandte,die,akraba,-n,Nomen,Zu meinem Geburtstag kommen alle Verwandten.,,
B1,verwechseln,,karıştırmak,"verwechselt, verwechselte, hat verwechselt",Verb,"Entschuldigen Sie, ich habe Sie mit jemandem verwechselt.",,
B1,verwenden,,kullanmak,"verwendet, verwendete, hat verwendet",Verb,Dieses Wort wird oft verwendet.,,
B1,verzeihen,,affetmek,"verzeiht, verzieh, hat verziehen",Verb,Das werde ich ihm nie verzeihen können.,,
B1,Verzeihung,,"özür dilerim, affedersiniz",,Sonstiges,Verzeihung! Ich habe die falsche Nummer gewählt.,,
B1,verzichten,,vazgeçmek,"verzichtet, verzichtete, hat verzichtet",Verb,Ich verzichte heute auf den Kaffee.,,
B1,Video,das,video,-s,Nomen,1. Ich habe den Film auf Video aufgenommen. 2. Lass uns ein Video vom Fest machen!,,
B1,viel/viele,,çok,,Sonstiges,1. Ich habe schon viel gelernt. 2. Ich wünsche Ihnen viel Spaß. 3. Hier regnet es viel. 4. Das ist mir viel zu teuer. 5.,,
B1,Viertel,das,"çeyrek, mahalle, semt","- (D, A) CH: Quartier",Nomen,Wir wohnen in einem schönen Viertel.,,
B1,virtuell,,sanal,,Sonstiges,Auf dieser Website kann man an einer virtuellen Stadtrundfahrt teilnehmen.,,
B1,Virus,der,virüs,Viren,Nomen,Ich habe mal wieder einen Virus auf meinem Computer.,,
B1,Visitenkarte,die,kartvizit,-n,Nomen,Darf ich Ihnen meine Visitenkarte geben?,,
B1,Visum,das,vize,Visa,Nomen,Das Visum ist für drei Monate gültig.,,
B1,Vitamin,das,vitamin,-e,Nomen,"Der Arzt sagt, ich soll viele Vitamine essen.",,
B1,Vollzeit,die,tam zamanlı,,Nomen,Ich möchte gerne Vollzeit arbeiten.,,
B1,Volleyball,,voleybol,,Sonstiges,Im Sommer spiele ich gern Volleyball.,,
B1,völlig,,"tamamen, tamamıyla",,Sonstiges,Das halte ich für völlig ausgeschlossen.,,
B1,voneinander,,birbirinden,,Sonstiges,4. Von jetzt an müssen wir sparen. 5. Das Büro ist von 13 bis 15 Uhr geschlossen. Wir haben lange nichts voneinander geh,,
B1,vor allem,,"özellikle, her şeyden önce",,Sonstiges,"Grüßen Sie alle von mir, vor allem Frau Meier.",,
B1,voraus,,"önden, önceden",,Sonstiges,1. Gehen Sie schon voraus. 2. Ich danke Ihnen im Voraus für Ihre Mühe.,,
B1,Voraussetzung,die,"ön koşul, şart",-en,Nomen,1. Gesunde Ernährung ist die Voraussetzung für ein langes Leben. 2. Er will die Arbeit nur unter der Voraussetzung anneh,,
B1,voraussichtlich,,"muhtemelen, tahminen",,Sonstiges,Der Zug hat voraussichtlich 20 Minuten Verspätung.,,
B1,vorbei/vorbei-,,"geçmiş, bitmiş, yanından geçen",,Sonstiges,1. Die Linie 8 fährt am Krankenhaus vorbei. 2. Keine Sorge! Die Schmerzen sind in ein paar Minuten vorbei. 3. Kommst du ,,
B1,sich vorbereiten,,hazırlanmak,"bereitet vor, bereitete vor, hat vorbereitet",Verb,1. Am Sonntag machen wir ein kleines Fest. Ich muss noch viel dafür vorbereiten. 2. Ich muss mich auf meine Prüfung vorb,,
B1,Vorbereitung,die,hazırlık,-en,Nomen,Nächste Woche beginnen wir mit der Vorbereitung für die Prüfung.,,
B1,vorder-,,ön,,Sonstiges,In den vorderen Reihen sind noch Plätze frei.,,
B1,Vorfahrt,die,geçiş önceliği,,Nomen,Achtung! Das Auto rechts hat Vorfahrt!,,
B1,vorhaben,,"planlamak, niyetinde olmak","hat vor, hatte vor, hat vorgehabt",Verb,Haben Sie morgen Abend schon etwas vor?,,
B1,vorhin,,"az önce, biraz önce",,Sonstiges,Vorhin hat Heidrun angerufen. Du sollst sie zurückrufen.,,
B1,vorkommen,,"olmak, meydana gelmek","kommt vor, kam vor, ist vorgekommen",Verb,Kein Problem. Das kann vorkommen.,,
B1,vorläufig,,"geçici, şimdilik",,Sonstiges,1. Ich habe noch keine Wohnung. Ich wohne vorläufig bei einem Freund. 2. Das ist eine vorläufige Entscheidung.,,
B1,vorlesen,,yüksek sesle okumak,"liest vor, las vor, hat vorgelesen",Verb,Ich lese meinen Kindern oft etwas vor.,,
B1,vorn,,"önde, ön tarafta",vorne,Sonstiges,"1. Bitte vorn beim Fahrer einsteigen! 2. Zwei Kinokarten, bitte. – Wo möchten Sie sitzen, vorne oder hinten? 3. Das war ",,
B1,vorschlagen,,"önermek, teklif etmek","schlägt vor, schlug vor, hat vorgeschlagen",Verb,"Ich schlage vor, dass wir eine Pause machen.",,
B1,Vorschrift,die,"kural, yönetmelik, talimat",-en,Nomen,Beachten Sie bitte die Vorschriften für das Benutzen der Bibliothek.,,
B1,Vorstellung,die,"gösteri, seans",-en,Nomen,Wann läuft der Film? – Die nächste Vorstellung ist um 15 Uhr.,,
B1,Vorstellungsgespräch,das,"iş görüşmesi, mülakat",-e,Nomen,Wann hast du dein Vorstellungsgespräch?,,
B1,Vorteil,der,"avantaj, yarar",-e,Nomen,"Der Vorteil von dieser Wohnung ist, dass sie direkt im Zentrum liegt.",,
B1,Vortrag,der,"konuşma, sunum",¨-e,Nomen,Ihr Vortrag war sehr interessant.,,
B1,Vorwurf,der,"suçlama, sitem",¨-e,Nomen,Eva kann nichts dafür. Mach ihr keine Vorwürfe.,,
B1,waagerecht,,yatay,,Sonstiges,Ziehen Sie bitte einen waagerechten Strich.,,
B1,wachsen,,"büyümek, uzamak","wächst, wuchs, ist gewachsen",Verb,1. Mein Sohn ist sehr gewachsen. Er ist jetzt schon größer als ich. 2. Ich will mir die Haare wachsen lassen. 3. In mein,,
B1,Wahl,die,seçim,-en,Nomen,1. Sie haben die Wahl: mit Vollpension oder Halbpension? 2. Die nächste Wahl ist im Herbst.,,
B1,wahnsinnig,,"çılgın, deli, çok",,Sonstiges,1. Du fährst viel zu schnell. Bist du wahnsinnig?! 2. Diese Musik gefällt mir wahnsinnig gut.,,
B1,Wahrheit,die,"gerçek, hakikat",-en,Nomen,Sag mir bitte die Wahrheit. Hast du wieder geraucht?,,
B1,während,,"-ken, esnasında, sırasında",,Sonstiges,"1. Während ich arbeite, höre ich oft Musik. 2. Während der Prüfung dürfen wir unsere Handys nicht benutzen.",,
B1,Wand,die,duvar,¨-e,Nomen,1. Ich stelle das Regal rechts an die Wand. 2. Die Wände sind hier sehr dünn. Man hört alles.,,
B1,Wanderung,die,"yürüyüş, doğa yürüyüşü",-en,Nomen,Wir haben in den Ferien eine schöne Wanderung gemacht.,,
B1,Ware,die,"mal, ürün",-n,Nomen,Wir liefern Ihnen die Ware direkt ins Haus.,,
B1,Wärme,die,"sıcaklık, ılıklık",,Nomen,Wärme ist gut gegen meine Schmerzen.,,
B1,warnen,,uyarmak,"warnt, warnte, hat gewarnt",Verb,Ich warne Sie. Der Hund ist gefährlich.,,
B1,was für ein-,,"ne çeşit, nasıl bir",,Sonstiges,Ich will mir ein Auto kaufen. – Was denn für eins?,,
B1,Waschmittel,das,deterjan,,Nomen,- Diese Bluse darfst du nicht mit jedem Waschmittel waschen.,,
B1,Wecker,der,çalar saat,,Nomen,- Hast du den Wecker schon gestellt?,,
B1,weder … noch,,ne … ne de,,Sonstiges,Für Urlaub haben wir weder Zeit noch Geld.,,
B1,sich weigern,,"reddetmek, karşı çıkmak","weigert sich, weigerte sich, hat sich geweigert",Verb,Ich weigere mich diese Arbeit zu tun.,,
B1,weiter/weiter-,,"devam ederek, başka, ilave",,Sonstiges,1. Ich möchte nicht stören. Bitte essen Sie ruhig weiter. 2. Haben Sie noch weitere Fragen?,,
B1,Weiterbildung,die,"ileri eğitim, mesleki gelişim",-en,Nomen,Ich möchte eine Weiterbildung machen.,,
B1,weltweit,,"dünya çapında, küresel",,Sonstiges,1. Unsere Firma produziert für den weltweiten Markt. 2. Das Zertifikat B1 wird weltweit angeboten.,,
B1,wenden,,"dönüş yapmak, geri dönmek","wendet, wendete, hat gewendet",Verb,"Sie müssen zurückfahren, aber hier dürfen Sie nicht wenden.",,
B1,wenig/wenige,,az,,Sonstiges,1. Essen Sie immer so wenig? 2. Ich habe nur wenig geschlafen. 3. Hier gibt es nur wenige Geschäfte.,,
B1,Werbung,die,reklam,-en,Nomen,1. Ich sehe gern Werbung im Fernsehen. 2. Ich möchte keine Werbung im Briefkasten.,,
B1,werfen,,"atmak, fırlatmak","wirft, warf, hat geworfen",Verb,Die Kinder haben Steine ins Wasser geworfen.,,
B1,Werk,das,"eser, fabrika",-e,Nomen,Wir haben gestern das Werk besichtigt.,,
B1,Werkzeug,das,"alet, araç",-e,Nomen,Wir hatten kein Werkzeug für die Reparatur dabei.,,
B1,wert,,değerinde,,Sonstiges,Das Auto ist vielleicht noch 1000 Euro wert.,,
B1,Wert,der,değer,-e,Nomen,1. Das Haus hat einen Wert von ca. 1 Mio. Euro. 2. Es hat ja doch keinen Wert. 3. Auf Ihr Urteil lege ich großen Wert.,,
B1,wertlos,,değersiz,,Sonstiges,Diese alten Geldscheine sind heute völlig wertlos.,,
B1,wertvoll,,değerli,,Sonstiges,Ich habe einen sehr wertvollen Ring von meiner Großmutter.,,
B1,weshalb,,"niçin, neden",,Sonstiges,"1. Weshalb rufst du an? 2. Ich bekomme Besuch, weshalb ich leider nicht zur Party gehen werde.",,
B1,wetten,,"bahse girmek, iddiaya girmek","wettet, wettete, hat gewettet",Verb,"1. Wir haben gewettet, dass sie wieder zu spät kommt. 2. Wetten, dass es bald regnet?",,
B1,Wetterbericht,der,hava durumu raporu,-e,Nomen,Hast du schon den Wetterbericht gehört?,,
B1,Wettervorhersage,die,hava tahmini,-n,Nomen,Die Wettervorhersage für morgen: trocken und sonnig.,,
B1,widersprechen,,"itiraz etmek, karşı çıkmak","widerspricht, widersprach, hat widersprochen",Verb,1. Da muss ich Ihnen widersprechen. 2. Das widerspricht sich aber.,,
B1,wieder/wieder-,,"tekrar, yine",,Sonstiges,1. Wann kommst du wieder? 2. Meine Mutter war krank. Jetzt ist sie aber wieder gesund. 3. Mein Bruder kommt schon wieder,,
B1,Wiederholung,die,tekrar,-en,Nomen,Eine Wiederholung der Prüfung ist möglich.,,
B1,wiegen,,"tartmak, ağırlığında olmak","wiegt, wog, hat gewogen",Verb,1. Wie viel wiegst du? 2. Der Brief wiegt mehr als 20 Gramm.,,
B1,wild,,"vahşi, azgın",,Sonstiges,1. Das ist ein wilder Fluss. 2. Spielt nicht so wild!,,
B1,Wiese,die,"çayır, çimenlik",-n,Nomen,Vor unserem Haus ist eine Wiese mit Bäumen.,,
B1,wieso,,"neden, niçin",,Sonstiges,Wie lange sind Sie hier? – Wieso fragen Sie?,,
B1,wie viel(e),,"ne kadar, kaç tane",,Sonstiges,1. Wie viel Geld hast du dabei? 2. Wie viel ist ein Euro hier wert? 3. Wie viele Kinder haben Sie?,,
B1,winken,,el sallamak,"winkt, winkte, hat gewinkt",Verb,Alle standen auf dem Bahnsteig und winkten zum Abschied.,,
B1,wirken,,"etki etmek, işe yaramak","wirkt, wirkte, hat gewirkt",Verb,Die Tabletten haben nicht gewirkt.,,
B1,Wirkung,die,etki,-en,Nomen,Welche Wirkungen hat dieses Medikament? Muss ich vorsichtig sein?,,
B1,Wirklichkeit,die,"gerçek, gerçeklik",,Nomen,"1. Das Buch beschreibt die Wirklichkeit um 1900 sehr gut. 2. Man sagte mir, das Buch kostet nur 9 Euro. In Wirklichkeit ",,
B1,Wirt,der,"ev sahibi, lokantacı",-e,Nomen,Ich kenne die Wirtin von diesem Lokal. Sie ist sehr nett.,,
B1,Wirtin,die,"kadın ev sahibi, lokantacı",-nen,Nomen,Ich kenne die Wirtin von diesem Lokal. Sie ist sehr nett.,,
B1,Wirtschaft,die,ekonomi,,Nomen,In der Schule lernen die Kinder viel über Wirtschaft und Politik.,,
B1,Wissen,das,bilgi,,Nomen,1. Es hat ein großes Wissen über Pflanzen. 2. Ich tue nichts ohne dein Wissen.,,
B1,Wissenschaft,die,bilim,-en,Nomen,Vertreter von Kunst und Wissenschaft treffen sich heute in Berlin.,,
B1,Wissenschaftler,der,"bilim insanı, bilim adamı","die Wissenschaftlerin, -nen",Nomen,- Sie ist Wissenschaftlerin an der Universität.,,
B1,wohl,,"iyi; galiba, herhalde",,Sonstiges,1. Kann ich nach Hause gehen? Ich fühle mich nicht wohl. 2. Das wird wohl etwas länger dauern als geplant.,,
B1,Wohnsitz,der,"ikametgah, mesken",-e,Nomen,Er hat einen festen Wohnsitz in dieser Stadt.,,
B1,Wolle,die,yün,,Nomen,Dieser Pullover ist aus reiner Wolle.,,
B1,worüber,,"ne hakkında, ne üzerine",,Sonstiges,Worüber lachen Sie?,,
B1,worum,,"ne hakkında, ne ile ilgili",,Sonstiges,Kann ich Herrn Meier sprechen? – Worum geht es denn?,,
B1,Wörterbuch,das,sözlük,¨-er,Nomen,Ich muss das Wort im Wörterbuch nachschlagen.,,
B1,Wunde,die,yara,-n,Nomen,Die Wunde müssen wir sofort verbinden.,,
B1,Wunder,das,mucize,-,Nomen,"1. Ich bin mit dem Fahrrad gestürzt. Es war ein Wunder, dass nichts Schlimmes passiert ist. 2. Du isst zu viel Schokolad",,
B1,wunderschön,,"çok güzel, harika",,Sonstiges,1. Wir haben einen Ausflug gemacht. Es war wunderschön. 2. Ich habe mir ein wunderschönes Kleid gekauft.,,
B1,sich wundern,,şaşırmak,"wundert sich, wunderte sich, hat sich gewundert",Verb,"1. Es hat mich gewundert, dass das Essen hier so günstig ist. 2. Ich wundere mich, dass du schon so früh aus der Schule ",,
B1,sich wünschen,,"dilemek, istemek","wünscht, wünschte, hat gewünscht",Verb,1. Ich wünsche Ihnen alles Gute. 2. Was wünschst du dir zum Geburtstag? 3. Wünsch mir Glück!,,
B1,wütend,,"öfkeli, kızgın",,Sonstiges,Warum bist du so wütend?,,
B1,Anzahl,die,"sayı, adet",-en,Nomen,Die Anzahl der Teilnehmer war groß.,,
B1,zahlreich,,"çok sayıda, sayısız",,Sonstiges,Die Gäste sind zahlreich gekommen. Es gibt zahlreiche Beispiele für gute Zusammenarbeit.,,
B1,Zahlung,die,ödeme,-en,Nomen,Bitte geben Sie bei der Zahlung die Rechnungsnummer an.,,
B1,zählen,,"saymak, güvenmek","zählt, zählte, hat gezählt",Verb,1. Bitte zählen Sie das Wechselgeld sofort nach. 2. Mein Sohn kann schon bis 100 zählen. 3. Ich zähle auf dich!,,
B1,Zahncreme/-pasta,die,diş macunu,,Nomen,Die neue Zahncreme riecht sehr gut.,,
B1,Zange,die,"pense, kerpeten",-n,Nomen,"Um das Fahrrad zu reparieren, brauchst du eine Zange.",,
B1,Zeichen,das,işaret,-,Nomen,"Bitte fangen Sie erst an, wenn ich Ihnen ein Zeichen gebe.",,
B1,Verkehrszeichen,das,trafik işareti,,Nomen,- Meine Kinder lernen in der Schule gerade die Verkehrszeichen.,,
B1,Zeichnung,die,"çizim, resim",-en,Nomen,Das ist eine schöne Zeichnung.,,
B1,Zeile,die,satır,-n,Nomen,Das Wort steht in der fünften Zeile von oben.,,
B1,Zeitpunkt,der,"an, zaman noktası",- e,Nomen,Er ist krank. Das ist kein guter Zeitpunkt für einen Besuch.,,
B1,zelten,,kamp yapmak,"zeltet, zeltete, hat gezeltet",Verb,Ich habe noch nie gezeltet.,,
B1,zentral,,merkezi,,Sonstiges,Wir suchen eine Zweizimmerwohnung in zentraler Lage.,,
B1,zerstören,,"yok etmek, tahrip etmek","zerstört, zerstörte, hat zerstört",Verb,Der Sturm hat viele Häuser zerstört.,,
B1,Zertifikat,das,"sertifika, belge",-e,Nomen,"Wenn ich die Prüfung schaffe, bekomme ich ein Zertifikat.",,
B1,Zeug/-zeug,das,"eşya, şey",,Nomen,Was hast du mit meinen Sachen gemacht? – Ich habe dein ganzes Zeug in dein Zimmer getan.,,
B1,Zeuge,der,"tanık, şahit",-n,Nomen,Die Polizei sucht noch Zeugen für den Unfall.,,
B1,Zeugin,die,"tanık, şahit",-nen,Nomen,Die Polizei sucht noch Zeugen für den Unfall.,,
B1,ziehen,,çekmek; taşınmak,"zieht, zog, hat/ist gezogen",Verb,"1. Sie müssen ziehen, nicht drücken. 2. Wir sind vor drei Wochen nach Hamburg gezogen. 3. Machen Sie bitte die Tür zu, e",,
B1,ziemlich,,"oldukça, epey",,Sonstiges,1. Ich bin schon ziemlich müde. Ich gehe ins Bett. 2. Ich musste beim Arzt ziemlich lange warten.,,
B1,Zinsen,die,faiz,(nur Pl.),Nomen,Wie viele Zinsen bekomme ich für mein Sparkonto?,,
B1,Zivilstand (CH) → Personenstand,der,medeni hâl,"D, A: Familienstand",Nomen,Bei „Zivilstand“ musst du „ledig“ ankreuzen.,,
B1,Zone,die,"bölge, alan",-n,Nomen,Hier können wir nicht fahren. Das ist eine Fußgängerzone.,,
B1,zubereiten,,hazırlamak,"bereitet zu, bereitete zu, hat zubereitet",Verb,Sie bereitet das Fleisch mit Kartoffeln zu.,,
B1,Zufall,der,"rastlantı, tesadüf",¨-e,Nomen,"1. So ein Zufall, dass ich dich hier treffe. 2. Durch Zufall habe ich gehört, dass die Wohnung frei ist.",,
B1,zufällig,,"tesadüfen, rastlantısal",,Sonstiges,1. Wir haben uns zufällig am Bahnhof getroffen. 2. Hast du zufällig meine Brille gesehen?,,
B1,Zugang,der,"giriş, erişim",¨-e,Nomen,1. Der Zugang zu diesem Haus ist schwierig. 2. Hast du Zugang zum Internet?,,
B1,zugänglich,,"erişilebilir, ulaşılabilir",,Sonstiges,Der Park ist für alle zugänglich.,,
B1,zugehen,,kapanmak,"geht zu, ging zu, ist zugegangen",Verb,Die Tür geht nicht zu. Kannst du mir helfen?,,
B1,Zuhause,das,"ev, yuva",,Nomen,Ich fühle mich hier wohl. Das ist mein Zuhause.,,
B1,Zukunft,die,gelecek,,Nomen,1. Du musst mehr für die Schule lernen. Denk an die Zukunft. 2. In Zukunft werde ich vorsichtiger sein.,,
B1,zukünftig,,"gelecekte, ileride",,Sonstiges,"Ich bitte dich, zukünftig früher zu kommen.",,
B1,zumindest,,en azından,,Sonstiges,"Ich möchte nicht in der Stadt wohnen, zumindest jetzt nicht, wenn die Kinder noch so klein sind.",,
B1,zunächst,,"önce, ilk olarak",,Sonstiges,Zunächst möchte ich alle begrüßen!,,
B1,Zünder (A) (Pl.) → Streichholz,die,kibrit,Zündholz,Nomen,Ich hätte gern eine Schachtel Zünder.,,
B1,Zündholz,das,kibrit,"¨-er → Streichholz, A: Zünder",Nomen,Ich hätte gern eine Schachtel Zündhölzer.,,
B1,zunehmen,,"kilo almak, artmak","nimmt zu, nahm zu, hat zugenommen",Verb,Ich habe im Urlaub 1 Kilo zugenommen.,,
B1,zurechtkommen,,"başa çıkmak, idare etmek","kommt zurecht, kam zurecht, ist zurechtgekommen",Verb,Soll ich Ihnen helfen? - Danke. Ich komme allein zurecht.,,
B1,zurück/zurück-,,geri,,Sonstiges,1. Bitte eine Fahrkarte nach Frankfurt und zurück! 2. Wann wirst du zurückkommen? 3. Wann muss ich das Buch zurückgeben?,,
B1,zusagen,,"kabul etmek, olumlu yanıt vermek","sagt zu, sagte zu, hat zugesagt",Verb,Meine Eltern haben uns zum Essen eingeladen. Ich habe zugesagt.,,
B1,zusammen/zusammen-,,"birlikte, beraber",,Sonstiges,1. Wir haben als Kinder oft zusammen gespielt. 2. Zahlen bitte. - Zusammen oder getrennt? 3. Das macht zusammen 10 Euro ,,
B1,Zusammenarbeit,die,iş birliği,,Nomen,Sie sind der neue Kollege? Auf gute Zusammenarbeit!,,
B1,zusammenfassen,,özetlemek,"fasst zusammen, fasste zusammen, hat zusammengefasst",Verb,Können Sie das bitte noch einmal kurz zusammenfassen?,,
B1,Zusammenhang,der,"bağlantı, ilişki",¨-e,Nomen,1. In diesem Zusammenhang möchte ich Sie auf zwei Bücher aufmerksam machen. 2. Was ist der Zusammenhang zwischen diesen ,,
B1,zusätzlich,,"ek olarak, ilave",,Sonstiges,Sie müssen in Zukunft eine Stunde zusätzlich arbeiten.,,
B1,Zuschauer,der,"izleyici, seyirci","die Zuschauerin, -nen",Nomen,"- Liebe Zuschauer, wir wünschen Ihnen gute Unterhaltung.",,
B1,Zuschlag,der,ek ücret,¨-e,Nomen,Für diesen Zug müssen Sie einen Zuschlag zahlen.,,
B1,Zustand,der,"durum, hâl",¨-e,Nomen,"Als wir in die Wohnung eingezogen sind, war sie in sehr schlechtem Zustand.",,
B1,zuständig,,"yetkili, sorumlu",,Sonstiges,Wir haben ein Problem mit der Heizung. Wer ist dafür zuständig?,,
B1,zustimmen,,"onaylamak, kabul etmek","stimmt zu, stimmte zu, hat zugestimmt",Verb,1. Ich stimme dir in dieser Sache völlig zu. 2. Er nickt zustimmend.,,
B1,Zustimmung,die,"onay, rıza",-en,Nomen,"Wir brauchen Ihre Zustimmung, um Ihnen Werbung zu schicken.",,
B1,Zutaten,die,malzemeler,(Pl.),Nomen,Welche Zutaten braucht man für diesen Kuchen?,,
B1,zuverlässig,,güvenilir,,Sonstiges,Der Kollege kommt bestimmt gleich. Er ist immer sehr zuverlässig.,,
B1,das/der Zvieri/Znüni,,"ara öğün, atıştırmalık","-s (CH) → D: Imbiss, A: Jause",Sonstiges,Es ist Zeit für ein kleines Zvieri.,,
B1,zwar,,"gerçi, doğrusu",,Sonstiges,"1. Diese Schuhe sind zwar teuer, aber gut. 2. Ich kriege jetzt doch eine Woche Urlaub, und zwar nächsten Monat.",,
B1,Zweck,der,amaç,-e,Nomen,"Ich glaube, es hat keinen Zweck, sich zu bewerben. Der Job ist sicher schon weg.",,
B1,zweifeln,,"şüphe etmek, kuşkulanmak","zweifelt, zweifelte, hat gezweifelt",Verb,"Ich zweifle nicht daran, dass Sie recht haben.",,
B1,Zweifel,der,"şüphe, kuşku",-,Nomen,1. Da ist ohne Zweifel die beste Lösung. 2. Allmählich bekomme ich Zweifel daran.,,
B1,Zwiebel,die,soğan,-n,Nomen,Eine Zwiebel in kleine Stücke schneiden und zusammen mit dem Fleisch braten.,,
B1,sich zwingen,,zorlamak,"zwingt, zwang, hat gezwungen",Verb,1. Bitte zwing mich nicht etwas zu essen. Ich bin wirklich nicht hungrig. 2. Das schlechte Wetter zwang uns umzukehren.,,
