niveau,wort,artikel,turkce,formen,typ,beispiele,eintrag,quelle
B1,ab,,"-den itibaren, -den beri",,Sonstiges,1. Die Fahrt kostet ab Hamburg 200 Euro. 2. Ab nächster Woche bleibt unser Geschäft samstags geschlossen. 3. Mein Bruder besucht uns ab und zu.,ab,B1.pdf
B1,abbiegen,,"dönmek, sapmak","biegt ab, bog ab, ist abgebogen",Verb,An der nächsten Kreuzung müssen Sie links abbiegen.,"abbiegen, biegt ab, bog ab, ist abgebogen",B1.pdf
B1,Abbildung,die,"resim, çizim, şekil",-en,Nomen,"Auf der Abbildung sehen Sie, wie man das Gerät einschaltet.","die Abbildung, -en",B1.pdf
B1,Abenteuer,das,macera,-,Nomen,1. Unser Urlaub war ein tolles Abenteuer. 2. Die Kinder lieben Abenteuergeschichten.,"das Abenteuer, -",B1.pdf
B1,aber,,"ama, fakat",,Sonstiges,"1. Heute kann ich nicht, aber morgen ganz bestimmt. 2. Es lag sehr viel Schnee, aber Enzo ist trotzdem mit dem Motorrad gefahren. 3. Wir haben nur eine kleine Wohnung, sind aber damit zufrieden. 4. Es war sehr schön. Jetzt muss ich aber gehen. 5. Ich würde gerne kommen, aber es geht leider nicht. 6. Darf ich dich zu einem Kaffee einladen? – Aber ja, sehr gern. 7. Du spielst aber gut Klavier.",aber,B1.pdf
B1,abfahren,,"hareket etmek, kalkmak","fährt ab, fuhr ab, ist abgefahren",Verb,Unser Zug ist pünktlich abgefahren.,"abfahren, fährt ab, fuhr ab, ist abgefahren",B1.pdf
B1,Abfahrt,die,"kalkış, hareket",-en,Nomen,Es bleiben uns noch zwanzig Minuten bis zur Abfahrt.,"die Abfahrt, -en",B1.pdf
B1,Abfall,der,"çöp, atık",¨-e,Nomen,Werfen Sie den Bioabfall bitte nicht zum normalen Müll.,"der Abfall, ¨-e",B1.pdf
B1,Abfalleimer,der,çöp kutusu,,Nomen,- Wirf das bitte in den Abfalleimer!,"der Abfalleimer,",B1.pdf
B1,Abgase,,egzoz gazları,(Pl.),Sonstiges,Abgase aus Industrie und Haushalten verschmutzen die Luft.,Abgase (Pl.),B1.pdf
B1,abgeben,,"teslim etmek, vermek","gibt ab, gab ab, hat abgegeben",Verb,Ich soll dieses Päckchen bei Herrn Müller abgeben.,"abgeben, gibt ab, gab ab, hat abgegeben",B1.pdf
B1,abhängen,,bağlı olmak,"hängt ab, hing ab, hat abgehangen (von)",Verb,"Vielleicht bleiben wir ein paar Tage länger, das hängt vom Wetter ab.","abhängen, hängt ab, hing ab, hat abgehangen (von)",B1.pdf
B1,abhängig,,bağımlı,,Sonstiges,Gregor ist finanziell von seinen Eltern abhängig.,abhängig,B1.pdf
B1,abheben,,"para çekmek, kaldırmak","hebt ab, hob ab, hat abgehoben",Verb,Für die Reise habe ich 500 Euro von meinem Konto abgehoben.,"abheben, hebt ab, hob ab, hat abgehoben",B1.pdf
B1,abholen,,"almak, karşılamak","holt ab, holte ab, hat abgeholt",Verb,Meine Freundin hat mich vom Bahnhof abgeholt.,"abholen, holt ab, holte ab, hat abgeholt",B1.pdf
B1,abschreiben,,"kopya çekmek, kopyalamak","schreibt ab, schrieb ab, hat abgeschrieben",Verb,Er hat die Hausaufgaben von mir abgeschrieben.,"abschreiben, schreibt ab, schrieb ab, hat abgeschrieben",B1.pdf
B1,Abitur (D)→A,das,"lise diploması, mezuniyet",CH: Matura,Nomen,Meine Tochter hat gerade Abitur gemacht.,"das Abitur (D)→A, CH: Matura",B1.pdf
B1,ablehnen,,reddetmek,"lehnt ab, lehnte ab, hat abgelehnt",Verb,"Er hat mein Angebot, ihm zu helfen, abgelehnt.","ablehnen, lehnt ab, lehnte ab, hat abgelehnt",B1.pdf
B1,abmachen,,"kararlaştırmak, anlaşmak","macht ab, machte ab, hat abgemacht",Verb,"Wir hatten doch abgemacht, dass du die Getränke besorgst.","abmachen, macht ab, machte ab, hat abgemacht",B1.pdf
B1,abnehmen,,"çıkarmak, sökmek / kilo vermek","nimmt ab, nahm ab, hat abgenommen",Verb,1. Morgen können wir den Verband abnehmen. 2. Ich habe zehn Kilo abgenommen.,"abnehmen, nimmt ab, nahm ab, hat abgenommen",B1.pdf
B1,abonnieren,,abone olmak,"abonniert, abonnierte, hat abonniert",Verb,Diese Zeitschrift würde ich gerne abonnieren.,"abonnieren, abonniert, abonnierte, hat abonniert",B1.pdf
B1,Abonnement,das,abonelik,-s/-e,Nomen,Ich habe das Abonnement gekündigt.,"das Abonnement, -s/-e",B1.pdf
B1,absagen,,"iptal etmek, vazgeçmek","sagt ab, sagte ab, hat abgesagt",Verb,"Ich muss unser Treffen leider absagen, weil ich krank geworden bin.","absagen, sagt ab, sagte ab, hat abgesagt",B1.pdf
B1,Abschluss,der,"mezuniyet, diploma, sonuç",¨-e,Nomen,Ein guter Schulabschluss ist sehr wichtig.,"der Abschluss, ¨-e",B1.pdf
B1,Abschnitt,der,"bölüm, kısım",-e,Nomen,Lesen Sie bitte den zweiten Abschnitt.,"der Abschnitt, -e",B1.pdf
B1,Absender,der,gönderen kişi,-,Nomen,Schicken Sie das Paket an den Absender zurück.,"der Absender, -",B1.pdf
B1,Absenderin,die,gönderen (kadın),-nen,Nomen,Schicken Sie das Paket an den Absender zurück.,"die Absenderin, -nen",B1.pdf
B1,Absicht,die,"niyet, kasıt",-en,Nomen,1. Entschuldigen Sie bitte. Meine Tochter hat das nicht mit Absicht gemacht. 2. Hast du die Absicht zu studieren?,"die Absicht, -en",B1.pdf
B1,absolut,,"kesinlikle, tamamen, mutlak",,Sonstiges,"1. Was Sie da sagen, ist absolut falsch. 2. Ich habe absolutes Vertrauen zu dir.",absolut,B1.pdf
B1,abstimmen,,"oylamak, oy vermek","stimmt ab, stimmte ab, hat abgestimmt",Verb,Lasst uns über diesen Punkt abstimmen.,"abstimmen, stimmt ab, stimmte ab, hat abgestimmt",B1.pdf
B1,Abteilung,die,"bölüm, departman",-en,Nomen,Meine Freundin arbeitet in der Abteilung von Frau Kaufmann.,"die Abteilung, -en",B1.pdf
B1,Abwart,der,"kapıcı, hademe (erkek)",-e,Nomen,"Der Abwart hat mir geholfen, den Schrank in die Wohnung zu tragen.","der Abwart, -e",B1.pdf
B1,Abwartin,die,"kapıcı, hademe (kadın)","-nen (CH) → D, A: Hausmeister",Nomen,"Der Abwart hat mir geholfen, den Schrank in die Wohnung zu tragen.","die Abwartin, -nen (CH) → D, A: Hausmeister",B1.pdf
B1,abwärts,,"aşağı doğru, aşağıya",,Sonstiges,Von dort führt der Weg abwärts ins Tal.,abwärts,B1.pdf
B1,abwaschen,,bulaşık yıkamak,"wäscht ab, wusch ab, hat abgewaschen",Verb,Ich muss noch das Geschirr abwaschen.,"abwaschen, wäscht ab, wusch ab, hat abgewaschen",B1.pdf
B1,abwesend,,"yok, mevcut olmayan",,Sonstiges,Herr Huber ist bis zum 25. April abwesend.,abwesend,B1.pdf
B1,achten,,dikkat etmek,"achtet, achtete, hat geachtet (auf)",Verb,"Achten Sie bitte darauf, dass Sie abschließen, wenn Sie gehen.","achten, achtet, achtete, hat geachtet (auf)",B1.pdf
B1,Achtung!,,Dikkat!,,Sonstiges,"Achtung, hier endet die Straße!",Achtung!,B1.pdf
B1,Adresse,die,adres,-n,Nomen,Hast du schon meine neue Adresse?,"die Adresse, -n",B1.pdf
B1,ähnlich,,benzer,,Sonstiges,1. Emilia ist in einer ganz ähnlichen Situation wie ich. 2. Oleg sieht seinem Bruder sehr ähnlich.,ähnlich,B1.pdf
B1,Ahnung,die,"fikir, tahmin",,Nomen,"Ich hatte keine Ahnung, dass du heute Geburtstag hast.",die Ahnung,B1.pdf
B1,Aktion,die,"eylem, faaliyet, kampanya",-en,Nomen,Die Stadt sollte eine Aktion für Familien planen.,"die Aktion, -en",B1.pdf
B1,aktiv,,aktif,,Sonstiges,Ich bin sehr aktiv und mache viel Sport.,aktiv,B1.pdf
B1,Aktivität,die,"etkinlik, aktivite",-en,Nomen,In den Ferien bietet die Stadt für Kinder verschiedene Freizeitaktivitäten.,"die Aktivität, -en",B1.pdf
B1,aktuell,,güncel,,Sonstiges,Umweltschutz ist ein aktuelles Thema.,aktuell,B1.pdf
B1,akzeptieren,,kabul etmek,"akzeptiert, akzeptierte, hat akzeptiert",Verb,Ich kann diese Bedingungen nicht akzeptieren.,"akzeptieren, akzeptiert, akzeptierte, hat akzeptiert",B1.pdf
B1,Alarm,der,alarm,-e,Nomen,Bei Feueralarm dürfen Sie die Aufzüge nicht benutzen.,"der Alarm, -e",B1.pdf
B1,Alkohol,der,alkol,,Nomen,"1. Du musst die Wunde mit Alkohol reinigen. 2. Nein, danke! Ich trinke keinen Alkohol.",der Alkohol,B1.pdf
B1,all-,,"tüm, bütün, hepsi",,Sonstiges,"1. Sind alle Kinder da? 2. Sonst noch (et)was? – Nein, danke. Das ist alles. 3. Alles Gute!",all-,B1.pdf
B1,allein,,yalnız,,Sonstiges,"1. Ich gehe nicht gern allein spazieren. 2. Soll ich Ihnen helfen? – Danke, ich schaffe es schon allein. 3. Es war sehr teuer. Allein das Essen hat schon über 50 Euro gekostet.",allein,B1.pdf
B1,aller-,,en- (en iyi/hepsinden çok),,Sonstiges,"1. Am allerbesten ist es, wenn du dich ins Bett legst und lange schläfst. Dann wirst du schnell wieder gesund. 2. Das ist das Allerschönste, was ich je gesehen habe.",aller-,B1.pdf
B1,allerdings,,"ancak, gerçi, yine de",,Sonstiges,"Wir können uns morgen treffen, allerdings habe ich erst ab Mittag Zeit.",allerdings,B1.pdf
B1,allgemein,,genel,,Sonstiges,"1. Wir haben nur über allgemeine Probleme gesprochen. 2. Es ist allgemein bekannt, dass man hier gut essen kann. 3. Im Allgemeinen bin ich mit meiner Arbeit sehr zufrieden.",allgemein,B1.pdf
B1,Alltag,der,günlük yaşam,,Nomen,"Das ist mein Alltag: putzen, waschen, kochen.",der Alltag,B1.pdf
B1,alltäglich,,"günlük, sıradan",,Sonstiges,1. Das alltägliche Leben ist manchmal langweilig. 2. Der Roman erzählt eine ganz alltägliche Geschichte.,alltäglich,B1.pdf
B1,Alphabet,das,alfabe,-e,Nomen,Wie viele Buchstaben hat das Alphabet in Ihrer Sprache?,"das Alphabet, -e",B1.pdf
B1,als,,"-den daha, olarak, iken",,Sonstiges,"1. Als mein Mann kam, war die Party schon zu Ende. 2. Sie können sich sowohl persönlich als auch im Internet anmelden. 3. Meine Schwester ist älter als ich. 4. Es ist später, als ich dachte.",als,B1.pdf
B1,als ob,,sanki,,Sonstiges,"Er tut so, als ob wir nie darüber gesprochen hätten.",als ob,B1.pdf
B1,also,,"yani, öyleyse",,Sonstiges,"1. Also, die Sache ist so: … 2. Irina hat Urlaub. Sie kann uns also helfen. 3. Also wirklich, jetzt reicht es.",also,B1.pdf
B1,alt,,"yaşlı, eski",,Sonstiges,1. Wie alt sind Sie? 2. Maria ist eine alte Freundin von mir.,alt,B1.pdf
B1,Alter,das,yaş,,Nomen,1. Wir sind etwa im gleichen Alter. 2. Alter: 26 Jahre,das Alter,B1.pdf
B1,Altenheim,das,"huzurevi, yaşlı bakımevi",-e Altersheim,Nomen,Die Großeltern unserer Nachbarn sind im Altenheim.,"das Altenheim, -e Altersheim",B1.pdf
B1,Altersheim,das,"huzurevi, yaşlı bakımevi",-e Altenheim,Nomen,Die Großeltern unserer Nachbarn sind im Altersheim.,"das Altersheim, -e Altenheim",B1.pdf
B1,alternativ,,alternatif olarak,,Sonstiges,Wir brauchen alternative Energien.,alternativ,B1.pdf
B1,Alternative,die,"alternatif, seçenek",-n,Nomen,Auf dieser Strecke ist der Zug eine gute Alternative zum Flugzeug.,"die Alternative, -n",B1.pdf
B1,Ampel,die,trafik ışığı,-n,Nomen,Dort an der Ampel kannst du über die Straße gehen.,"die Ampel, -n",B1.pdf
B1,Amt,das,"daire, kurum, resmi makam",¨-er,Nomen,Das Arbeitsamt befindet sich neben dem Busbahnhof.,"das Amt, ¨-er",B1.pdf
B1,sich amüsieren,,"eğlenmek, hoşça vakit geçirmek","amüsiert sich, amüsierte sich, hat sich amüsiert",Verb,Bei dem Fest haben wir uns sehr gut amüsiert.,"sich amüsieren, amüsiert sich, amüsierte sich, hat sich amüsiert",B1.pdf
B1,an,,"-de, -da; -e, -a",,Sonstiges,"1. Am Anfang war alles sehr schwierig. 2. Dann sehen wir uns also am Dienstag. 3. Ich warte am Bahnhof auf dich. 4. Am besten, du gehst zur Information und fragst da. 5. Das Licht war die ganze Nacht an.",an,B1.pdf
B1,analysieren,,"analiz etmek, çözümlemek","analysiert, analysierte, hat analysiert",Verb,Die Politiker analysieren die Situation auf dem Arbeitsmarkt.,"analysieren, analysiert, analysierte, hat analysiert",B1.pdf
B1,anbieten,,"sunmak, ikram etmek","bietet an, bot an, hat angeboten",Verb,Darf ich Ihnen etwas zu trinken anbieten?,"anbieten, bietet an, bot an, hat angeboten",B1.pdf
B1,Anbieter,der,sağlayıcı,,Nomen,- Ist das ein privater Telefonanbieter?,"der Anbieter,",B1.pdf
B1,Angebot,das,"teklif, kampanya",-e,Nomen,1. Ich habe in der Zeitung ein paar günstige Wohnungsangebote gelesen. 2. Der Käse ist heute im Angebot.,"das Angebot, -e",B1.pdf
B1,ander-,,"diğer, başka",,Sonstiges,1. Die anderen sind schon nach Hause gegangen. 2. Bitte nicht alle auf einmal! Einer nach dem anderen. 3. Ich hätte gern ein anderes Auto. 4. Natascha hat unter anderem Chinesisch und Spanisch gelernt.,ander-,B1.pdf
B1,andererseits,,"öte yandan, diğer taraftan",,Sonstiges,"Tarek möchte zwar studieren, aber andererseits möchte er auch gleich Geld verdienen.",andererseits,B1.pdf
B1,ändern,,değiştirmek,"ändert, änderte, hat geändert",Verb,1. Das Wetter hat sich geändert. 2. Ich habe meine Meinung inzwischen geändert.,"ändern, ändert, änderte, hat geändert",B1.pdf
B1,Änderung,die,değişiklik,-en,Nomen,Es gibt eine Programmänderung.,"die Änderung, -en",B1.pdf
B1,anders,,"başka, farklı",,Sonstiges,1. Anders geht das leider nicht. 2. Oliver ist anders als seine Freunde. 3. Ich würde das anders machen.,anders,B1.pdf
B1,anerkennen,,"tanımak, kabul etmek, onaylamak","erkennt an, erkannte an, hat anerkannt",Verb,Meine Ausbildung wird hier nicht anerkannt.,"anerkennen, erkennt an, erkannte an, hat anerkannt",B1.pdf
B1,anfangen,,başlamak,"fängt an, fing an, hat angefangen",Verb,1. Wann fängst du mit der Arbeit an? 2. Hier fängt die Bahnhofstraße an.,"anfangen, fängt an, fing an, hat angefangen",B1.pdf
B1,Anfang,der,başlangıç,¨-e,Nomen,"1. Wie war der Film? – Ich habe nur den Anfang gesehen. 2. Am Anfang habe ich bei der Arbeit viele Fragen gestellt. 3. Mein Chef ist Anfang fünfzig. 4. Meine Mutter war von Anfang an dagegen, dass ich nach Berlin ziehe. 5. Wir machen Anfang Juli Ferien. 6. Meine Freundin wohnt am Anfang der Straße.","der Anfang, ¨-e",B1.pdf
B1,anfangs,,"başlangıçta, ilk başta",,Sonstiges,Anfangs ging alles gut.,anfangs,B1.pdf
B1,angeben,,"belirtmek, bildirmek","gibt an, gab an, hat angegeben",Verb,Bitte geben Sie Ihre genaue Adresse an.,"angeben, gibt an, gab an, hat angegeben",B1.pdf
B1,Angabe,die,"bilgi, veri",-n,Nomen,"Wir brauchen von Ihnen folgende Angaben: Name, Adresse, Geburtsdatum.","die Angabe,-n",B1.pdf
B1,Angehörige,der,yakın akraba (erkek),-n,Nomen,Der Arzt darf nur Familienangehörigen Auskunft geben.,"der Angehörige, -n",B1.pdf
B1,Angehörige,die,yakın akraba (kadın),-n,Nomen,Der Arzt darf nur Familienangehörigen Auskunft geben.,"die Angehörige, -n",B1.pdf
B1,angenehm,,"hoş, rahat, keyifli",,Sonstiges,Wir wünschen Ihnen eine angenehme Reise.,angenehm,B1.pdf
B1,Angst,die,korku,“-e,Nomen,"1. Du brauchst keine Angst zu haben. Der Hund tut dir nichts. 2. Ich habe Angst, vielleicht ist etwas passiert.","die Angst, “-e",B1.pdf
B1,ängstlich,,"endişeli, korkak",,Sonstiges,Meine Mutter ist etwas ängstlich. Sie geht nicht gern allein auf die Straße.,ängstlich,B1.pdf
B1,anhaben,,"giymiş olmak, üzerinde olmak","hat an, hatte an, hat angehabt",Verb,Gestern hatte Julia ein rotes Kleid an.,"anhaben, hat an, hatte an, hat angehabt",B1.pdf
B1,anklicken,,tıklamak,"klickt an, klickte an, hat angeklickt",Verb,Du musst das Bild anklicken. Dann wird es größer.,"anklicken, klickt an, klickte an, hat angeklickt",B1.pdf
B1,ankommen,,varmak,"kommt an, kam an, ist angekommen",Verb,"1. Wann kommt der Zug in Hamburg an? 2. Bei dem Spiel kommt es darauf an, schneller zu laufen als die anderen.","ankommen, kommt an, kam an, ist angekommen",B1.pdf
B1,Ankunft,die,varış,,Nomen,"1. Die Abfahrt ist um 0.55 Uhr, die Ankunft um 8.07 Uhr. 2. Gleich nach der Ankunft habe ich meine Eltern angerufen.",die Ankunft,B1.pdf
B1,ankündigen,,"haber vermek, duyurmak","kündigt an, kündigte an, hat angekündigt",Verb,Wir sollten unseren Besuch ankündigen.,"ankündigen, kündigt an, kündigte an, hat angekündigt",B1.pdf
B1,Anlage,die,"tesis, sistem, ek",-n,Nomen,1. Meine Musikanlage ist kaputt. 2. In der Anlage der E-Mail finden Sie meinen Lebenslauf.,"die Anlage, -n",B1.pdf
B1,Anleitung,die,"kılavuz, talimat",-en,Nomen,"In der Anleitung steht, dass bei diesem Spiel der Älteste beginnt.","die Anleitung, -en",B1.pdf
B1,anmelden,,"kaydolmak, kayıt yaptırmak","meldet an, meldete an, hat angemeldet",Verb,Für diesen Kurs müssen Sie sich unbedingt vorher anmelden.,"anmelden, meldet an, meldete an, hat angemeldet",B1.pdf
B1,Anmeldung,die,"kayıt, kayıt işlemi",-en,Nomen,"1. Wo bekomme ich die Formulare für die Anmeldung? 2. Die Anmeldung ist im Erdgeschoss, Zimmer 55.","die Anmeldung, -en",B1.pdf
B1,annehmen,,kabul etmek / varsaymak,"nimmt an, nahm an, hat angenommen",Verb,"1. Ich nehme Ihre Einladung gern an. 2. Ich nehme an, dass Sie mit dem Vorschlag einverstanden sind.","annehmen, nimmt an, nahm an, hat angenommen",B1.pdf
B1,Annonce,die,"ilan, küçük ilan",-n,Nomen,"Ich habe alle Annoncen gelesen, aber die Wohnungen sind zu teuer.","die Annonce, -n",B1.pdf
B1,Anrede,die,hitap,-n,Nomen,Du darfst im Brief die Anrede nicht vergessen.,"die Anrede, -n",B1.pdf
B1,anrufen,,"aramak, telefon etmek","ruft an, rief an, hat angerufen",Verb,Ich rufe Sie heute Abend an.,"anrufen, ruft an, rief an, hat angerufen",B1.pdf
B1,Anruf,der,"telefon görüşmesi, arama",-e,Nomen,Ich warte auf einen Anruf aus Berlin.,"der Anruf, -e",B1.pdf
B1,Anrufbeantworter,der,telesekreter,,Nomen,- Ich habe dir eine Nachricht auf den Anrufbeantworter gesprochen.,"der Anrufbeantworter,",B1.pdf
B1,Ansage,die,"anons, duyuru",-n,Nomen,Achten Sie auf die Ansage am Bahnsteig.,"die Ansage, -n",B1.pdf
B1,anschaffen,,"edinmek, satın almak","schafft an, schaffte an, hat angeschafft",Verb,Wir haben uns neue Möbel angeschafft.,"anschaffen, schafft an, schaffte an, hat angeschafft",B1.pdf
B1,anschließen,,"bağlamak, takmak","schließt an, schloss an, hat angeschlossen",Verb,Wo kann ich den Computer anschließen?,"anschließen, schließt an, schloss an, hat angeschlossen",B1.pdf
B1,Anschluss,der,"bağlantı, aktarma",¨-e,Nomen,1. In Mannheim haben Sie Anschluss nach Saarbrücken. 2. Ich brauche in meiner Wohnung einen Telefonanschluss.,"der Anschluss, ¨-e",B1.pdf
B1,anschnallen,,emniyet kemerini bağlamak,"schnallt an, schnallte an, hat angeschnallt",Verb,"Vergiss nicht, dich anzuschnallen.","anschnallen, schnallt an, schnallte an, hat angeschnallt",B1.pdf
B1,ansehen,,"izlemek, bakmak, seyretmek","sieht an, sah an, hat angesehen",Verb,1. Warum siehst du mich so erschrocken an? 2. Darf ich eure Urlaubsfotos ansehen?,"ansehen, sieht an, sah an, hat angesehen",B1.pdf
B1,ansprechen,,"hitap etmek, söz atmak","spricht an, sprach an, hat angesprochen",Verb,Gestern hat mich unsere neue Nachbarin im Treppenhaus angesprochen.,"ansprechen, spricht an, sprach an, hat angesprochen",B1.pdf
B1,Anspruch,der,"hak, talep",¨-e,Nomen,Sie wohnen im Stadtzentrum. Deshalb haben Sie keinen Anspruch auf Fahrgeld.,"der Anspruch, ¨-e",B1.pdf
B1,anstellen,,"açmak, çalıştırmak / işe almak","stellt an, stellte an, hat angestellt",Verb,1. Können Sie bitte die Heizung anstellen? 2. Mein Schwager ist bei einer Möbelfirma angestellt. 3. Da vorne ist die Kasse. Du musst dich anstellen.,"anstellen, stellt an, stellte an, hat angestellt",B1.pdf
B1,Angestellte,der,"memur, çalışan (erkek)",-n,Nomen,Björn ist Angestellter in einem Reisebüro.,"der Angestellte, -n",B1.pdf
B1,Angestellte,die,"memur, çalışan (kadın)",-n,Nomen,Björn ist Angestellter in einem Reisebüro.,"die Angestellte, -n",B1.pdf
B1,sich anstrengen,,"çabalamak, gayret etmek","strengt sich an, strengte sich an, hat sich angestrengt",Verb,"1. Diese Arbeit strengt mich sehr an. 2. Wenn du die Prüfung schaffen willst, musst du dich mehr anstrengen.","sich anstrengen, strengt sich an, strengte sich an, hat sich angestrengt",B1.pdf
B1,anstrengend,,yorucu,,Sonstiges,Ich finde diese Arbeit sehr anstrengend.,anstrengend,B1.pdf
B1,Antrag,der,"başvuru, dilekçe",¨-e,Nomen,Haben Sie schon einen Antrag für das Wohngeld ausgefüllt?,"der Antrag, ¨-e",B1.pdf
B1,anwenden,,uygulamak,"wendet an, wandte an, hat angewandt/angewendet",Verb,Diese Salbe muss man dreimal am Tag anwenden.,"anwenden, wendet an, wandte an, hat angewandt/angewendet",B1.pdf
B1,anwesend,,"mevcut, hazır",,Sonstiges,Bei dem Treffen waren alle Mitglieder anwesend.,anwesend,B1.pdf
B1,antworten,,"cevap vermek, yanıtlamak","antwortet, antwortete, hat geantwortet",Verb,Jorge hat seit drei Wochen nicht auf meinen Brief geantwortet.,"antworten, antwortet, antwortete, hat geantwortet",B1.pdf
B1,Antwort,die,"cevap, yanıt",-en,Nomen,Leider habe ich keine Antwort bekommen.,"die Antwort, -en",B1.pdf
B1,Anwalt,der,avukat (erkek),¨-e,Nomen,Ich werde das nicht bezahlen. Ich möchte zuerst mit meinem Anwalt sprechen.,"der Anwalt, ¨-e",B1.pdf
B1,Anwältin,die,avukat (kadın),-nen,Nomen,Ich werde das nicht bezahlen. Ich möchte zuerst mit meinem Anwalt sprechen.,"die Anwältin, -nen",B1.pdf
B1,anzeigen,,"ihbar etmek, bildirmek","zeigt an, zeigte an, hat angezeigt",Verb,"Wenn Sie hier parken, zeige ich Sie an.","anzeigen, zeigt an, zeigte an, hat angezeigt",B1.pdf
B1,Anzeige,die,ilan,-n,Nomen,"1. Ich habe alle Anzeigen gelesen, aber die Wohnungen sind zu teuer. 2. Hier dürfen Sie nicht parken, sonst bekommen Sie eine Anzeige.","die Anzeige, -n",B1.pdf
B1,sich anziehen,,giyinmek,"zieht an, zog an, hat angezogen",Verb,"1. Du musst dich wärmer anziehen, sonst erkältest du dich. 2. Heute ziehe ich mein neues T-Shirt an.","(sich) anziehen, zieht an, zog an, hat angezogen",B1.pdf
B1,Anzug,der,takım elbise,¨-e,Nomen,Mein Mann hat sich einen neuen Anzug gekauft.,"der Anzug, ¨-e",B1.pdf
B1,Apartment,das,"apartman dairesi, stüdyo daire",-s,Nomen,Wir haben ein Ferienapartment gemietet.,"das Apartment, -s",B1.pdf
B1,Apfel,der,elma,¨-,Nomen,Zum Frühstück esse ich jeden Tag einen Apfel.,"der Apfel, ¨-",B1.pdf
B1,Apotheke,die,eczane,-n,Nomen,Ist hier in der Nähe eine Apotheke?,"die Apotheke, -n",B1.pdf
B1,Apparat,der,"cihaz, aygıt",-e,Nomen,1. Können Sie den Apparat bitte etwas leiser stellen? 2. Wo ist mein Fotoapparat?,"der Apparat, -e",B1.pdf
B1,Appetit,der,iştah,,Nomen,1. Ich habe heute keinen Appetit. Ich mag nichts essen. 2. Auf was hast du Appetit? Vielleicht auf einen Salat? 3. Guten Appetit!,der Appetit,B1.pdf
B1,Aprikose,die,kayısı,"-n (D, CH) → A: Marille",Nomen,Schmecken dir die Aprikosen?,"die Aprikose, -n (D, CH) → A: Marille",B1.pdf
B1,arbeiten,,çalışmak,"arbeitet, arbeitete, hat gearbeitet",Verb,1. Er arbeitet heute bis 16 Uhr. 2. Arzu arbeitet als Krankenschwester im Krankenhaus.,"arbeiten, arbeitet, arbeitete, hat gearbeitet",B1.pdf
B1,Arbeit,die,"iş, çalışma",-en,Nomen,1. Wie gefällt dir deine Arbeit? 2. Nach der Ausbildung hat Mohamed eine Arbeit gefunden.,"die Arbeit, -en",B1.pdf
B1,Arbeiter,der,işçi (erkek),"die Arbeiterin, -nen",Nomen,- Maria ist seit zwei Jahren Arbeiterin bei Siemens.,"der Arbeiter, die Arbeiterin, -nen",B1.pdf
B1,Arbeitserlaubnis,die,çalışma izni,,Nomen,Haben Sie eine Arbeitserlaubnis?,die Arbeitserlaubnis,B1.pdf
B1,arbeitslos,,işsiz,,Sonstiges,Wie lange sind Sie schon arbeitslos?,arbeitslos,B1.pdf
B1,Arbeitslosigkeit,die,işsizlik,,Nomen,Die Arbeitslosigkeit ist gesunken.,die Arbeitslosigkeit,B1.pdf
B1,Arbeitsplatz,der,"iş yeri, çalışma yeri",¨-e,Nomen,In der Industrie gibt es immer weniger Arbeitsplätze.,"der Arbeitsplatz, ¨-e",B1.pdf
B1,Arbeitsstelle,die,"iş yeri, iş",-n,Nomen,Meine Frau hat eine neue Arbeitsstelle gefunden.,"die Arbeitsstelle, -n",B1.pdf
B1,Architekt,der,mimar (erkek),-en,Nomen,Dieses Haus hat eine berühmte Architektin gebaut.,"der Architekt, -en",B1.pdf
B1,Architektin,die,mimar (kadın),-nen,Nomen,Dieses Haus hat eine berühmte Architektin gebaut.,"die Architektin, -nen",B1.pdf
B1,sich ärgern,,"sinirlenmek, kızmak","ärgert, ärgerte, hat geärgert",Verb,1. Ärgern Sie sich nicht. 2. Mein Bruder hat mich schon als Kind immer geärgert.,"(sich) ärgern, ärgert, ärgerte, hat geärgert",B1.pdf
B1,Ärger,der,"öfke, kızgınlık",,Nomen,Ich hatte heute Ärger im Büro. Ich habe mich mit einem Kollegen gestritten.,der Ärger,B1.pdf
B1,ärgerlich,,"sinir bozucu, can sıkıcı",,Sonstiges,Der Zug hat schon wieder Verspätung. Das ist wirklich ärgerlich.,ärgerlich,B1.pdf
B1,arm,,"fakir, yoksul",,Sonstiges,1. Die Regierung hilft armen Nachbarländern. 2. Ich hätte gerne 200 g fettarmen Käse.,arm,B1.pdf
B1,Arm,der,kol,-e,Nomen,Mein Freund hat sich den Arm gebrochen.,"der Arm, -e",B1.pdf
B1,Art,die,"tür, çeşit, biçim",-en,Nomen,1. Im Zoo haben sie 34 verschiedene Arten von Vögeln. 2. Seine Art gefällt mir nicht. 3. Man kann auf unterschiedliche Art und Weise ein Fest feiern.,"die Art, -en",B1.pdf
B1,Artikel,der,makale,-,Nomen,"1. Ich habe einen interessanten Artikel gelesen. 2. Im Deutschen gibt es drei Artikel: der, die, das.","der Artikel, -",B1.pdf
B1,Arzt,der,"doktor, hekim",¨-e,Nomen,1. Ich muss heute zum Arzt. 2. Wann warst du beim Zahnarzt?,"der Arzt, ¨-e",B1.pdf
B1,Ärztin,die,kadın doktor,-nen,Nomen,1. Ich muss heute zum Arzt. 2. Wann warst du beim Zahnarzt?,"die Ärztin, -nen",B1.pdf
B1,Asyl,das,"sığınma, iltica",,Nomen,Die Menschen sind auf der Flucht und bitten um Asyl.,das Asyl,B1.pdf
B1,atmen,,nefes almak,"atmet, atmete, hat geatmet",Verb,Er hat eine Erkältung und kann nicht durch die Nase atmen.,"atmen, atmet, atmete, hat geatmet",B1.pdf
B1,Atem,der,"nefes, soluk",,Nomen,Bitte den Atem anhalten.,der Atem,B1.pdf
B1,auch,,"de, da; ayrıca",,Sonstiges,"1. Ich muss leider gehen. – Ich auch. 2. Ich arbeite die ganze Woche und muss auch am Wochenende arbeiten. 3. Wir fahren auf jeden Fall, auch wenn es regnet. 4. Der Zug ist gerade eben abgefahren. Warum kommst du auch so spät!",auch,B1.pdf
B1,auf,,"üstünde, üzerinde",,Sonstiges,"1. Deine Brille liegt auf dem Schreibtisch. 2. Die Kinder spielen unten auf der Straße. 3. Meine Eltern leben auf dem Land. 4. Gestern waren wir auf einer Party. 5. Auf unsere Anzeige in der Abendzeitung hat sich noch niemand gemeldet. 6. Wie heißt das auf Deutsch? 7. Meine Tochter kommt nächstes Jahr aufs Gymnasium. (D) (A, CH: ins) 8. Im Mai war ich auf Urlaub. (A) (D: in)",auf,B1.pdf
B1,Aufenthalt,der,"kalış, ikamet süresi",-e,Nomen,"9. Ich bin schon seit zwei Stunden auf. 10.Komm herein, die Tür ist auf. (D) (A, CH: offen) 1. Der Zug hat in München nur 20 Minuten Aufenthalt. 2. Wir wünschen Ihnen einen angenehmen Aufenthalt.","der Aufenthalt, -e",B1.pdf
B1,auffallen,,"dikkat çekmek, göze çarpmak","fällt auf, fiel auf, ist aufgefallen",Verb,"Mir ist aufgefallen, dass Harriett ganz blass ist.","auffallen, fällt auf, fiel auf, ist aufgefallen",B1.pdf
B1,auffordern,,"çağırmak, talep etmek, davet etmek","fordert auf, forderte auf, hat aufgefordert",Verb,"1. Sie forderte mich auf, meine Meinung zu sagen. 2. Er fordert sie zum Tanz auf.","auffordern, fordert auf, forderte auf, hat aufgefordert",B1.pdf
B1,Aufforderung,die,"çağrı, talep, bildirim",-en,Nomen,"Sie erhalten eine Aufforderung, den Betrag bis Juni zu zahlen.","die Aufforderung, -en",B1.pdf
B1,aufführen,,"sahnelemek, oynamak","führt auf, führte auf, hat aufgeführt",Verb,Die Kinder führen zu Weihnachten ein Theaterstück auf.,"aufführen, führt auf, führte auf, hat aufgeführt",B1.pdf
B1,Aufgabe,die,"görev, ödev",-n,Nomen,1. Hast du deine Hausaufgaben für die Schule schon gemacht? 2. Das ist nicht meine Aufgabe.,"die Aufgabe, -n",B1.pdf
B1,aufgeben,,"vazgeçmek, pes etmek, postaya vermek","gibt auf, gab auf, hat aufgegeben",Verb,1. Ich habe auf der Post ein Paket aufgegeben. 2. Man darf nie aufgeben. Es gibt immer eine Hoffnung.,"aufgeben, gibt auf, gab auf, hat aufgegeben",B1.pdf
B1,aufhalten,,"alıkoymak, oyalamak, tutmak","hält auf, hielt auf, hat aufgehalten",Verb,"1. Wo hält er sich gerade auf? – In München. 2. Darf ich Ihnen die Tür aufhalten? 3. Entschuldigen Sie die Verspätung, ich wurde aufgehalten.","aufhalten, hält auf, hielt auf, hat aufgehalten",B1.pdf
B1,aufheben,,"kaldırmak, saklamak","hebt auf, hob auf, hat aufgehoben",Verb,"1. Lassen Sie die Papiere nur auf dem Boden liegen, ich hebe sie schon auf. 2. Die Quittung müssen Sie gut aufheben.","aufheben, hebt auf, hob auf, hat aufgehoben",B1.pdf
B1,aufhören,,"bitmek, sona ermek","hört auf, hörte auf, hat aufgehört",Verb,1. Es hört nicht auf zu schneien. 2. Wann hört ihr mit der Arbeit auf? 3. Hier hört die Hauptstraße auf.,"aufhören, hört auf, hörte auf, hat aufgehört",B1.pdf
B1,aufladen,,şarj etmek,"lädt auf, lud auf, hat aufgeladen",Verb,Ich muss mein Telefon aufladen. Die Batterie ist leer.,"aufladen, lädt auf, lud auf, hat aufgeladen",B1.pdf
B1,auflösen,,"eritmek, çözmek","löst auf, löste auf, hat aufgelöst",Verb,Die Tablette bitte in Wasser auflösen.,"auflösen, löst auf, löste auf, hat aufgelöst",B1.pdf
B1,aufmerksam,,dikkatli,,Sonstiges,"1. Die Schülerin hörte aufmerksam zu. 2. Ich mache Sie darauf aufmerksam, dass wir in einer halben Stunde schließen.",aufmerksam,B1.pdf
B1,aufnehmen,,"kabul etmek, kaydetmek","nimmt auf, nahm auf, hat aufgenommen",Verb,1. Wir haben Aneta in unseren Verein aufgenommen. 2. Ich habe den Film im Urlaub aufgenommen.,"aufnehmen, nimmt auf, nahm auf, hat aufgenommen",B1.pdf
B1,Aufnahme,die,kayıt,-n,Nomen,Bitte seid leise! – Ich starte die Aufnahme.,"die Aufnahme, -n",B1.pdf
B1,aufpassen,,dikkat etmek,"passt auf, passte auf, hat aufgepasst",Verb,1. Tut mir leid. Da habe ich wohl nicht aufgepasst. 2. Ich muss zu Hause bleiben und auf die Kinder aufpassen.,"aufpassen, passt auf, passte auf, hat aufgepasst",B1.pdf
B1,aufräumen,,"toplamak, düzenlemek","räumt auf, räumte auf, hat aufgeräumt",Verb,Vor meinem Urlaub muss ich unbedingt noch meinen Schreibtisch aufräumen.,"aufräumen, räumt auf, räumte auf, hat aufgeräumt",B1.pdf
B1,aufregen,,"sinirlendirmek, heyecanlandırmak","regt auf, regte auf, hat aufgeregt",Verb,"1. Es regt mich auf, dass ich schon wieder Überstunden machen muss. 2. Ganz ruhig! Bitte regen Sie sich nicht auf. 3. Heute hast du eine Prüfung. Bist du schon aufgeregt? 4. Die Musikgruppe zu erleben war sehr aufregend.","aufregen, regt auf, regte auf, hat aufgeregt",B1.pdf
B1,aufstehen,,"kalkmak, ayağa kalkmak","steht auf, stand auf, ist aufgestanden",Verb,1. Ich stehe jeden Morgen um sechs Uhr auf. 2. Sie brauchen nicht aufzustehen. Sie können sitzen bleiben.,"aufstehen, steht auf, stand auf, ist aufgestanden",B1.pdf
B1,Auftrag,der,"sipariş, görev",¨-e,Nomen,1. Ich komme im Auftrag von Frau Müller und soll Ihnen diesen Brief geben. 2. Im Moment hat die Firma besonders viele Aufträge.,"der Auftrag, ¨-e",B1.pdf
B1,auftreten,,"sahneye çıkmak, ortaya çıkmak","tritt auf, trat auf, ist aufgetreten",Verb,Nächste Woche tritt in der Stadthalle eine berühmte Musikgruppe auf.,"auftreten, tritt auf, trat auf, ist aufgetreten",B1.pdf
B1,Auftritt,der,"sahne çıkışı, performans",-e,Nomen,Nach dem Auftritt feiern die Musiker.,"der Auftritt, -e",B1.pdf
B1,aufwachen,,uyanmak,"wacht auf, wachte auf, ist aufgewacht",Verb,Von dem Lärm bin ich aufgewacht.,"aufwachen, wacht auf, wachte auf, ist aufgewacht",B1.pdf
B1,aufwärts,,yukarı doğru,,Sonstiges,1. Sie müssen gute Schuhe anziehen. Der Weg geht immer aufwärts. 2. In letzter Zeit geht es wieder aufwärts mit der Wirtschaft.,aufwärts,B1.pdf
B1,Aufzug,der,asansör,"¨-e (D, A) → Lift",Nomen,Im Büro ist leider der Aufzug kaputt.,"der Aufzug, ¨-e (D, A) → Lift",B1.pdf
B1,Auge,das,göz,-n,Nomen,Meine beiden Kinder haben blaue Augen.,"das Auge, -n",B1.pdf
B1,Augenblick,der,"an, lahza",-e,Nomen,"1. Ich wollte gerade parken. In dem Augenblick ist ein Wagen aus der Ausfahrt gekommen. 2. Einen Augenblick, bitte! 3. Im Augenblick sind keine Plätze frei.","der Augenblick, -e",B1.pdf
B1,aus,,"-den, -dan; içinden",,Sonstiges,1. Frau Müller geht jeden Morgen um 8 Uhr aus dem Haus. 2. Frau Özgen kommt aus der Türkei. 3. Die Möbel sind noch aus der Zeit um 1900. 4. Ich trage nur Pullover aus reiner Wolle. 5. Wir haben aus Liebe geheiratet. 6. Wann ist der Kurs aus? 7. Ich seh‘ nichts! Das Licht ist aus!,aus,B1.pdf
B1,Ausbildung,die,"meslek eğitimi, staj",-en,Nomen,1. Ich habe meine Ausbildung abgeschlossen. 2. Mit deiner guten Ausbildung findest du sicher eine Arbeit.,"die Ausbildung, -en",B1.pdf
B1,ausgebildet,,"eğitimli, yetişmiş",,Sonstiges,Für diesen Beruf müssen Sie gut ausgebildet sein.,ausgebildet,B1.pdf
B1,ausdrucken,,"yazdırmak, çıktı almak","druckt aus, druckte aus, hat ausgedruckt",Verb,Kann ich das auf deinem Drucker ausdrucken?,"ausdrucken, druckt aus, druckte aus, hat ausgedruckt",B1.pdf
B1,Ausdruck,der,"ifade, deyim, çıktı",¨-e,Nomen,1. Diesen Ausdruck habe ich noch nie gehört.,"der Ausdruck, ¨-e",B1.pdf
B1,Ausdruck,der,"ifade, deyim, çıktı",-e,Nomen,2. Machen Sie doch bitte einen Ausdruck von der E-Mail.,"der Ausdruck, -e",B1.pdf
B1,auseinander,,birbirinden ayrı,,Sonstiges,Wir wohnen nicht weit auseinander.,auseinander,B1.pdf
B1,Ausfahrt,die,"çıkış, araç çıkışı",-en,Nomen,"1. Hier ist eine Ausfahrt, da dürfen Sie nicht parken. 2. Wie weit ist es noch bis zur Ausfahrt Freiburg?","die Ausfahrt, -en",B1.pdf
B1,ausfallen,,"iptal olmak, gerçekleşmemek","fällt aus, fiel aus, ist ausgefallen",Verb,Nächste Woche fällt der Kurs aus.,"ausfallen, fällt aus, fiel aus, ist ausgefallen",B1.pdf
B1,Ausflug,der,gezi,¨-e,Nomen,Am Wochenende machen wir mit Freunden einen Ausflug nach Heidelberg.,"der Ausflug, ¨-e",B1.pdf
B1,ausfüllen,,doldurmak,"füllt aus, füllte aus, hat ausgefüllt",Verb,Füllen Sie bitte dieses Formular aus!,"ausfüllen, füllt aus, füllte aus, hat ausgefüllt",B1.pdf
B1,Ausgabe,die,"gider, harcama, baskı",-n,Nomen,1. Wie hoch sind Ihre Ausgaben in einem Monat? 2. Wo ist die Essensausgabe? 3. In welchem Buch hast du das gelesen? In welcher Ausgabe?,"die Ausgabe, -n",B1.pdf
B1,Ausgang,der,çıkış,¨-e,Nomen,Wo ist der Ausgang bitte?,"der Ausgang, ¨-e",B1.pdf
B1,ausgeben,,harcamak,"gibt aus, gab aus, hat ausgegeben",Verb,Carola gibt viel Geld für ihr Hobby aus.,"ausgeben, gibt aus, gab aus, hat ausgegeben",B1.pdf
B1,ausgehen,,"dışarı çıkmak, sönmek","geht aus, ging aus, ist ausgegangen",Verb,1. Plötzlich ist das Licht ausgegangen. 2. Gehen wir heute Abend aus? 3. Wie ist das Spiel ausgegangen?,"ausgehen, geht aus, ging aus, ist ausgegangen",B1.pdf
B1,ausgezeichnet,,"mükemmel, kusursuz",,Sonstiges,Essen und Unterkunft waren ausgezeichnet.,ausgezeichnet,B1.pdf
B1,Aushilfe,die,"yardımcı eleman, geçici çalışan",-n,Nomen,Wir suchen eine freundliche Aushilfe für unser Geschäft.,"die Aushilfe, -n",B1.pdf
B1,Auskunft,die,"bilgi, danışma",¨-e,Nomen,"1. Ich hätte gern eine Auskunft. 2. Die Firma hat eine neue Nummer. Bitte, rufen Sie die Auskunft an.","die Auskunft, ¨-e",B1.pdf
B1,Ausland,das,yurt dışı,,Nomen,Wir fahren im Urlaub meistens ins Ausland.,das Ausland,B1.pdf
B1,Ausländer,der,yabancı,"die Ausländerin, -nen ausländisch",Nomen,- Viele Ausländer und Ausländerinnen lernen in der Volkshochschule Deutsch. Die ausländischen Studenten müssen zuerst einen Deutschkurs besuchen.,"der Ausländer, die Ausländerin, -nen ausländisch",B1.pdf
B1,ausmachen,,kapatmak,"macht aus, machte aus, hat ausgemacht",Verb,"1. Sie müssen leider warten. – Kein Problem. Das macht mir nichts aus. 2. Machen Sie bitte das Licht aus! 3. Wir hatten doch ausgemacht, dass du die Getränke besorgst. 4. Haben Sie einen Termin ausgemacht?","ausmachen, macht aus, machte aus, hat ausgemacht",B1.pdf
B1,Ausnahme,die,istisna,-n,Nomen,Normalerweise muss ich am Wochenende arbeiten. Aber heute ist eine Ausnahme.,"die Ausnahme, -n",B1.pdf
B1,ausreichen,,"yetmek, yeterli olmak","reicht aus, reichte aus, hat ausgereicht",Verb,1. Das Geld muss bis März ausreichen. 2. Seine Kenntnisse reichen für diese Arbeit aus.,"ausreichen, reicht aus, reichte aus, hat ausgereicht",B1.pdf
B1,ausreichend,,yeterli,,Sonstiges,Das Geld ist für die Reise ausreichend.,ausreichend,B1.pdf
B1,ausrichten,,"iletmek, haber vermek","richtet aus, richtete aus, hat ausgerichtet",Verb,Mein Mann ist nicht da. Soll ich ihm etwas ausrichten?,"ausrichten, richtet aus, richtete aus, hat ausgerichtet",B1.pdf
B1,sich ausruhen,,dinlenmek,"ruht aus, ruhte aus, hat ausgeruht",Verb,1. Sie ruhen sich von der Arbeit aus. 2. Bist du gut ausgeruht?,"(sich) ausruhen, ruht aus, ruhte aus, hat ausgeruht",B1.pdf
B1,ausschließen,,"hariç tutmak, imkânsız kılmak","schließt aus, schloss aus, hat ausgeschlossen",Verb,1. Das kann man nicht ganz ausschließen. 2. So viel kann ich nicht bezahlen. Das ist völlig ausgeschlossen.,"ausschließen, schließt aus, schloss aus, hat ausgeschlossen",B1.pdf
B1,ausschließlich,,"sadece, yalnızca",,Sonstiges,Tut mir leid. Wir haben ausschließlich Nichtraucherzimmer.,ausschließlich,B1.pdf
B1,aussehen,,görünmek,"sieht aus, sah aus, hat ausgesehen",Verb,"1. Sie sehen wieder besser aus. Sind Sie wieder gesund? 2. Er sieht genauso aus wie sein Vater. 3. Es sieht so aus, als ob es bald regnen würde.","aussehen, sieht aus, sah aus, hat ausgesehen",B1.pdf
B1,außen,,"dışarıda, dıştan",,Sonstiges,1. Wir haben das Schloss nur von außen gesehen. 2. Außen ist das Haus nicht sehr schön.,außen,B1.pdf
B1,außerhalb,,dışında,,Sonstiges,Wir wohnen außerhalb von Berlin.,außerhalb,B1.pdf
B1,äußerlich,,"dıştan, harici",,Sonstiges,Das Medikament dürfen Sie nur äußerlich anwenden.,äußerlich,B1.pdf
B1,außer,,"dışında, hariç",,Sonstiges,1. Außer Lisa hat sich niemand um die Stelle beworben. 2. Der Aufzug ist außer Betrieb. 3. Wir haben täglich außer Samstag geöffnet.,außer,B1.pdf
B1,außerdem,,"ayrıca, bunun yanında",,Sonstiges,"1. Möchten Sie außerdem noch etwas? 2. Der Film war langweilig, und außerdem haben die Schauspieler schlecht gespielt.",außerdem,B1.pdf
B1,Aussicht,die,"manzara, gelecek beklentisi",-en,Nomen,1. Von diesem Turm hat man eine tolle Aussicht. 2. Mit mehreren Fremdsprachen hat man gute Aussichten im Beruf.,"die Aussicht, -en",B1.pdf
B1,aussprechen,,telaffuz etmek,"spricht aus, sprach aus, hat ausgesprochen",Verb,Wie spricht man dieses Wort aus?,"aussprechen, spricht aus, sprach aus, hat ausgesprochen",B1.pdf
B1,Aussprache,die,telaffuz,,Nomen,Ali hat eine gute Aussprache.,die Aussprache,B1.pdf
B1,ausstellen,,"sergilemek, düzenlemek","stellt aus, stellte aus, hat ausgestellt",Verb,1. Im Schaufenster sind Winterschuhe ausgestellt. 2. Das Zeugnis wird bis nächste Woche ausgestellt.,"ausstellen, stellt aus, stellte aus, hat ausgestellt",B1.pdf
B1,Ausstellung,die,sergi,-en,Nomen,1. Wir waren mit der Lehrerin in einer Ausstellung. 2. Die Ausstellung eines neuen Passes dauert zwei Wochen.,"die Ausstellung, -en",B1.pdf
B1,sich etwas) aussuchen,,seçmek,"sucht aus, suchte aus, hat ausgesucht",Verb,Such dir etwas Schönes aus! Ich lade dich ein.,"(sich etwas) aussuchen, sucht aus, suchte aus, hat ausgesucht",B1.pdf
B1,auswählen,,seçmek,"wählt aus, wählte aus, hat ausgewählt",Verb,Für die Aufgabe können Sie aus drei Themen auswählen.,"auswählen, wählt aus, wählte aus, hat ausgewählt",B1.pdf
B1,Auswahl,die,"seçim, çeşit",-en,Nomen,1. Wir müssen eine Auswahl aus den Büchern treffen. 2. Das Geschäft hat eine große Auswahl.,"die Auswahl, -en",B1.pdf
B1,Ausweis,der,"kimlik, kimlik kartı",-e,Nomen,Darf ich mal Ihren Ausweis sehen?,"der Ausweis, -e",B1.pdf
B1,ausziehen,,"çıkarmak, taşınmak","zieht aus, zog aus, hat/ist ausgezogen",Verb,1. Willst du den Mantel nicht ausziehen? 2. Müllers sind schon vor vier Wochen ausgezogen.,"ausziehen, zieht aus, zog aus, hat/ist ausgezogen",B1.pdf
B1,Auto,das,araba,-s,Nomen,Mario fährt mit dem Auto zur Arbeit.,"das Auto, -s",B1.pdf
B1,Autobahn,die,otoyol,-en,Nomen,Das Dorf liegt direkt an der Autobahn.,"die Autobahn, -en",B1.pdf
B1,Automat,der,otomat,-en,Nomen,1. Zigaretten bekommst du am Automaten. 2. Der Fahrkartenautomat ist auf dem Bahnsteig.,"der Automat, -en",B1.pdf
B1,automatisch,,otomatik olarak,,Sonstiges,1. Die Tür schließt automatisch. 2. Das Zeugnis bekommen Sie automatisch zugeschickt.,automatisch,B1.pdf
B1,Autor,der,yazar,-en,Nomen,Diese Autorin hat in diesem Jahr schon zwei Bücher geschrieben.,"der Autor, -en",B1.pdf
B1,Autorin,die,yazar,-nen,Nomen,Diese Autorin hat in diesem Jahr schon zwei Bücher geschrieben.,"die Autorin, -nen",B1.pdf
B1,backen,,"pişirmek, fırınlamak","bäckt/backt, backte, hat gebacken",Verb,"Wenn du kommst, backe ich einen Kuchen.","backen, bäckt/backt, backte, hat gebacken",B1.pdf
B1,Bäckerei,die,"fırın, pastane",-en,Nomen,Wir kaufen unser Brot immer in der Bäckerei am Markt.,"die Bäckerei, -en",B1.pdf
B1,baden,,"banyo yapmak, yıkanmak","badet, badete, hat gebadet",Verb,1. Wenn du baden möchtest: Das Badezimmer ist dort hinten links. 2. Hier ist Baden verboten!,"baden, badet, badete, hat gebadet",B1.pdf
B1,Bad,das,banyo,¨-er,Nomen,1. Nach einem warmen Bad fühlt man sich gleich viel besser. 2. Ich möchte ein Zimmer mit Bad.,"das Bad, ¨-er",B1.pdf
B1,Badewanne,die,küvet,-n,Nomen,Nach einem langen Arbeitstag setzte sie sich in die Badewanne.,"die Badewanne, -n",B1.pdf
B1,Bahn,die,"tren, demiryolu",-en,Nomen,Ich komme mit der Bahn.,"die Bahn, -en",B1.pdf
B1,S-Bahn,,banliyö treni,-en,Sonstiges,Die S-Bahn ist schneller als die Straßenbahn.,"S-Bahn, -en",B1.pdf
B1,Straßenbahn,die,tramvay,-en,Nomen,Nehmen Sie die Straßenbahn Nr. 16.,"die Straßenbahn, -en",B1.pdf
B1,U-Bahn,die,metro,-en,Nomen,Die letzte U-Bahn geht um 23.15 Uhr.,"die U-Bahn, -en",B1.pdf
B1,Bahnhof,der,"tren istasyonu, gar",¨-e,Nomen,Ich bringe Sie zum Bahnhof.,"der Bahnhof, ¨-e",B1.pdf
B1,Bahnsteig,der,peron,"-e (D, A) → CH: Perron",Nomen,Auf Hauptbahnhöfen gibt es meist viele Bahnsteige.,"der Bahnsteig, -e (D, A) → CH: Perron",B1.pdf
B1,bald,,yakında,,Sonstiges,"1. Besuchen Sie uns doch bald mal. 2. Geben Sie mir bitte so bald wie möglich Bescheid. 3. Auf Wiedersehen, bis bald!",bald,B1.pdf
B1,Balkon,der,balkon,-e,Nomen,Die Wohnung hat auch einen kleinen Balkon.,"der Balkon, -e",B1.pdf
B1,Ball,der,top,¨-e,Nomen,Ich spiele gern mit meinen Kindern Ball.,"der Ball, ¨-e",B1.pdf
B1,Ballett,das,bale,-e,Nomen,Meine Tochter möchte gern Ballett tanzen.,"das Ballett, -e",B1.pdf
B1,Banane,die,muz,-n,Nomen,"1 Kilo Bananen, bitte.","die Banane, -n",B1.pdf
B1,Bank,die,"banka, bank",¨-e,Nomen,"Kommt, wir setzen uns auf die Bank da vorne.","die Bank, ¨-e",B1.pdf
B1,Bank,die,"banka, bank",-en,Nomen,Bei welcher Bank haben Sie Ihr Konto?,"die Bank, -en",B1.pdf
B1,Bancomat/Bankomat,der,"ATM, bankamatik","→ -en (A, CH) D: Geldautomat",Nomen,Ich hole noch schnell Geld vom Bankomaten.,"der Bancomat/Bankomat, → -en (A, CH) D: Geldautomat",B1.pdf
B1,Bankleitzahl,die,banka kodu,-en,Nomen,Bitte geben Sie Ihre Bankleitzahl an.,"die Bankleitzahl, -en",B1.pdf
B1,Bankomat-Karte,die,banka kartı,-n → (A) ec-Karte/EC-Karte,Nomen,Sie können auch mit Bankomat-Karte zahlen.,"die Bankomat-Karte, -n → (A) ec-Karte/EC-Karte",B1.pdf
B1,Bar,die,bar,-s,Nomen,1. Setzen wir uns doch an die Bar! 2. Ich treffe meine Freundin in der Hotelbar.,"die Bar, -s",B1.pdf
B1,bar,,"nakit, peşin",,Sonstiges,Zahlen Sie bar?,bar,B1.pdf
B1,Bargeld,das,nakit para,,Nomen,Ich habe kein Bargeld mehr.,das Bargeld,B1.pdf
B1,Bart,der,sakal,¨-e,Nomen,John trägt jetzt einen Bart.,"der Bart, ¨-e",B1.pdf
B1,Basketball,der,basketbol,¨-e,Nomen,1. Sie spielt sehr gern Basketball. 2. Er hat zum Geburtstag einen neuen Basketball bekommen.,"der Basketball, ¨-e",B1.pdf
B1,basteln,,el işi yapmak,"bastelt, bastelte, hat gebastelt",Verb,1. Die Kinder basteln ein Vogelhaus. 2. Ich arbeite gern mit natürlichen Bastelmaterialien.,"basteln, bastelt, bastelte, hat gebastelt",B1.pdf
B1,Batterie,die,"pil, batarya",-n,Nomen,Bringst du bitte Batterien für die Kamera mit?,"die Batterie, -n",B1.pdf
B1,Bauch,der,karın,¨-e,Nomen,Mir tut der Bauch weh.,"der Bauch, ¨-e",B1.pdf
B1,bauen,,"inşa etmek, yapmak","baut, baute, hat gebaut",Verb,Mein Nachbar hat ein Haus gebaut.,"bauen, baut, baute, hat gebaut",B1.pdf
B1,Bau,der,"yapı, inşaat",Bauten,Nomen,1. Ich wohne in einer Neubauwohnung. 2. Unser Haus ist ein Altbau.,"der Bau, Bauten",B1.pdf
B1,Baustelle,die,"inşaat alanı, şantiye",-n,Nomen,Wir müssen die Baustelle umfahren.,"die Baustelle, -n",B1.pdf
B1,Bauer,der,çiftçi,-n,Nomen,Wir kaufen unser Gemüse beim Bauern.,"der Bauer, -n",B1.pdf
B1,Baum,der,ağaç,¨-e,Nomen,Wir haben zwei Bäume im Garten.,"der Baum, ¨-e",B1.pdf
B1,beachten,,"dikkat etmek, uymak","beachtet, beachtete, hat beachtet",Verb,Bitte beachten Sie die Ansagen am Bahnsteig.,"beachten, beachtet, beachtete, hat beachtet",B1.pdf
B1,Beamte,der,memur,-n,Nomen,Meine Frau ist Beamtin bei der Polizei.,"der Beamte, -n",B1.pdf
B1,Beamtin,die,memur,-nen,Nomen,Meine Frau ist Beamtin bei der Polizei.,"die Beamtin, -nen",B1.pdf
B1,beantragen,,başvurmak,"beantragt, beantragte, hat beantragt",Verb,Hast du schon einen neuen Pass beantragt?,"beantragen, beantragt, beantragte, hat beantragt",B1.pdf
B1,beantworten,,"cevaplamak, yanıtlamak","beantwortet, beantwortete, hat beantwortet",Verb,Sie haben meine Frage leider nicht beantwortet.,"beantworten, beantwortet, beantwortete, hat beantwortet",B1.pdf
B1,sich bedanken,,teşekkür etmek,"bedankt, bedankte, hat bedankt",Verb,Ich möchte mich noch einmal sehr herzlich für Ihre Hilfe bedanken.,"sich bedanken, bedankt, bedankte, hat bedankt",B1.pdf
B1,Bedarf,der,"ihtiyaç, talep",,Nomen,An diesem Produkt besteht großer Bedarf.,der Bedarf,B1.pdf
B1,bedeuten,,anlamına gelmek,"bedeutet, bedeutete, hat bedeutet",Verb,"1. Was bedeutet dieses Wort? 2. Ich bin krank. Das bedeutet, dass ich heute nicht arbeiten kann.","bedeuten, bedeutet, bedeutete, hat bedeutet",B1.pdf
B1,Bedeutung,die,anlam,-en,Nomen,Das Wort „Maus“ hat inzwischen zwei Bedeutungen.,"die Bedeutung, -en",B1.pdf
B1,bedienen,,"hizmet etmek, kullanmak","bedient, bediente, hat bedient",Verb,1. Werden Sie schon bedient? 2. Die Kaffeemaschine ist ganz leicht zu bedienen.,"bedienen, bedient, bediente, hat bedient",B1.pdf
B1,Bedienungsanleitung,die,kullanım kılavuzu,-en,Nomen,Die Bedienungsanleitung verstehe ich nicht.,"die Bedienungsanleitung, -en",B1.pdf
B1,Bedingung,die,"şart, koşul",-en,Nomen,"1. Wenn Sie unsere Bedingungen akzeptieren, können wir einen Vertrag machen. 2. Wir haben in unserem Betrieb sehr gute Arbeitsbedingungen.","die Bedingung, -en",B1.pdf
B1,sich beeilen,,acele etmek,"beeilt sich, beeilte sich, hat sich beeilt",Verb,Wir müssen uns beeilen. Sonst verpassen wir den Zug.,"sich beeilen, beeilt sich, beeilte sich, hat sich beeilt",B1.pdf
B1,beenden,,"bitirmek, sona erdirmek","beendet, beendete, hat beendet",Verb,Du musst deine Ausbildung auf jeden Fall beenden.,"beenden, beendet, beendete, hat beendet",B1.pdf
B1,sich befinden,,bulunmak,"befindet sich, befand sich, hat sich befunden",Verb,Das Bord-Bistro befindet sich in der Mitte des Zuges.,"sich befinden, befindet sich, befand sich, hat sich befunden",B1.pdf
B1,befreit,,muaf,,Sonstiges,Studenten und Studentinnen sind von den Rundfunk-Gebühren befreit.,befreit,B1.pdf
B1,befriedigend,,tatmin edici,,Sonstiges,Das Ergebnis ist befriedigend.,befriedigend,B1.pdf
B1,begegnen,,"rastlamak, karşılaşmak","begegnet, begegnete, ist begegnet",Verb,Sind wir uns nicht schon mal irgendwann begegnet?,"begegnen, begegnet, begegnete, ist begegnet",B1.pdf
B1,begeistert,,"hayran, coşkulu",,Sonstiges,Es war ein tolles Konzert. Ich bin begeistert.,begeistert,B1.pdf
B1,beginnen,,başlamak,"beginnt, begann, hat begonnen",Verb,In zwei Wochen beginnen die Sommerferien.,"beginnen, beginnt, begann, hat begonnen",B1.pdf
B1,Beginn,der,başlangıç,,Nomen,Zu Beginn der Stunde begrüßt die Lehrerin ihre Schüler.,der Beginn,B1.pdf
B1,begleiten,,eşlik etmek,"begleitet, begleitete, hat begleitet",Verb,Ich begleite dich ein Stück.,"begleiten, begleitet, begleitete, hat begleitet",B1.pdf
B1,begrenzt,,sınırlı,,Sonstiges,Die Teilnehmerzahl ist auf 12 begrenzt.,begrenzt,B1.pdf
B1,begründen,,"gerekçelendirmek, açıklamak","begründet, begründete, hat begründet",Verb,Bitte begründen Sie Ihre Meinung.,"begründen, begründet, begründete, hat begründet",B1.pdf
B1,Begründung,die,"gerekçe, sebep",-en,Nomen,Die Miete wurde ohne Begründung erhöht.,"die Begründung, -en",B1.pdf
B1,begrüßen,,"selamlamak, karşılamak","begrüßt, begrüßte, hat begrüßt",Verb,Der Gastgeber begrüßt seine Gäste.,"begrüßen, begrüßt, begrüßte, hat begrüßt",B1.pdf
B1,behalten,,"saklamak, alıkoymak","behält, behielt, hat behalten",Verb,Darf ich die Zeitschrift behalten?,"behalten, behält, behielt, hat behalten",B1.pdf
B1,behandeln,,"tedavi etmek, davranmak","behandelt, behandelte, hat behandelt",Verb,1. Welcher Arzt hat Sie bis jetzt behandelt? 2. So lasse ich mich von Ihnen nicht länger behandeln.,"behandeln, behandelt, behandelte, hat behandelt",B1.pdf
B1,behaupten,,iddia etmek,"behauptet, behauptete, hat behauptet",Verb,"1. Er behauptet, unsere Meinung sei nicht wichtig. 2. Es ist schwer, sich gegen meinen Kollegen zu behaupten.","behaupten, behauptet, behauptete, hat behauptet",B1.pdf
B1,behindern,,engellemek,"behindert, behinderte, hat behindert behindert",Verb,"1. Bitte parken Sie so, dass Sie niemanden behindern. 2. Seit dem Unfall ist das Kind unserer Freunde behindert.","behindern, behindert, behinderte, hat behindert behindert",B1.pdf
B1,Behörde,die,"resmi daire, kurum",-n,Nomen,Sie erhalten ein Schreiben von der zuständigen Behörde.,"die Behörde, -n",B1.pdf
B1,bei,,"yanında, -de",,Sonstiges,1. Potsdam liegt bei Berlin. 2. Ich wohne bei meinen Eltern. 3. Bei uns ist das anders als bei euch. Wir essen kein Fleisch. 4. Ich habe kein Geld bei mir. 5. Wir wollen euch nicht beim Essen stören.,bei,B1.pdf
B1,beid-,,"her iki, ikisi de",,Sonstiges,"1. Beide waren mit meinem Vorschlag einverstanden. 2. Welche Bluse nehmen Sie, die rote oder die grüne? – Ich nehme beide.",beid-,B1.pdf
B1,Bein,das,bacak,-e,Nomen,Andreas hat sich das Bein gebrochen.,"das Bein, -e",B1.pdf
B1,beinahe,,neredeyse,,Sonstiges,Ich habe heute beinahe den Bus verpasst.,beinahe,B1.pdf
B1,Beispiel,das,örnek,-e,Nomen,"1. Können Sie mir ein Beispiel sagen? 2. Mein Freund hat viele Hobbys wie zum Beispiel Kochen, Tanzen, Fußballspielen. 3. Hier gibt’s so viele Sachen: beispielsweise Wurst, Obst, Brot …","das Beispiel, -e",B1.pdf
B1,beißen,,ısırmak,"beißt, biss, hat gebissen",Verb,"Pass auf, dass dich der Hund nicht beißt!","beißen, beißt, biss, hat gebissen",B1.pdf
B1,Beitrag,der,"katkı payı, aidat",¨-e,Nomen,1. Die Krankenkasse hat die Beiträge erhöht. 2. Der Mitgliedsbeitrag für den Sportverein beträgt 34 Euro pro Monat.,"der Beitrag, ¨-e",B1.pdf
B1,bekannt,,"tanınmış, bilinen",,Sonstiges,1. Ein Onkel von mir ist ein bekannter Politiker. 2. Dieses Lied ist sehr bekannt.,bekannt,B1.pdf
B1,Bekannte,der,tanıdık,-n,Nomen,In Hannover wohnen Bekannte von mir.,"der Bekannte, -n",B1.pdf
B1,Bekannte,die,tanıdık,-n,Nomen,In Hannover wohnen Bekannte von mir.,"die Bekannte, -n",B1.pdf
B1,bekannt geben,,"duyurmak, bildirmek","gibt bekannt, gab bekannt, hat bekannt gegeben",Verb,Den Prüfungsort geben wir Ihnen noch rechtzeitig bekannt.,"bekannt geben, gibt bekannt, gab bekannt, hat bekannt gegeben",B1.pdf
B1,bekommen,,"almak, elde etmek","bekommt, bekam, hat bekommen",Verb,1. Haben Sie meinen Brief bekommen? 2. Ich bekomme jeden Tag eine Spritze. 3. Was bekommen Sie? – 5 kg Kartoffeln. 4. Wir haben Besuch bekommen.,"bekommen, bekommt, bekam, hat bekommen",B1.pdf
B1,Beleg,der,"belge, makbuz, fiş",-e,Nomen,5. Laut Wetterbericht bekommen wir Regen. 6. Plötzlich bekam ich starke Kopfschmerzen. Brauchen Sie einen Beleg?,"der Beleg, -e",B1.pdf
B1,beleidigen,,"hakaret etmek, gücendirmek","beleidigt, beleidigte, hat beleidigt",Verb,1. Ich wollte Sie nicht beleidigen. 2. Sei doch nicht immer gleich beleidigt.,"beleidigen, beleidigt, beleidigte, hat beleidigt",B1.pdf
B1,beliebt,,"sevilen, popüler",,Sonstiges,Dieses Spiel ist bei Jugendlichen sehr beliebt.,beliebt,B1.pdf
B1,bemerken,,fark etmek,"bemerkt, bemerkte, hat bemerkt",Verb,"Ich habe nicht bemerkt, dass das Fenster offen ist.","bemerken, bemerkt, bemerkte, hat bemerkt",B1.pdf
B1,sich bemühen,,"çaba göstermek, uğraşmak","bemüht, bemühte, hat bemüht",Verb,"1. Er hat sich sehr bemüht, etwas Gutes zu kochen. 2. Ich werde mich um einen Termin bemühen.","sich bemühen, bemüht, bemühte, hat bemüht",B1.pdf
B1,benötigen,,"ihtiyaç duymak, gerektirmek","benötigt, benötigte, hat benötigt",Verb,"Sagen Sie Bescheid, wenn Sie noch etwas benötigen.","benötigen, benötigt, benötigte, hat benötigt",B1.pdf
B1,benutzen,,kullanmak,"benutzt, benutzte, hat benutzt",Verb,Benutzen Sie bitte die öffentlichen Verkehrsmittel.,"benutzen, benutzt, benutzte, hat benutzt",B1.pdf
B1,Benzin,das,benzin,,Nomen,Das Benzin soll wieder teurer werden.,das Benzin,B1.pdf
B1,beobachten,,"gözlemlemek, izlemek","beobachtet, beobachtete, hat beobachtet",Verb,Wer hat den Unfall beobachtet?,"beobachten, beobachtet, beobachtete, hat beobachtet",B1.pdf
B1,bequem,,rahat,,Sonstiges,1. Meine Kinder ziehen am liebsten bequeme Sachen an. 2. Im Supermarkt einkaufen ist sehr bequem. 3. Diesen Sessel finde ich sehr bequem.,bequem,B1.pdf
B1,beraten,,"danışmanlık yapmak, tavsiye vermek","berät, beriet, hat beraten",Verb,"Unser Personal berät Sie gern, wenn Sie Fragen haben.","beraten, berät, beriet, hat beraten",B1.pdf
B1,Beratung,die,danışmanlık,,Nomen,Beratungen für Familien gibt es jeden Dienstag zwischen 14 und 16 Uhr.,die Beratung,B1.pdf
B1,berechnen,,hesaplamak,"berechnet, berechnete, hat berechnet",Verb,Die Kosten für die Fahrt müssen erst berechnet werden.,"berechnen, berechnet, berechnete, hat berechnet",B1.pdf
B1,Bereich,der,"alan, bölge",-e,Nomen,1. In welchem Bereich möchten Sie arbeiten? 2. Umfahren Sie den Baustellenbereich.,"der Bereich, -e",B1.pdf
B1,bereit,,hazır,,Sonstiges,"1. Ich bin jederzeit bereit, dir zu helfen. 2. Das Paket liegt auf der Post für Sie bereit.",bereit,B1.pdf
B1,bereits,,"zaten, şimdiden",,Sonstiges,Bitte melde dich bei Frau Kaiser. Sie hat bereits dreimal angerufen.,bereits,B1.pdf
B1,Berg,der,dağ,-e,Nomen,1. Die Zugspitze ist der höchste Berg in Deutschland. 2. Wir fahren jeden Sonntag in die Berge.,"der Berg, -e",B1.pdf
B1,berichten,,"bildirmek, haber vermek","berichtet, berichtete, hat berichtet",Verb,3. Auf dem Berg haben wir ein Picknick gemacht. Alle Zeitungen haben über den Unfall berichtet.,"berichten, berichtet, berichtete, hat berichtet",B1.pdf
B1,Bericht,der,rapor,-e,Nomen,Ich habe gestern einen interessanten Bericht gelesen.,"der Bericht, -e",B1.pdf
B1,Beruf,der,meslek,-e,Nomen,Was sind Sie von Beruf?,"der Beruf, -e",B1.pdf
B1,beruflich,,mesleki,,Sonstiges,Was machen Sie beruflich?,beruflich,B1.pdf
B1,berufstätig,,"çalışan, meslek sahibi",,Sonstiges,Sind Sie berufstätig?,berufstätig,B1.pdf
B1,beruhigen,,"sakinleştirmek, yatıştırmak","beruhigt, beruhigte, hat beruhigt",Verb,1. Beruhigen Sie sich bitte. Es ist alles in Ordnung. 2. Ich kann Sie beruhigen. Ihrem Sohn ist nichts passiert.,"beruhigen, beruhigt, beruhigte, hat beruhigt",B1.pdf
B1,berühmt,,"ünlü, meşhur",,Sonstiges,Michael Schumacher ist ein berühmter Rennfahrer.,berühmt,B1.pdf
B1,beschädigen,,"zarar vermek, hasar vermek","beschädigt, beschädigte, hat beschädigt",Verb,"Bitte machen Sie eine Liste davon, was die Einbrecher beschädigt haben.","beschädigen, beschädigt, beschädigte, hat beschädigt",B1.pdf
B1,beschäftigen,,"meşgul etmek, istihdam etmek","beschäftigt, beschäftigte, hat beschäftigt",Verb,1. Womit haben Sie sich bei Ihrer Arbeit beschäftigt? 2. Seit wann sind Sie bei dieser Firma beschäftigt?,"beschäftigen, beschäftigt, beschäftigte, hat beschäftigt",B1.pdf
B1,Beschäftigung,die,"iş, istihdam",,Nomen,"Ich suche eine Halbtagsbeschäftigung, weil ich ein kleines Kind habe.",die Beschäftigung,B1.pdf
B1,Bescheid,der,"haber, bilgi",-e,Nomen,Den endgültigen Bescheid erhalten Sie in etwa vier Wochen.,"der Bescheid, -e",B1.pdf
B1,Bescheid sagen,,haber vermek,,Sonstiges,Ich erkundige mich nach den Terminen und sage Ihnen dann Bescheid.,Bescheid sagen,B1.pdf
B1,Bescheid geben,,"haber vermek, bilgi vermek",,Sonstiges,Kannst du mir bis morgen Bescheid geben?,Bescheid geben,B1.pdf
B1,beschließen,,karar vermek,"beschließt, beschloss, hat beschlossen",Verb,"Wir haben beschlossen, uns ein kleineres Auto zu kaufen.","beschließen, beschließt, beschloss, hat beschlossen",B1.pdf
B1,beschränken,,sınırlamak,,Sonstiges,Die Teilnehmerzahl für den Kurs ist beschränkt.,beschränken,B1.pdf
B1,beschreiben,,"tarif etmek, tanımlamak","beschreibt, beschrieb, hat beschrieben",Verb,Kannst du mir den Weg zum Flughafen beschreiben?,"beschreiben, beschreibt, beschrieb, hat beschrieben",B1.pdf
B1,Beschreibung,die,"açıklama, tarif",-en,Nomen,Eine Beschreibung des Geräts liegt bei.,"die Beschreibung, -en",B1.pdf
B1,sich beschweren,,şikayet etmek,"beschwert sich, beschwerte sich, hat sich beschwert",Verb,Wo können wir uns beschweren?,"sich beschweren, beschwert sich, beschwerte sich, hat sich beschwert",B1.pdf
B1,besetzen,,"işgal etmek, dolu olmak","besetzt, besetzte, hat besetzt",Verb,1. Dieser Platz ist besetzt. 2. Ich habe drei Plätze besetzt. 3. Ich habe jetzt schon dreimal dort angerufen. Es ist immer besetzt.,"besetzen, besetzt, besetzte, hat besetzt",B1.pdf
B1,besichtigen,,"gezmek, ziyaret etmek","besichtigt, besichtigte, hat besichtigt besitzen, besitzt, besaß, hat besessen",Verb,Im Urlaub haben wir Schloss Schönbrunn besichtigt. Besitzt Ihre Frau ein eigenes Auto?,"besichtigen, besichtigt, besichtigte, hat besichtigt besitzen, besitzt, besaß, hat besessen",B1.pdf
B1,besonder-,,"özel, belirli",,Sonstiges,Meine Eltern wollten uns mit dieser Reise eine ganz besondere Freude machen.,besonder-,B1.pdf
B1,besonders,,özellikle,,Sonstiges,1. Ich habe heute ein besonders günstiges Angebot gesehen. 2. Durch den Sturm gab es besonders in Süddeutschland schwere Schäden. 3. Wie geht’s? – Nicht besonders.,besonders,B1.pdf
B1,besorgen,,"temin etmek, sağlamak","besorgt, besorgte, hat besorgt",Verb,Soll ich die Eintrittskarten besorgen?,"besorgen, besorgt, besorgte, hat besorgt",B1.pdf
B1,besprechen,,"görüşmek, tartışmak","bespricht, besprach, hat besprochen",Verb,"Wir müssen noch genau besprechen, wann wir losfahren und was wir mitnehmen.","besprechen, bespricht, besprach, hat besprochen",B1.pdf
B1,Besprechung,die,"toplantı, görüşme",-en,Nomen,"Tut mir leid, Herr Schmidt ist noch in einer Besprechung.","die Besprechung, -en",B1.pdf
B1,Besserung,die,iyileşme,,Nomen,Gute Besserung!,die Besserung,B1.pdf
B1,bestätigen,,"onaylamak, doğrulamak","bestätigt, bestätigte, hat bestätigt",Verb,"1. Die Firma hat mir den Termin schriftlich bestätigt. 2. Ich kann bestätigen, dass er hier war.","bestätigen, bestätigt, bestätigte, hat bestätigt",B1.pdf
B1,Bestätigung,die,"onay, teyit",-en,Nomen,Ich brauche eine schriftliche Bestätigung für das Amt.,"die Bestätigung, -en",B1.pdf
B1,bestehen,,"geçmek, oluşmak","besteht, bestand, hat bestanden",Verb,1. Das Modul Lesen besteht aus fünf Teilen. 2. Ich habe die Prüfung bestanden!,"bestehen, besteht, bestand, hat bestanden",B1.pdf
B1,bestellen,,"sipariş etmek, ısmarlamak","bestellt, bestellte, hat bestellt",Verb,1. Wir haben Pizza bestellt. 2. Ich bin für 16 Uhr zum Vorstellungsgespräch bestellt. 3. Ich soll Ihnen Grüße von Frau Meier bestellen.,"bestellen, bestellt, bestellte, hat bestellt",B1.pdf
B1,bestimmt,,"belirli, kesinlikle",,Sonstiges,1. Das hat Nancy bestimmt nicht so gemeint. 2. Möchtest du ein bestimmtes Brot?,bestimmt,B1.pdf
B1,bestrafen,,cezalandırmak,"bestraft, bestrafte, hat bestraft",Verb,Zu schnelles Fahren wird streng bestraft.,"bestrafen, bestraft, bestrafte, hat bestraft",B1.pdf
B1,besuchen,,ziyaret etmek,"besucht, besuchte, hat besucht",Verb,1. Besuchen Sie uns doch mal. 2. Sie müssen noch einen Kurs besuchen.,"besuchen, besucht, besuchte, hat besucht",B1.pdf
B1,Besuch,der,ziyaret,-e,Nomen,1. Wir bekommen Besuch. 2. Ich mache einen Besuch im Krankenhaus. 3. Ich bin hier nur zu Besuch.,"der Besuch, -e",B1.pdf
B1,sich beteiligen,,katılmak,"beteiligt sich, beteiligte sich, hat sich beteiligt",Verb,Wir wollen unserer Lehrerin ein Geschenk kaufen. Wer möchte sich beteiligen?,"sich beteiligen, beteiligt sich, beteiligte sich, hat sich beteiligt",B1.pdf
B1,Betrag,der,"tutar, meblağ",¨-e,Nomen,Bitte überweisen Sie den Betrag auf unser Konto.,"der Betrag, ¨-e",B1.pdf
B1,betreuen,,"bakmak, ilgilenmek","betreut, betreute, hat betreut",Verb,Wer betreut bei Ihnen die Kinder?,"betreuen, betreut, betreute, hat betreut",B1.pdf
B1,Betreuer,der,"bakıcı, gözetmen","die Betreuerin, -nen",Nomen,- Die Betreuerin der Kinder ist sehr nett.,"der Betreuer, die Betreuerin, -nen",B1.pdf
B1,Betreuung,die,bakım,,Nomen,Haben Sie eine Betreuung für Ihre Kinder?,die Betreuung,B1.pdf
B1,Betrieb,der,"işletme, firma, hareketlilik",-e,Nomen,1. In diesem Betrieb arbeiten zehn Leute. 2. Kurz vor Weihnachten ist in den Kaufhäusern immer viel Betrieb. 3. Der Aufzug ist in Betrieb/außer Betrieb.,"der Betrieb, -e",B1.pdf
B1,Betriebsrat,der,işçi konseyi,¨-e,Nomen,Der Betriebsrat wird Sie über die neuen Arbeitszeiten informieren.,"der Betriebsrat, ¨-e",B1.pdf
B1,Betriebsrätin,die,işçi konseyi üyesi,-nen,Nomen,Der Betriebsrat wird Sie über die neuen Arbeitszeiten informieren.,"die Betriebsrätin, -nen",B1.pdf
B1,betrügen,,"aldatmak, dolandırmak","betrügt, betrog, hat betrogen",Verb,1. Ich würde meine Familie niemals betrügen. 2. Die Rechnung stimmt nicht. Der Kellner hat mich betrogen.,"betrügen, betrügt, betrog, hat betrogen",B1.pdf
B1,betrunken,,sarhoş,,Sonstiges,"Wenn Sie betrunken Auto fahren, verlieren Sie Ihren Führerschein.",betrunken,B1.pdf
B1,Bett,das,yatak,-en,Nomen,"1. Wir wollten uns neue Betten kaufen. 2. Solange Sie Fieber haben, müssen Sie im Bett bleiben.","das Bett, -en",B1.pdf
B1,Bevölkerung,die,nüfus,,Nomen,11 % der Bevölkerung wurden nicht im Inland geboren.,die Bevölkerung,B1.pdf
B1,bevor,,-meden önce,,Sonstiges,"Bevor wir gehen, möchte ich noch etwas essen.",bevor,B1.pdf
B1,bewegen,,"hareket ettirmek, kımıldatmak","bewegt, bewegte, hat bewegt",Verb,1. Ich kann mich vor Schmerzen kaum noch bewegen. 2. Ich kann meinen Finger nicht mehr bewegen.,"bewegen, bewegt, bewegte, hat bewegt",B1.pdf
B1,Bewegung,die,hareket,-en,Nomen,Sie brauchen mehr Bewegung. Sie müssen regelmäßig spazieren gehen.,"die Bewegung, -en",B1.pdf
B1,beweisen,,"kanıtlamak, ispatlamak","beweist, bewies, hat bewiesen",Verb,"Wir können beweisen, dass Sie bei Rot über die Ampel gefahren sind.","beweisen, beweist, bewies, hat bewiesen",B1.pdf
B1,Beweis,der,"kanıt, delil",-e,Nomen,Haben Sie dafür Beweise?,"der Beweis, -e",B1.pdf
B1,sich bewerben,,başvurmak,"bewirbt sich, bewarb sich, hat sich beworben",Verb,1. Ich habe mich um diese Stelle beworben. 2. Ich habe mich als Kellner beworben.,"sich bewerben, bewirbt sich, bewarb sich, hat sich beworben",B1.pdf
B1,Bewerbung,die,başvuru,-en,Nomen,1. Wohin soll ich meine Bewerbung schicken? 2. Hilfst du mir bei meiner Bewerbung?,"die Bewerbung, -en",B1.pdf
B1,Bewohner,der,"sakin, oturan kişi",-,Nomen,Ich kenne die anderen Hausbewohner nicht.,"der Bewohner, -",B1.pdf
B1,Bewohnerin,die,"sakin, oturan kadın",-nen,Nomen,Ich kenne die anderen Hausbewohner nicht.,"die Bewohnerin, -nen",B1.pdf
B1,bezahlen,,ödemek,"bezahlt, bezahlte, hat bezahlt",Verb,Hast du die Rechnung schon bezahlt?,"bezahlen, bezahlt, bezahlte, hat bezahlt",B1.pdf
B1,Beziehung,die,ilişki,-en,Nomen,Wir haben gute Beziehungen zu unseren Nachbarn.,"die Beziehung, -en",B1.pdf
B1,Bibliothek,die,kütüphane,-en,Nomen,Die Stadtbibliothek hat bereits geschlossen.,"die Bibliothek, -en",B1.pdf
B1,Bier,das,bira,,Nomen,"Ein Bier, bitte!",das Bier,B1.pdf
B1,bieten,,"sunmak, teklif etmek","bietet, bot, hat geboten",Verb,"1. Er hat mir für den alten Wagen noch 800 Euro geboten. 2. Die Firma bietet ihren Mitarbeitern die Möglichkeit, Sprachkurse zu besuchen.","bieten, bietet, bot, hat geboten",B1.pdf
B1,Bild,das,resim,-er,Nomen,Ein Bild von meinen Kindern hängt über meinem Schreibtisch.,"das Bild, -er",B1.pdf
B1,Bildschirm,der,ekran,-e,Nomen,1. Ich brauche einen größeren Bildschirm für meinen Computer. 2. Wir haben einen Fernsehapparat mit einem sehr großen Bildschirm.,"der Bildschirm, -e",B1.pdf
B1,Billett,das,bilet,"-e/-s → D, A: Fahrkarte",Nomen,Ein Billett können Sie am Schalter kaufen.,"das Billett, -e/-s → D, A: Fahrkarte",B1.pdf
B1,billig,,ucuz,,Sonstiges,Dieses Buch ist nicht ganz billig.,billig,B1.pdf
B1,Biologie,die,biyoloji,,Nomen,Meine Freundin studiert Biologie.,die Biologie,B1.pdf
B1,Bio-,,organik,,Sonstiges,Ich kaufe nur noch Biogemüse.,Bio-,B1.pdf
B1,bio(logisch),,"organik, biyolojik",,Sonstiges,Biologische Lebensmittel gibt es jetzt auch im Supermarkt.,bio(logisch),B1.pdf
B1,Birne,die,armut,-n,Nomen,Möchten Sie Obst? Die Birnen sind heute besonders schön.,"die Birne, -n",B1.pdf
B1,bis,,-e kadar,,Sonstiges,"1. Die Linie 8 fährt nur bis zum Hauptbahnhof. 2. Bis wann können Sie bleiben? 3. Tschüs. Bis gleich! 4. Einige Züge hatten bis zu zwei Stunden Verspätung. 5. Für die Renovierung brauchen wir drei bis vier Tage. 6. Warte hier, bis ich zurückkomme.",bis,B1.pdf
B1,bisher,,şimdiye kadar,,Sonstiges,Bisher ist alles in Ordnung.,bisher,B1.pdf
B1,ein bisschen,,biraz,,Sonstiges,"1. Wenn Sie ein bisschen warten, können wir zusammen gehen. 2. Möchten Sie noch ein bisschen Reis? 3. Können Sie bitte ein bisschen lauter sprechen? 4. Sprechen Sie Englisch? – Ein bisschen.",ein bisschen,B1.pdf
B1,bitten,,rica etmek,"bittet, bat, hat gebeten",Verb,"Darf ich Sie bitten, kurz zuzuhören?","bitten, bittet, bat, hat gebeten",B1.pdf
B1,Bitte,die,rica,-n,Nomen,Ich habe eine Bitte. Kann ich mal Ihr Handy benutzen?,"die Bitte, -n",B1.pdf
B1,bitte,,lütfen,,Sonstiges,"1. Eine Tasse Kaffee, bitte! 2. Bitte schön! 3. Wie bitte? Was haben Sie gesagt? 4. Sprechen Sie bitte langsam.",bitte,B1.pdf
B1,bitter,,acı,,Sonstiges,Hast du Zucker? Der Tee ist sehr bitter.,bitter,B1.pdf
B1,blass,,"solgun, soluk",,Sonstiges,Du siehst ganz blass aus. Bist du krank?,blass,B1.pdf
B1,Blatt,das,"yaprak, kağıt yaprağı",¨-er,Nomen,1. Die Bäume bekommen schon gelbe Blätter. 2. Haben Sie ein Blatt Papier für mich?,"das Blatt, ¨-er",B1.pdf
B1,bleiben,,kalmak,"bleibt, blieb, ist geblieben",Verb,1. Ich bleibe heute zu Hause. 2. Im Juni und Juli bleibt unser Geschäft samstags geschlossen. 3. Bleiben Sie bitte am Apparat. 4. Bleiben Sie doch sitzen! 5. Wir bleiben nur bis morgen.,"bleiben, bleibt, blieb, ist geblieben",B1.pdf
B1,Bleistift,der,kurşun kalem,-e,Nomen,Hast du einen Bleistift für mich?,"der Bleistift, -e",B1.pdf
B1,Blick,der,"bakış, manzara",-e,Nomen,Von hier hat man einen tollen Blick über die Stadt.,"der Blick, -e",B1.pdf
B1,blind,,kör,,Sonstiges,Er ist von Geburt an blind.,blind,B1.pdf
B1,blitzen,,"şimşek çakmak, parlamak","blitzt, blitzte, hat geblitzt",Verb,1. Gestern Abend gab es ein Gewitter. Es hat furchtbar geblitzt und gedonnert. 2. Ihre Augen blitzen vor Freude.,"blitzen, blitzt, blitzte, hat geblitzt",B1.pdf
B1,Blitz,der,"şimşek, flaş",-e,Nomen,"1. Was für ein Gewitter, hast du den Blitz gesehen? 2. Hast du das Foto mit Blitz gemacht?","der Blitz, -e",B1.pdf
B1,blond,,sarışın,,Sonstiges,1. Mein Sohn ist blond. 2. Nina hat lange blonde Haare.,blond,B1.pdf
B1,bloß,,"sadece, yalnızca",,Sonstiges,"1. Ich möchte nichts kaufen. Ich möchte mich bloß umsehen. 2. Komm bloß nicht zu spät. Wir müssen pünktlich am Bahnhof sein. 3. Ach, wenn ich bloß mehr verdienen würde!",bloß,B1.pdf
B1,blühen,,çiçek açmak,"blüht, blühte, hat geblüht",Verb,Die Bäume blühen schon. Es ist Frühling.,"blühen, blüht, blühte, hat geblüht",B1.pdf
B1,Blume,die,çiçek,-n,Nomen,Wir haben meiner Mutter Blumen zum Geburtstag geschenkt.,"die Blume, -n",B1.pdf
B1,Bluse,die,bluz,-n,Nomen,Ich hätte gerne eine weiße Bluse.,"die Bluse, -n",B1.pdf
B1,bluten,,kanamak,"blutet, blutete, hat geblutet",Verb,Ich habe mich verletzt. Meine Hand blutet.,"bluten, blutet, blutete, hat geblutet",B1.pdf
B1,Blut,das,kan,,Nomen,Der Verletzte hat viel Blut verloren.,das Blut,B1.pdf
B1,Boden,der,"zemin, toprak",¨-,Nomen,1. Die Bücher lagen alle auf dem Boden. 2. Auf diesem Boden wächst Gemüse besonders gut.,"der Boden, ¨-",B1.pdf
B1,Bogen,der,"kağıt, form; yay",-/¨-,Nomen,Bitte schreiben Sie Ihren Namen auf den Antwortbogen.,"der Bogen, -/¨-",B1.pdf
B1,Bohne,die,fasulye,-n,Nomen,Ich esse gern Bohnen.,"die Bohne, -n",B1.pdf
B1,Boot,das,"tekne, kayık",-e,Nomen,An diesem See kann man Boote mieten.,"das Boot, -e",B1.pdf
B1,Botschaft,die,elçilik,-en,Nomen,Das Visum habe ich von der Botschaft bekommen.,"die Botschaft, -en",B1.pdf
B1,böse,,"kızgın, öfkeli",,Sonstiges,"1. Ich habe das Buch leider vergessen. Hoffentlich bist du mir nicht böse. 2. Mach nicht so ein böses Gesicht! 3. Ich bin böse auf dich, du bist wieder nicht gekommen! 4. Zeig mal! Du hast dich verletzt? Das sieht aber böse aus.",böse,B1.pdf
B1,braten,,"kızartmak, kavurmak","brät, briet, hat gebraten",Verb,1. Das Fleisch muss zehn Minuten braten. 2. Heute gibt’s gebratenen Fisch.,"braten, brät, briet, hat gebraten",B1.pdf
B1,Braten,der,"rosto, kızartma",,Nomen,- Nehmen Sie noch etwas Soße zum Braten?,"der Braten,",B1.pdf
B1,brauchen,,"ihtiyaç duymak, gerekmek","braucht, brauchte, hat gebraucht",Verb,1. Ich brauche ein Auto. 2. Brauchst du die Zeitung noch? 3. Meine Großmutter ist krank. Sie braucht viel Ruhe. 4. Ich habe für die Renovierung eine Woche gebraucht. 5. Sie brauchen morgen nicht zu kommen. Ich schaffe das alleine.,"brauchen, braucht, brauchte, hat gebraucht",B1.pdf
B1,brechen,,"kırmak, kırılmak","bricht, brach, hat gebrochen",Verb,"1. Er hat sich beim Skifahren verletzt, sein Bein ist gebrochen. 2. Ich habe mir im Urlaub das Bein gebrochen.","brechen, bricht, brach, hat gebrochen",B1.pdf
B1,breit,,geniş,,Sonstiges,Der Teppich ist zwei Meter lang und einen Meter breit.,breit,B1.pdf
B1,Breite,die,genişlik,-n,Nomen,"Welche Maße hat der Tisch? – Länge: 1 m, Breite: 80 cm, Höhe: 1,20 m.","die Breite, -n",B1.pdf
B1,bremsen,,fren yapmak,"bremst, bremste, hat gebremst",Verb,Der Mann ist ganz plötzlich über die Straße gegangen. Ich musste stark bremsen.,"bremsen, bremst, bremste, hat gebremst",B1.pdf
B1,Bremse,die,fren,-n,Nomen,Du musst unbedingt die Bremsen kontrollieren lassen.,"die Bremse, -n",B1.pdf
B1,brennen,,yanmak,"brennt, brannte, hat gebrannt",Verb,1. In diesem Haus hat es letztes Jahr gebrannt. 2. Die Kerze brennt noch. Mach sie bitte aus. 3. In deinem Zimmer hat die ganze Nacht das Licht gebrannt.,"brennen, brennt, brannte, hat gebrannt",B1.pdf
B1,Brief,der,mektup,-e,Nomen,Ich schreibe nicht gern Briefe.,"der Brief, -e",B1.pdf
B1,Briefkasten,der,posta kutusu,¨-,Nomen,1. Ist hier in der Nähe ein Briefkasten? 2. Hol bitte mal die Zeitung aus dem Briefkasten.,"der Briefkasten, ¨-",B1.pdf
B1,Briefmarke,die,pul,-n,Nomen,Briefmarken bekommen Sie am Schalter 7.,"die Briefmarke, -n",B1.pdf
B1,Briefträger,der,postacı,"→CH:dieBriefträgerin,-nen Pöstler",Nomen,War die Briefträgerin schon da?,"der Briefträger, →CH:dieBriefträgerin,-nen Pöstler",B1.pdf
B1,Briefumschlag,der,zarf,"¨-e → A: Kuvert, CH: Couvert",Nomen,Ich hätte gern 50 Briefumschläge und Briefmarken dazu.,"der Briefumschlag, ¨-e → A: Kuvert; CH: Couvert",B1.pdf
B1,Brieftasche,die,cüzdan,"-n → D, CH: Portemonnaie/Portmonee, A: Geldbörse",Nomen,Ich habe nur Kleingeld in meiner Brieftasche.,"die Brieftasche, -n → D, CH: Portemonnaie/Portmonee; A: Geldbörse",B1.pdf
B1,Brille,die,gözlük,-n,Nomen,Ich brauche eine neue Brille.,"die Brille, -n",B1.pdf
B1,bringen,,getirmek,"bringt, brachte, hat gebracht",Verb,1. Bringen Sie mir bitte ein Glas Tee! 2. Ich bringe dich nach Hause. 3. Die Abendzeitung hat einen Bericht über den Unfall gebracht.,"bringen, bringt, brachte, hat gebracht",B1.pdf
B1,Broschüre,die,broşür,-n,Nomen,In der Broschüre finden Sie die neuesten Informationen.,"die Broschüre, -n",B1.pdf
B1,Brot,das,ekmek,-e,Nomen,"1. Brot kaufe ich immer beim Bäcker, nicht im Supermarkt. 2. Was möchtest du aufs Brot haben? 3. Nimm noch ein paar belegte Brote für die Fahrt mit.","das Brot, -e",B1.pdf
B1,Brötchen,das,"küçük ekmek, sandviç ekmeği","- (D) → A: Semmel, CH: Brötli",Nomen,Ich hole schnell ein paar Brötchen zum Frühstück.,"das Brötchen, - (D) → A: Semmel; CH: Brötli",B1.pdf
B1,Brötli,das,"sandviç ekmeği, francala","- (CH) → D: Brötchen, A: Semmel",Nomen,Ich hole schnell ein paar Brötli zum Frühstück.,"das Brötli, - (CH) → D: Brötchen; A: Semmel",B1.pdf
B1,Brücke,die,köprü,-n,Nomen,Fahren Sie über die nächste Brücke und dann rechts.,"die Brücke, -n",B1.pdf
B1,Bruder,der,erkek kardeş,¨-,Nomen,Mein jüngster Bruder geht noch zur Schule.,"der Bruder, ¨-",B1.pdf
B1,Brust,die,göğüs,,Nomen,Ich habe Schmerzen in der Brust.,die Brust,B1.pdf
B1,Bub,der,"erkek çocuk, oğlan","-en (A, CH) D: Junge",Nomen,In der Schulklasse sind 15 Buben und 10 Mädchen.,"der Bub, -en (A, CH) D: Junge",B1.pdf
B1,Buch,das,kitap,¨-er,Nomen,Haben Sie ein Buch über die Geschichte von Berlin?,"das Buch, ¨-er",B1.pdf
B1,Buchhandlung,die,"kitabevi, kitapçı",-en,Nomen,In der Buchhandlung in der Stadt haben sie das Buch sicher.,"die Buchhandlung, -en",B1.pdf
B1,buchen,,"rezervasyon yapmak, ayırtmak","bucht, buchte, hat gebucht",Verb,Ich habe für morgen einen Flug nach Rom gebucht.,"buchen, bucht, buchte, hat gebucht",B1.pdf
B1,buchstabieren,,"harf harf söylemek, hecelemek","buchstabiert, buchstabierte, hat buchstabiert",Verb,Würden Sie Ihren Namen bitte buchstabieren?,"buchstabieren, buchstabiert, buchstabierte, hat buchstabiert",B1.pdf
B1,Buchstabe,der,harf,-n,Nomen,1. Gibt es diesen Buchstaben auch in deiner Muttersprache? 2. Ihr Name beginnt mit K. – Buchstabe K ist in Zimmer 3. Bitte warten Sie dort.,"der Buchstabe, -n",B1.pdf
B1,Büchse,die,"konserve kutusu, teneke kutu","-n (D, CH) → A: Dose",Nomen,Ich habe noch eine Büchse Bohnen.,"die Büchse, -n (D, CH) → A: Dose",B1.pdf
B1,Buffet,das,açık büfe,-s,Nomen,Das Buffet ist eröffnet!,"das Buffet, -s",B1.pdf
B1,Bühne,die,sahne,-n,Nomen,Er steht gern auf der Bühne.,"die Bühne, -n",B1.pdf
B1,bunt,,renkli,,Sonstiges,Das bunte Kleid gefällt mir gut.,bunt,B1.pdf
B1,Burg,die,kale,-en,Nomen,Von der Burg hat man eine schöne Aussicht.,"die Burg, -en",B1.pdf
B1,Bürger,der,vatandaş,-,Nomen,EU-Bürgerinnen und Bürger können überall in Europa arbeiten.,"der Bürger, -",B1.pdf
B1,Bürgerin,die,vatandaş,-nen,Nomen,EU-Bürgerinnen und Bürger können überall in Europa arbeiten.,"die Bürgerin, -nen",B1.pdf
B1,Büro,das,"ofis, büro",-s,Nomen,1. Unser Büro bleibt samstags geschlossen. 2. Ich möchte in einem Büro arbeiten.,"das Büro, -s",B1.pdf
B1,Bürste,die,fırça,-n,Nomen,1. Hast du eine Bürste? Meine Schuhe sind so schmutzig. 2. Ich brauche eine Bürste für meine Haare.,"die Bürste, -n",B1.pdf
B1,Zahnbürste,die,diş fırçası,-n,Nomen,Ich brauche eine neue Zahnbürste.,"die Zahnbürste, -n",B1.pdf
B1,Bus,der,otobüs,-se,Nomen,Ich fahre meistens mit dem Bus zur Arbeit.,"der Bus, -se",B1.pdf
B1,Butter,die,tereyağı,,Nomen,Ich möchte nur Butter aufs Brot.,die Butter,B1.pdf
B1,Café,das,kafe,-s,Nomen,Hier in der Nähe ist ein Café. Lass uns einen Kaffee trinken.,"das Café, -s",B1.pdf
B1,Cafeteria,die,kafeterya,-s,Nomen,Ich hole mir schnell etwas aus der Cafeteria.,"die Cafeteria, -s",B1.pdf
B1,Chance,die,"şans, fırsat",-n,Nomen,"Mein Mann hat gute Chancen, die Stelle zu bekommen.","die Chance, -n",B1.pdf
B1,Chef,der,"şef, patron",-s,Nomen,"Das kann ich nicht allein entscheiden, da muss ich erst die Chefin fragen.","der Chef, -s",B1.pdf
B1,Chefin,die,"patron, yönetici",-nen,Nomen,"Das kann ich nicht allein entscheiden, da muss ich erst die Chefin fragen.","die Chefin, -nen",B1.pdf
B1,chic/schick,,şık,,Sonstiges,Ich finde dein Kleid sehr chick.,chic/schick,B1.pdf
B1,Coiffeur,der,"berber, kuaför",-e,Nomen,1. Du siehst toll aus! Wer ist dein Coiffeur? 2. Meine Tochter will Coiffeuse werden.,"der Coiffeur, -e",B1.pdf
B1,Coiffeuse,die,kuaför,"-n (CH) → D, A: Friseur",Nomen,1. Du siehst toll aus! Wer ist dein Coiffeur? 2. Meine Tochter will Coiffeuse werden.,"die Coiffeuse, -n (CH) → D, A: Friseur",B1.pdf
B1,Couch,die,kanepe,-s,Nomen,Wir haben uns eine Couch und neue Sessel gekauft.,"die Couch, -s",B1.pdf
B1,Creme,die,krem,-n/-s,Nomen,1. Ich hätte gern eine Creme für die Hände. 2. Für die Creme habe ich Butter und Schokolade genommen.,"die Creme, -n/-s",B1.pdf
B1,Cousin,der,kuzen,-s,Nomen,Meine Cousine wohnt jetzt in Brasilien.,"der Cousin, -s",B1.pdf
B1,Cousine,die,kuzin,-n,Nomen,Meine Cousine wohnt jetzt in Brasilien.,"die Cousine, -n",B1.pdf
B1,Couvert,das,zarf,"-s (CH) Briefumschlag, A: Kuvert",Nomen,Ich hätte gern 50 Couverts und Briefmarken dazu.,"das Couvert, -s (CH) Briefumschlag; A: Kuvert",B1.pdf
B1,da,,"orada, işte",,Sonstiges,"1. Da drüben ist ein Getränkeautomat. 2. Was Sie da sagen, ist richtig. 3. Ich wollte gerade einparken. Da kam ein Wagen rückwärts aus der Einfahrt. 4. Wir haben schon geschlossen. – Da kann man nichts machen. 5. Da Sie keinen Mitgliedsausweis haben, ist es etwas teurer. 6. Wir haben gerade über dich gesprochen. Da bist du ja. 7. Welche Bluse nehmen Sie? – Die da. 8. Ist Herr Klein schon da?",da,B1.pdf
B1,dabei,,"yanında, bu arada",,Sonstiges,"1. Was hast du dir dabei gedacht? 2. Schön, dass du da bist. Ist deine Familie auch dabei? 3. Hast du einen Stift dabei?",dabei,B1.pdf
B1,Dach,das,çatı,¨-er,Nomen,1. Wir müssen das Dach reparieren lassen. 2. Wir wohnen direkt unter dem Dach.,"das Dach, ¨-er",B1.pdf
B1,dafür,,"onun için, lehinde",,Sonstiges,"1. Meine Schwester interessiert sich für Politik. Ich interessiere mich nicht dafür. 2. Ich bin dafür, dass wir möglichst früh losfahren.",dafür,B1.pdf
B1,dagegen,,"ona karşı, aleyhinde",,Sonstiges,"1. Vorsicht, da ist ein Baum! Fahr nicht dagegen! 2. Sind Sie für oder gegen ein Rauchverbot? - Ich bin dagegen. 3. Ich habe nichts dagegen, dass wir schon nach Hause gehen.",dagegen,B1.pdf
B1,daher,,"bu yüzden, bu nedenle",,Sonstiges,"Ich bin erkältet, daher kann ich heute nicht kommen.",daher,B1.pdf
B1,dahin,,"oraya, o zamana kadar",,Sonstiges,Der Zug kommt in 30 Minuten. Bis dahin können wir einen Kaffee trinken.,dahin,B1.pdf
B1,damals,,"o zamanlar, o dönemde",,Sonstiges,Mit 15 wollte ich gerne Klavier spielen lernen. Aber damals hatte ich kein Geld dafür.,damals,B1.pdf
B1,Dame,die,"bayan, hanım",-n,Nomen,1. Sie ist eine nette alte Dame. 2. Meine Damen und Herren! 3. Sehr geehrte Damen und Herren.,"die Dame, -n",B1.pdf
B1,damit,,"onunla, ...sın diye",,Sonstiges,"1. Mach schnell, damit wir nicht zu spät kommen. 2. Was macht man mit diesem Ding? - Damit kann man Dosen aufmachen.",damit,B1.pdf
B1,danach,,ondan sonra,,Sonstiges,"Zuerst gehen wir einkaufen, danach grillen wir auf unserem Balkon.",danach,B1.pdf
B1,daneben,,"yanında, bitişiğinde",,Sonstiges,"Du weißt doch, wo die Post ist. Gleich daneben ist die Bank.",daneben,B1.pdf
B1,danken,,teşekkür etmek,"dankt, dankte, hat gedankt",Verb,Ich danke dir für die Einladung.,"danken, dankt, dankte, hat gedankt",B1.pdf
B1,Dank,der,teşekkür,,Nomen,1. Vielen Dank für Ihre Mühe. 2. Hier ist Ihr Kaffee. – Vielen Dank! 3. Herzlichen Dank! 4. Gott sei Dank hat es nicht geregnet.,der Dank,B1.pdf
B1,dankbar,,minnettar,,Sonstiges,Ich bin Ihnen sehr dankbar für Ihre Hilfe.,dankbar,B1.pdf
B1,danke,,"teşekkürler, sağ ol",,Sonstiges,"1. Soll ich Ihnen helfen? Nein, danke, nicht nötig. 2. Guten Appetit! – Danke gleichfalls.",danke,B1.pdf
B1,dann,,"sonra, o zaman",,Sonstiges,"1. Ich muss noch schnell zur Post, dann komme ich. 2. Wir waren pünktlich am Bahnhof. Aber dann hatte der Zug Verspätung. 3. Ich habe im Moment sehr viel zu tun. – Dann will ich nicht länger stören. 4. Wenn es nicht regnet, dann kommen wir.",dann,B1.pdf
B1,darstellen,,"göstermek, tasvir etmek","stellt dar, stellte dar, hat dargestellt",Verb,Er konnte das Problem sehr gut darstellen.,"darstellen, stellt dar, stellte dar, hat dargestellt",B1.pdf
B1,Darstellung,die,"tasvir, sunum, gösterim",-en,Nomen,Ihr Buch enthält eine klare Darstellung dieser Probleme.,"die Darstellung, -en",B1.pdf
B1,dass,,"-dığı, ki",,Sonstiges,"Rico hat mir gesagt, dass er auch zur Party kommt.",dass,B1.pdf
B1,Datei,die,dosya,-en,Nomen,Wo hast du die Datei gespeichert?,"die Datei, -en",B1.pdf
B1,Datum,das,tarih,die Daten,Nomen,1. Welches Datum haben wir heute? 2. Bitte Datum und Unterschrift nicht vergessen. 3. Ich brauche noch ein paar Daten von Ihnen.,"das Datum, die Daten",B1.pdf
B1,Daten,die,veriler,(Plural),Nomen,Wir haben alle Ihre Daten im Computer.,die Daten (Plural),B1.pdf
B1,dauern,,sürmek,"dauert, dauerte, hat gedauert",Verb,Wie lange dauert die Pause? – Eine halbe Stunde.,"dauern, dauert, dauerte, hat gedauert",B1.pdf
B1,Dauer,die,süre,,Nomen,1. Sie können das Buch für die Dauer einer Woche ausleihen. 2. Auf Dauer ist die Arbeit nicht interessant.,die Dauer,B1.pdf
B1,dauernd,,sürekli,,Sonstiges,1. Das dauernde Klingeln des Telefons stört mich. 2. Er ist dauernd krank.,dauernd,B1.pdf
B1,Decke,die,"tavan, battaniye",-n,Nomen,1. Im Wohnzimmer haben wir keine Lampe an der Decke. 2. Kann ich noch eine Decke bekommen? Mir ist kalt.,"die Decke, -n",B1.pdf
B1,dekorieren,,"süslemek, dekore etmek","dekoriert, dekorierte, hat dekoriert",Verb,"Hilfst du mir, den Tisch für die Party zu dekorieren?","dekorieren, dekoriert, dekorierte, hat dekoriert",B1.pdf
B1,denken,,düşünmek,"denkt, dachte, hat gedacht",Verb,"1. Du lachst - was denkst du gerade? 2. Ich denke, dass du recht hast. 3. Wir diskutieren gerade über das Rauchen. Wie denken Sie darüber? 4. Denk bitte daran, die Heizung auszumachen. 5. Es ist mir ganz egal, was die Leute von mir denken. 6. Ich denke oft an meine Familie. 7. Ich hatte mir gedacht, dass wir zusammen fahren könnten.","denken, denkt, dachte, hat gedacht",B1.pdf
B1,Gedanke,der,"düşünce, fikir",-n,Nomen,"1. Ich muss zuerst meine Gedanken sammeln. 2. Dein Hinweis bringt mich auf einen Gedanken. 3. Der Gedanke an das Unglück macht uns traurig. 4. Lass uns einen Ausflug machen, damit du auf andere Gedanken kommst. 5. Sie ist ganz in Gedanken versunken.","der Gedanke, -n",B1.pdf
B1,Denkmal,das,anıt,¨-er,Nomen,In dieser Stadt gibt es viele berühmte Denkmäler.,"das Denkmal, ¨-er",B1.pdf
B1,denn,,çünkü,,Sonstiges,"1. Ich lerne jetzt auch Portugiesisch, denn ich möchte nach Südamerika reisen. 2. Wie ist das Spiel denn ausgegangen?",denn,B1.pdf
B1,derselbe,,aynı,"dieselbe, dasselbe",Sonstiges,Mein Freund und ich gehen in dieselbe Schule.,"derselbe, dieselbe, dasselbe",B1.pdf
B1,deshalb,,"bu yüzden, bu nedenle",,Sonstiges,Ich war krank. Deshalb war ich nicht im Büro.,deshalb,B1.pdf
B1,Dessert,das,tatlı,"-s → D, A: Nachspeise",Nomen,Nach dem Essen gab es noch ein leckeres Dessert.,"das Dessert, -s → D, A: Nachspeise",B1.pdf
B1,deswegen,,bu yüzden,,Sonstiges,Ich habe falsch geparkt. Deswegen habe ich einen Strafzettel bekommen.,deswegen,B1.pdf
B1,Detail,das,"detay, ayrıntı",-s,Nomen,1. Dieses Detail ist unwichtig. 2. Ich habe alles bis ins kleinste Detail vorbereitet.,"das Detail, -s",B1.pdf
B1,deutlich,,"açık, net",,Sonstiges,Schreiben Sie bitte deutlich!,deutlich,B1.pdf
B1,Diät,die,"diyet, perhiz",,Nomen,Ich möchte abnehmen. Deshalb mache ich eine Diät.,die Diät,B1.pdf
B1,Dialekt,der,"lehçe, şive",-e,Nomen,"Ich verstehe dich besser, wenn du nicht Dialekt sprichst.","der Dialekt, -e",B1.pdf
B1,Dialog,der,"diyalog, karşılıklı konuşma",-e,Nomen,Sie hören jetzt einen Dialog.,"der Dialog, -e",B1.pdf
B1,dicht,,"sıkı, sızdırmaz",,Sonstiges,Unsere Fenster sind nicht dicht. Es zieht immer.,dicht,B1.pdf
B1,dick,,"şişman, kalın",,Sonstiges,1. Ich bin zu dick. Ich muss weniger essen. 2. Die Wände sind hier sehr dick.,dick,B1.pdf
B1,Dieb,der,hırsız,-e,Nomen,Ein Dieb hat mir auf dem Markt die Tasche gestohlen.,"der Dieb, -e",B1.pdf
B1,dienen,,hizmet etmek,"dient, diente, hat gedient",Verb,1. Solche Kontakte dienen der Verbesserung der internationalen Beziehungen. 2. Dieser Raum dient als Aufenthaltsraum. 3. Er hat der Firma viele Jahre lang gedient.,"dienen, dient, diente, hat gedient",B1.pdf
B1,Dienst,der,"hizmet, nöbet",,Nomen,1. Als Krankenschwester habe ich oft Frühdienst. 2. Morgen habe ich Dienst. Deshalb kann ich nicht kommen.,der Dienst,B1.pdf
B1,dies-,,bu,,Sonstiges,1. Wohin fährst du dieses Jahr in Urlaub? 2. Welche Hose nehmen Sie? – Diese hier.,dies-,B1.pdf
B1,diesmal,,"bu sefer, bu kez",,Sonstiges,Die letzten Spiele haben wir verloren. Diesmal haben wir zum Glück gewonnen.,diesmal,B1.pdf
B1,digital,,dijital,,Sonstiges,Ich habe eine Digitaluhr gekauft. Die geht genauer als meine alte Uhr.,digital,B1.pdf
B1,Ding,das,"şey, nesne",-e,Nomen,Gib mir bitte mal das Ding da drüben.,"das Ding, -e",B1.pdf
B1,Diplom,das,diploma,-e,Nomen,Wo kann ich mein Diplom abholen?,"das Diplom, -e",B1.pdf
B1,direkt,,doğrudan,,Sonstiges,1. Wir liefern Ihnen die Waren direkt ins Haus. 2. Das Dorf liegt direkt an der Autobahn. 3. Gibt es keinen direkten Zug nach Hamburg? 4. Sie übertragen das Fußballspiel direkt.,direkt,B1.pdf
B1,Direktor,der,müdür,-en,Nomen,Ich möchte gern mit dem Direktor sprechen.,"der Direktor, -en",B1.pdf
B1,Direktorin,die,müdür,-nen,Nomen,Ich möchte gern mit dem Direktor sprechen.,"die Direktorin, -nen",B1.pdf
B1,Diskothek,die,"disko, diskotek","-en/Disko, -s",Nomen,Wir gehen heute Abend in die Disko(thek).,"die Diskothek, -en/Disko, -s",B1.pdf
B1,diskutieren,,tartışmak,"diskutiert, diskutierte, hat diskutiert",Verb,"Wir haben lange diskutiert, wie wir das Büro einrichten sollen.","diskutieren, diskutiert, diskutierte, hat diskutiert",B1.pdf
B1,Diskussion,die,tartışma,-en,Nomen,Im Fernsehen gab es eine Diskussion zum Thema „Kinderbetreuung“.,"die Diskussion, -en",B1.pdf
B1,Distanz,die,mesafe,-en,Nomen,Diese Firma transportiert Waren auch über große Distanzen.,"die Distanz, -en",B1.pdf
B1,doch,,"evet, yine de",,Sonstiges,"1. Isst du kein Fleisch? – Doch, manchmal schon. 2. Ich habe es mir anders überlegt. Ich komme doch mit in die Stadt. 3. Ihr kommt doch heute Abend? 4. Fragen Sie doch Herrn Müller, der ist Computerspezialist. 5. Ach, wenn doch schon Sonntag wäre!",doch,B1.pdf
B1,Doktor,der,doktor,-en,Nomen,1. Ist Frau Dr. Müller da? 2. Meine Tochter ist krank. Wir gehen zum Doktor.,"der Doktor, -en",B1.pdf
B1,Doktorin,die,doktor,-nen,Nomen,1. Ist Frau Dr. Müller da? 2. Meine Tochter ist krank. Wir gehen zum Doktor.,"die Doktorin, -nen",B1.pdf
B1,Dokument,das,"belge, doküman",-e,Nomen,1. Hast du alle Dokumente für die Anmeldung dabei? 2. Dieser Stein ist ein wichtiges Dokument für die alte römische Kultur.,"das Dokument, -e",B1.pdf
B1,donnern,,gök gürlemek,"donnert, donnerte, hat gedonnert",Verb,1. Hörst du es donnern? Das Gewitter kommt näher. 2. Der Lkw donnert über die Landstraße.,"donnern, donnert, donnerte, hat gedonnert",B1.pdf
B1,Donner,der,gök gürültüsü,,Nomen,- Der Donner kam erst lange nach dem Blitz.,"der Donner,",B1.pdf
B1,doppelt,,"çift, iki katı",,Sonstiges,Das Buch habe ich doppelt.,doppelt,B1.pdf
B1,Doppel-,,çift,,Sonstiges,1. Wir hätten gern ein Doppelbett. 2. Wollen Sie ein Doppelzimmer oder ein Einzelzimmer?,Doppel-,B1.pdf
B1,Dorf,das,köy,¨-er,Nomen,Unser Dorf liegt direkt an der Autobahn.,"das Dorf, ¨-er",B1.pdf
B1,dort,,orada,,Sonstiges,1. Dort drüben ist der Bahnhof. 2. Ich werde in fünf Minuten dort sein.,dort,B1.pdf
B1,dorthin,,oraya,,Sonstiges,Deine Tasche kannst du dorthin stellen.,dorthin,B1.pdf
B1,Dose,die,"konserve kutusu, teneke kutu","-n → D, CH: Büchse",Nomen,Ich habe noch eine Dose Bohnen.,"die Dose, -n → D, CH: Büchse",B1.pdf
B1,draußen,,dışarıda,,Sonstiges,1. Es ist kalt draußen. 2. Wir müssen draußen warten.,draußen,B1.pdf
B1,Dreck,der,"kir, pislik",,Nomen,1. Iss den Apfel nicht! Der lag im Dreck. 2. Ich konnte vor lauter Dreck auf dem Fenster nichts sehen. 3. Kümmere dich um deinen eigenen Dreck!,der Dreck,B1.pdf
B1,drehen,,"çevirmek, döndürmek","dreht, drehte, hat gedreht",Verb,1. Drehen Sie zum Einschalten den Schalter nach rechts. 2. Die Kinder drehen sich zur Musik im Kreis. 3. Bei Familie Huber dreht sich jetzt alles um das Baby.,"drehen, dreht, drehte, hat gedreht",B1.pdf
B1,dringend,,acil,,Sonstiges,1. Ich muss dich dringend sprechen. 2. Ich erwarte einen dringenden Anruf. 3. Bitte kommen Sie schnell. Es ist dringend.,dringend,B1.pdf
B1,drin,,içeride,drinnen,Sonstiges,1. Wo wollt ihr sitzen? Draußen oder drinnen? 2. Bei der Hitze ist es drinnen viel angenehmer. 3. In der Packung ist nichts mehr drin.,"drin, drinnen",B1.pdf
B1,Droge,die,uyuşturucu,-n,Nomen,Nimmst du etwa Drogen?,"die Droge, -n",B1.pdf
B1,Drogerie,die,drogeri,-n,Nomen,Waschmittel bekommst du in der Drogerie.,"die Drogerie, -n",B1.pdf
B1,drüben,,"karşıda, öte tarafta",,Sonstiges,Dort drüben ist die Haltestelle.,drüben,B1.pdf
B1,drucken,,"yazdırmak, basmak","druckt, druckte, hat gedruckt",Verb,1. Warum hast du den Brief noch nicht ausgedruckt? 2. Bei welcher Firma haben Sie diese Prospekte drucken lassen? 3. Du gehst einfach auf „Datei drucken“!,"drucken, druckt, druckte, hat gedruckt",B1.pdf
B1,Drucker,der,yazıcı,,Nomen,- Ich brauche einen neuen Drucker für meinen Computer.,"der Drucker,",B1.pdf
B1,drücken,,basmak,"drückt, drückte, hat gedrückt",Verb,"1. Sie brauchen nur auf den Knopf zu drücken. 2. Die neuen Schuhe drücken. 3. Wenn du hier drückst, geht die Tür auf.","drücken, drückt, drückte, hat gedrückt",B1.pdf
B1,Druck,der,"baskı, basınç",,Nomen,1. Mit einem Knopfdruck schaltet man das Gerät ein. 2. Wie hoch muss der Druck in den vorderen Reifen sein?,der Druck,B1.pdf
B1,dumm,,"aptal, saçma",,Sonstiges,"1. Entschuldigung, das war dumm von mir. 2. Mir ist etwas Dummes passiert. 3. Ich fand den Film wirklich sehr dumm.",dumm,B1.pdf
B1,dunkel,,"karanlık, koyu",,Sonstiges,1. Um sechs Uhr ist es schon dunkel. 2. Meine Schwester hat dunkle Haare. 3. Ich habe mir eine dunkelblaue Bluse gekauft.,dunkel,B1.pdf
B1,dünn,,"ince, zayıf",,Sonstiges,1. Mein Sohn ist sehr dünn. Er isst zu wenig. 2. Warum ziehst du nur so einen dünnen Mantel an? Es ist kalt draußen.,dünn,B1.pdf
B1,durch,,"içinden, aracılığıyla",,Sonstiges,"1. Wir sind mit dem Fahrrad durch den Wald gefahren. 2. Wenn Sie zum Bahnhof gehen, kommen Sie durch die Goethestraße.",durch,B1.pdf
B1,durcheinander,,"karmakarışık, dağınık",,Sonstiges,3. Wir haben den ganzen Mai durch geheizt. 4. Wir haben unsere Wohnung durch einen Freund bekommen. 1. Alle meine Sachen sind durcheinander. Ich finde nichts mehr. 2. Bitte redet nicht alle durcheinander. Sonst verstehe ich nichts.,durcheinander,B1.pdf
B1,Durchsage,die,"anons, duyuru",-n,Nomen,"1. Achtung, Achtung, eine wichtige Durchsage! 2. Ich habe die Durchsage nicht verstanden.","die Durchsage, -n",B1.pdf
B1,Durchschnitt,der,ortalama,-e,Nomen,1. Der Durchschnitt der Ausgaben liegt bei 150 Euro im Monat. 2. Im Durchschnitt brauchen wir täglich 20 Minuten zur Arbeit. 3. Die Studentin gehört zum Durchschnitt.,"der Durchschnitt, -e",B1.pdf
B1,durchschnittlich,,ortalama olarak,,Sonstiges,Die Preise sind im letzten Jahr um durchschnittlich 6 % gestiegen.,durchschnittlich,B1.pdf
B1,dürfen,,"izinli olmak, -ebilmek","darf, durfte, hat gedurft (hat dürfen als Modalverb)",Verb,1. Dürfen wir heute länger fernsehen? 2. Sie dürfen hier nicht parken. 3. Das hätten Sie nicht machen dürfen! 4. Was darf ich Ihnen anbieten? 5. Ich suche ein gebrauchtes Auto. Es darf nicht mehr als 1000 Euro kosten.,"dürfen, darf, durfte, hat gedurft (hat dürfen als Modalverb)",B1.pdf
B1,Durst,der,susuzluk,,Nomen,Ich hole Ihnen etwas zu trinken. Sie haben sicher Durst.,der Durst,B1.pdf
B1,durstig,,susamış,,Sonstiges,Du bist sicher durstig. Was möchtest du trinken?,durstig,B1.pdf
B1,sich duschen,,duş almak,"duscht, duschte, hat geduscht",Verb,"1. Wenn Sie sich duschen wollen: Das Badezimmer ist dort hinten links. 2. Ich bade nicht so gern, ich dusche lieber.","(sich) duschen, duscht, duschte, hat geduscht",B1.pdf
B1,Dusche,die,duş,-n,Nomen,1. Wir haben leider nur noch ein Zimmer mit Dusche. 2. Unsere Wohnung hat nur eine Dusche.,"die Dusche, -n",B1.pdf
B1,duzen,,sen diye hitap etmek,"duzt, duzte, hat geduzt",Verb,"Wollen wir Du zueinander sagen? Ja, wir können uns gern duzen?","duzen, duzt, duzte, hat geduzt",B1.pdf
B1,eben,,"az önce, işte",,Sonstiges,1. Ich bin eben erst angekommen. 2. Ich gebe auf. Ich habe eben kein Glück!,eben,B1.pdf
B1,ebenfalls,,"aynı şekilde, keza",,Sonstiges,"Ich wünsche Ihnen ein schönes Wochenende. – Danke, ebenfalls.",ebenfalls,B1.pdf
B1,ebenso,,"aynı şekilde, keza",,Sonstiges,"Schöne Feiertage. – Danke, ebenso.",ebenso,B1.pdf
B1,e-card,die,sağlık sigortası kartı,(A) → D,Nomen,Haben Sie Ihre e-card dabei?,die e-card (A) → D:,B1.pdf
B1,Versichertenkarte,die,"sigorta kartı, sağlık kartı",,Nomen,Haben Sie Ihre e-card dabei?,die Versichertenkarte,B1.pdf
B1,echt,,"gerçek, hakiki",,Sonstiges,1. Ich träume von einem echten Perserteppich. 2. Der Film war echt gut.,echt,B1.pdf
B1,ec-Karte/EC-Karte → A: Bankomat-Karte,die,banka kartı,,Nomen,Bezahlen Sie bar? Sie können auch mit der ec-Karte zahlen.,die ec-Karte/EC-Karte → A: Bankomat-Karte,B1.pdf
B1,Ecke,die,köşe,"-n (D, CH) → A: Eck",Nomen,1. Das Regal stellen wir hier in die Ecke. 2. Das bekommen Sie im Kiosk an der Ecke. 3. Wo ist die Apotheke? − Gleich um die Ecke.,"die Ecke, -n (D, CH) → A: Eck",B1.pdf
B1,Eck,das,köşe,"-en (A) → D, CH: Ecke",Nomen,1. Das Regal stellen wir hier ins Eck. 2. Das bekommen Sie im Kiosk am Eck. 3. Wo ist die Apotheke? − Gleich ums Eck.,"das Eck, -en (A) → D, CH: Ecke",B1.pdf
B1,eckig,,köşeli,,Sonstiges,"Ich möchte einen eckigen Tisch, keinen runden.",eckig,B1.pdf
B1,egal,,"fark etmez, önemli değil",,Sonstiges,"1. Es ist mir ganz egal, was die Leute denken. 2. Egal, wie das Wetter ist, ich gehe schwimmen.",egal,B1.pdf
B1,Ehe,die,evlilik,-n,Nomen,Sie hat zwei Kinder aus erster Ehe.,"die Ehe, -n",B1.pdf
B1,Ehefrau,die,"eş, karı","-en/der Ehemann, ¨-er",Nomen,Wie heißt Ihre Ehefrau mit Vornamen?,"die Ehefrau, -en/der Ehemann, ¨-er",B1.pdf
B1,Ehepaar,das,"evli çift, karı koca",-e,Nomen,Das Ehepaar unter uns hat zwei Kinder.,"das Ehepaar, -e",B1.pdf
B1,eher,,"daha çok, ziyade",,Sonstiges,"1. Ich stehe meist eher auf als mein Mann. 2. Michael sieht gerne Serien, ich mag eher Krimis.",eher,B1.pdf
B1,ehrlich,,dürüst,,Sonstiges,1. Sie ist ein ehrlicher Mensch. 2. Bitte sei in dieser Sache ehrlich. 3. Die Pause haben wir uns ehrlich verdient.,ehrlich,B1.pdf
B1,Ei,das,yumurta,-er,Nomen,Möchtest du zum Frühstück ein Ei?,"das Ei, -er",B1.pdf
B1,eigen-,,"kendi, özel",,Sonstiges,1. Fast jedes Kind hat ein eigenes Zimmer. 2. Manche Leute haben keine eigene Meinung.,eigen-,B1.pdf
B1,eigentlich,,aslında,,Sonstiges,"1. Wir wollten eigentlich Freunde besuchen, aber dann sind wir doch zu Hause geblieben. 2. Die Sängerin nennt sich Arabella. Aber eigentlich heißt sie Uschi Müller. 3. Was willst du eigentlich von mir?",eigentlich,B1.pdf
B1,sich eignen,,"uygun olmak, elverişli olmak","eignet sich, eignete sich, hat sich geeignet",Verb,Dieses Hotel eignet sich besonders für Familien mit Kindern.,"sich eignen, eignet sich, eignete sich, hat sich geeignet",B1.pdf
B1,eilen,,acele etmek,"eilt, eilte, hat/ist geeilt",Verb,Es eilt sehr. Bitte machen Sie schnell.,"eilen, eilt, eilte, hat/ist geeilt",B1.pdf
B1,Eile,die,acele,,Nomen,1. Ich bin sehr in Eile 2. Das hat keine Eile.,die Eile,B1.pdf
B1,eilig,,"acele, ivedi",,Sonstiges,Hast du es eilig?,eilig,B1.pdf
B1,ein-,,"bir, biri",,Sonstiges,1. Ich nehme ein Bier. Willst du auch eins? 2. Wir haben zu wenig Mitspieler. Wir brauchen noch einen.,ein-,B1.pdf
B1,Einbahnstraße,die,tek yönlü sokak,-n,Nomen,Die Goethestraße ist jetzt eine Einbahnstraße.,"die Einbahnstraße, -n",B1.pdf
B1,einbrechen,,"içeri girmek, zorla girmek","bricht ein, brach ein, ist eingebrochen",Verb,Jemand ist in unsere Wohnung eingebrochen.,"einbrechen, bricht ein, brach ein, ist eingebrochen",B1.pdf
B1,Einbrecher,der,hırsız,"die Einbrecherin, -nen",Nomen,- Die Einbrecher haben nichts gestohlen.,"der Einbrecher, die Einbrecherin, -nen",B1.pdf
B1,Einbruch,der,"hırsızlık, ev soygunu",¨-e,Nomen,In der Urlaubszeit gibt es viele Wohnungseinbrüche.,"der Einbruch, ¨-e",B1.pdf
B1,eindeutig,,"kesin, açık",,Sonstiges,1. Das Ergebnis ist eindeutig. Du hast gewonnen. 2. Du kannst eindeutig besser kochen als ich.,eindeutig,B1.pdf
B1,Eindruck,der,izlenim,¨-e,Nomen,"1. Ich finde die Leute auf der Straße ziemlich unfreundlich. Wie ist dein Eindruck? 2. Ich glaube, ich habe bei dem Vorstellungsgespräch einen guten Eindruck gemacht.","der Eindruck, ¨-e",B1.pdf
B1,einerseits,,bir yandan,,Sonstiges,"Einerseits möchte ich die Reise gern machen, andererseits ist sie zu teuer.",einerseits,B1.pdf
B1,einfach,,"basit, kolay",,Sonstiges,"1. Hin und zurück? – Nein, bitte nur einfach. 2. Ich verstehe das nicht. Kannst du das bitte einfacher sagen? 3. Wir haben am Wochenende einen Ausflug gemacht. Es war einfach toll.",einfach,B1.pdf
B1,Einfahrt,die,giriş yolu,-en,Nomen,1. Da parkt wieder jemand vor unserer Einfahrt. 2. Können Sie nicht lesen: Einfahrt freihalten!,"die Einfahrt, -en",B1.pdf
B1,einfallen,,aklına gelmek,"fällt ein, fiel ein, ist eingefallen",Verb,"Mir ist wieder eingefallen, wie das Buch heißt.","einfallen, fällt ein, fiel ein, ist eingefallen",B1.pdf
B1,Einfall,der,"fikir, buluş",¨-e,Nomen,Frag einfach meine Freundin. Sie hat immer gute Einfälle.,"der Einfall, ¨-e",B1.pdf
B1,Einfluss,der,etki,¨-e,Nomen,Das Wetter hat Einfluss auf die Gesundheit der Menschen.,"der Einfluss, ¨-e",B1.pdf
B1,beeinflussen,,etkilemek,"beeinflusst, beeinflusste, hat beeinflusst",Verb,Dieses Ereignis hat die Wahlen beeinflusst.,"beeinflussen, beeinflusst, beeinflusste, hat beeinflusst",B1.pdf
B1,einfügen,,"eklemek, yapıştırmak","fügt ein, fügte ein, hat eingefügt",Verb,"Markieren Sie zuerst die Zeilen, dann „kopieren“ drücken und dann einfügen.","einfügen, fügt ein, fügte ein, hat eingefügt",B1.pdf
B1,einführen,,"ithal etmek, uygulamaya koymak","führt ein, führte ein, hat eingeführt",Verb,1. Dürfen wir diese Ware ins Land einführen? 2. Wir haben letztes Jahr ein neues System eingeführt.,"einführen, führt ein, führte ein, hat eingeführt",B1.pdf
B1,Einführung,die,"giriş, tanıtım",-en,Nomen,Leider habe ich die Einführung des Kurses verpasst.,"die Einführung, -en",B1.pdf
B1,Eingang,der,giriş,¨-e,Nomen,1. Das Gebäude hat zwei Eingänge. 2. Der Eingang ist um die Ecke.,"der Eingang, ¨-e",B1.pdf
B1,einheitlich,,"tek tip, standart",,Sonstiges,Die Schüler dieser Schule tragen einheitliche Kleidung.,einheitlich,B1.pdf
B1,einig-,,"bazı, birkaç",,Sonstiges,"1. In diesem Bericht sind einige Fehler. 2. Das wird noch einige Zeit dauern. 3. Einige Leute sind für das Gesetz, aber viele sind auch dagegen.",einig-,B1.pdf
B1,sich einigen,,"anlaşmak, uzlaşmak","einigt sich, einigte sich, hat sich geeinigt",Verb,Jeder hat einen anderen Vorschlag. Wir können uns leider nicht einigen.,"sich einigen, einigt sich, einigte sich, hat sich geeinigt",B1.pdf
B1,einkaufen,,alışveriş yapmak,"kauft ein, kaufte ein, hat eingekauft",Verb,Wir gehen einmal pro Woche einkaufen.,"einkaufen, kauft ein, kaufte ein, hat eingekauft",B1.pdf
B1,Einkauf,der,alışveriş,¨-e,Nomen,1. Achten Sie beim Einkauf auf Sonderangebote. 2. Ich habe alle Einkäufe erledigt. Jetzt können wir einen Kaffee trinken.,"der Einkauf, ¨-e",B1.pdf
B1,Einkommen,das,gelir,-,Nomen,Bei einem höheren Einkommen muss man mehr Steuern zahlen.,"das Einkommen, -",B1.pdf
B1,einladen,,davet etmek,"lädt ein, lud ein, hat eingeladen",Verb,Darf ich Sie zum Essen einladen?,"einladen, lädt ein, lud ein, hat eingeladen",B1.pdf
B1,Einladung,die,"davet, davetiye",-en,Nomen,Danke für die Einladung.,"die Einladung, -en",B1.pdf
B1,einmal,,"bir kere, bir defa",,Sonstiges,1. Ich habe diese Oper leider nur einmal gesehen. 2. Bitte rufen Sie morgen noch einmal an. 3. Auf einmal ging das Licht aus. 4. Ich kann nicht alles auf einmal machen. 5. Sehen wir uns (ein)mal wieder? 6. Vor Jahren habe ich (ein)mal in Wien gewohnt. 7. Komm doch bitte (ein)mal her und hilf mir.,einmal,B1.pdf
B1,einnehmen,,"almak, kullanmak","nimmt ein, nahm ein, hat eingenommen",Verb,Wie muss ich die Tropfen einnehmen?,"einnehmen, nimmt ein, nahm ein, hat eingenommen",B1.pdf
B1,Einnahme,die,"gelir, kazanç",-n,Nomen,Unser Geschäft läuft gut. Unsere Einnahmen waren in diesem Monat höher als im letzten.,"die Einnahme, -n",B1.pdf
B1,einpacken,,"paketlemek, sarmak","packt ein, packte ein, hat eingepackt",Verb,1. Hast du Handtücher eingepackt? 2. Soll ich Ihnen das als Geschenk einpacken?,"einpacken, packt ein, packte ein, hat eingepackt",B1.pdf
B1,einrichten,,"döşemek, kurmak","richtet ein, richtete ein, hat eingerichtet",Verb,"1. Ich habe meine Wohnung selbst eingerichtet. 2. Wenn Sie Fragen haben, rufen Sie uns an. Wir haben eine extra Telefon-nummer eingerichtet.","einrichten, richtet ein, richtete ein, hat eingerichtet",B1.pdf
B1,Einrichtung,die,"döşeme, iç dizayn",-en,Nomen,"Deine Wohnung ist sehr gemütlich, die Einrichtung gefällt mir sehr gut.","die Einrichtung, -en",B1.pdf
B1,einsam,,yalnız,,Sonstiges,Ohne meine Familie fühle ich mich ein bisschen einsam.,einsam,B1.pdf
B1,einschalten,,açmak,"schaltet ein, schaltete ein, hat eingeschaltet",Verb,Können Sie bitte die Heizung einschalten?,"einschalten, schaltet ein, schaltete ein, hat eingeschaltet",B1.pdf
B1,einschließlich,,dahil,,Sonstiges,Alles zusammen kostet 200 Euro einschließlich Fahrtkosten.,einschließlich,B1.pdf
B1,Einschreiben,das,taahhütlü mektup,-,Nomen,Ich habe den Brief als Einschreiben geschickt.,"das Einschreiben, -",B1.pdf
B1,einsetzen,,"görevlendirmek, kullanmak, çaba göstermek","setzt ein, setzte ein, hat eingesetzt",Verb,"1. Ich glaube, wir müssen jemanden einsetzen, der sich um die Organisation kümmert. 2. Peter hat sich dafür eingesetzt, dass ich den Job bekomme.","einsetzen, setzt ein, setzte ein, hat eingesetzt",B1.pdf
B1,einsteigen,,binmek,"steigt ein, stieg ein, ist eingestiegen",Verb,1. Ab 20 Uhr vorne beim Fahrer einsteigen. 2. Steig ein. Wir wollen losfahren.,"einsteigen, steigt ein, stieg ein, ist eingestiegen",B1.pdf
B1,einstellen,,"işe almak, ayarlamak","stellt ein, stellte ein, hat eingestellt",Verb,1. Die Firma wird in diesem Jahr drei neue Leute einstellen. 2. Das Gerät ist nicht richtig eingestellt.,"einstellen, stellt ein, stellte ein, hat eingestellt",B1.pdf
B1,eintragen,,"kaydetmek, yazmak","trägt ein, trug ein, hat eingetragen",Verb,Tragen Sie sich bitte in die Liste ein.,"eintragen, trägt ein, trug ein, hat eingetragen",B1.pdf
B1,eintreten,,"katılmak, üye olmak","tritt ein, trat ein, ist eingetreten",Verb,Letztes Jahr bin ich in einen Sportverein eingetreten.,"eintreten, tritt ein, trat ein, ist eingetreten",B1.pdf
B1,Eintritt,der,"giriş, giriş ücreti",,Nomen,1. Kinder über 10 Jahre zahlen den vollen Eintritt. 2. Der Eintritt ist frei.,der Eintritt,B1.pdf
B1,einverstanden,,"anlaştık, hemfikir",,Sonstiges,"1. Als Termin schlage ich den 3. Mai vor. – Gut, einverstanden! 2. Bist du einverstanden, wenn wir bald nach Hause gehen?",einverstanden,B1.pdf
B1,Einwohner,der,"sakin, nüfus",-,Nomen,Berlin hat über drei Millionen Einwohner.,"der Einwohner, -",B1.pdf
B1,Einwohnerin,die,sakin,-nen,Nomen,Berlin hat über drei Millionen Einwohner.,"die Einwohnerin, -nen",B1.pdf
B1,einzahlen,,para yatırmak,"zahlt ein, zahlte ein, hat eingezahlt",Verb,Ich habe gestern Geld auf mein Bankkonto eingezahlt.,"einzahlen, zahlt ein, zahlte ein, hat eingezahlt",B1.pdf
B1,Einzahlung,die,para yatırma,-en,Nomen,Sie sollten die Einzahlung pünktlich machen.,"die Einzahlung, -en",B1.pdf
B1,einzeln,,"tek tek, ayrı ayrı",,Sonstiges,"1. Dieses Mineralwasser gibt es nur als Sechserpack, nicht einzeln. 2. Die Schüler mussten einzeln zum Schularzt kommen.",einzeln,B1.pdf
B1,Einzel-,,"tekli, tek kişilik",,Sonstiges,"z. B. Einzelkind, Einzelzimmer",Einzel-,B1.pdf
B1,Einzelheit,die,"ayrıntı, detay",-en,Nomen,Du musst mir das in allen Einzelheiten erzählen.,"die Einzelheit, -en",B1.pdf
B1,einzig-,,"tek, yegâne",,Sonstiges,"1. Wir waren die einzigen Gäste. 2. Das war das einzige Mal, dass ich ihn gesehen habe.",einzig-,B1.pdf
B1,einziehen,,"taşınmak, içeri girmek","zieht ein, zog ein, ist eingezogen",Verb,Die Wohnung ist fertig. Wir können nächste Woche einziehen. 1. Im Winter gibt es Eis und Schnee. 2. Bitte eine Cola ohne Eis.,"einziehen, zieht ein, zog ein, ist eingezogen",B1.pdf
B1,Eis,das,dondurma,,Nomen,Die Wohnung ist fertig. Wir können nächste Woche einziehen. 1. Im Winter gibt es Eis und Schnee. 2. Bitte eine Cola ohne Eis.,das Eis,B1.pdf
B1,Eis (D,das,"dondurma, buz",A) → CH: Glace/Glacé,Nomen,Zum Nachtisch gibt es Schokoladeneis.,"das Eis (D, A) → CH: Glace/Glacé",B1.pdf
B1,Eisenbahn,die,"demiryolu, tren",-en,Nomen,Die Kinder wünschen sich eine elektrische Eisenbahn.,"die Eisenbahn, -en",B1.pdf
B1,elegant,,şık,,Sonstiges,Ich finde dein Kleid sehr elegant.,elegant,B1.pdf
B1,elektrisch,,elektrikli,,Sonstiges,"Wir kochen nicht mit Gas, sondern elektrisch.",elektrisch,B1.pdf
B1,Elektro-,,elektrik,,Sonstiges,"z.B. Elektrogeschäft, Elektroingenieur, Elektroherd",Elektro-,B1.pdf
B1,elektronisch,,elektronik,,Sonstiges,"Wir sollten die Daten elektronisch bearbeiten, sonst dauert es zu lange.",elektronisch,B1.pdf
B1,Eltern,die,"ebeveynler, anne baba",(Pl.),Nomen,Ich wohne noch bei meinen Eltern.,die Eltern (Pl.),B1.pdf
B1,empfangen,,"almak, karşılamak","empfängt, empfing, hat empfangen",Verb,1. Wir können mit unserem Fernseher über 30 Programme empfangen. 2. Die Gäste wurden sehr herzlich empfangen.,"empfangen, empfängt, empfing, hat empfangen",B1.pdf
B1,Empfang,der,"alım, çekim, resepsiyon",¨-e,Nomen,1. Bitte den Empfang bestätigen! 2. Ich bin mit dem Fernseher nicht zufrieden. Der Empfang ist sehr schlecht. 3. Zur Firmeneröffnung bitten wir zu einem kleinen Empfang.,"der Empfang, ¨-e",B1.pdf
B1,Empfänger,der,alıcı,,Nomen,- Es fehlt die genaue Adresse des Empfängers.,"der Empfänger,",B1.pdf
B1,empfehlen,,"tavsiye etmek, önermek","empfiehlt, empfahl, hat empfohlen",Verb,Was können Sie mir denn empfehlen?,"empfehlen, empfiehlt, empfahl, hat empfohlen",B1.pdf
B1,Empfehlung,die,"tavsiye, öneri",-en,Nomen,Ich rufe auf Empfehlung von Herrn Weber an.,"die Empfehlung, -en",B1.pdf
B1,enden,,"bitmek, sona ermek","endet, endete, hat geendet",Verb,1. Die Straße endet hier. 2. Das Arbeitsverhältnis endet im Mai.,"enden, endet, endete, hat geendet",B1.pdf
B1,Ende,das,son,,Nomen,1. Ich wohne am Ende der Straße. 2. Die nächste Prüfung findet Ende August statt. 3. Rinaldo ist Ende fünfzig. 4. Am Dienstag gehen die Ferien zu Ende.,das Ende,B1.pdf
B1,endgültig,,"kesin, nihai",,Sonstiges,1. Damit ist das Problem endgültig gelöst. 2. Der endgültige Termin steht noch nicht fest. 3. Das Ergebnis ist noch nicht endgültig.,endgültig,B1.pdf
B1,endlich,,"sonunda, nihayet",,Sonstiges,1. Endlich haben wir eine schöne Wohnung gefunden. 2. Haben Sie sich nun endlich entschieden?,endlich,B1.pdf
B1,Energie,die,enerji,-n,Nomen,"1. Wir müssen Energie sparen. 2. Abends habe ich keine Energie mehr, um Sport zu machen.","die Energie, -n",B1.pdf
B1,eng,,dar,,Sonstiges,1. Die Jacke ist mir zu eng. 2. Wir arbeiten mit dieser Firma eng zusammen.,eng,B1.pdf
B1,Enkel,der,torun,-,Nomen,Alle meine Enkel gehen schon zur Schule.,"der Enkel, -",B1.pdf
B1,Enkelin,die,torun,-nen,Nomen,Alle meine Enkel gehen schon zur Schule.,"die Enkelin, -nen",B1.pdf
B1,entdecken,,"keşfetmek, fark etmek","entdeckt, entdeckte, hat entdeckt",Verb,Ich habe in deinem Brief noch ein paar Fehler entdeckt.,"entdecken, entdeckt, entdeckte, hat entdeckt",B1.pdf
B1,entfernen,,"uzaklaştırmak, kaldırmak","entfernt, entfernte, hat entfernt",Verb,1. Der Müll muss dringend entfernt werden. 2. Das Hotel liegt etwa 100 m vom Strand entfernt.,"entfernen, entfernt, entfernte, hat entfernt",B1.pdf
B1,Entfernung,die,"mesafe, uzaklık",-en,Nomen,Aus dieser Entfernung ist das nicht zu erkennen.,"die Entfernung, -en",B1.pdf
B1,entgegenkommen,,"karşılamak, kolaylık göstermek",,Sonstiges,1. Auf dem Weg nach Hause ist mir mein Nachbar entgegengekommen. 2. Können Sie mir mit dem Preis entgegenkommen?,entgegenkommen,B1.pdf
B1,enthalten,,içermek,"enthält, enthielt, hat enthalten",Verb,1. Diese Schokolade enthält nur sehr wenig Zucker. 2. Ist die Änderung im Preis enthalten?,"enthalten, enthält, enthielt, hat enthalten",B1.pdf
B1,entlang,,boyunca,,Sonstiges,Gehen Sie diese Straße entlang. Dann kommen Sie direkt zum Bahnhof.,entlang,B1.pdf
B1,entlassen,,"taburcu etmek, işten çıkarmak","entlässt, entließ, hat entlassen",Verb,1. Die Operation ist gut gelaufen. Wir können Sie nächste Woche aus dem Krankenhaus entlassen. 2. Die Firma hat viele Mitarbeiter entlassen.,"entlassen, entlässt, entließ, hat entlassen",B1.pdf
B1,Entlassung,die,işten çıkarma,-en,Nomen,Seine Entlassung aus der Firma kam überraschend.,"die Entlassung, -en",B1.pdf
B1,entscheiden,,karar vermek,"entscheidet, entschied, hat entschieden",Verb,"1. Das kann ich nicht allein entscheiden, da muss ich erst fragen. 2. Für welchen Anzug haben Sie sich entschieden?","entscheiden, entscheidet, entschied, hat entschieden",B1.pdf
B1,Entscheidung,die,karar,-en,Nomen,Diese wichtige Entscheidung möchte ich zuerst mit meinem Mann besprechen.,"die Entscheidung, -en",B1.pdf
B1,unentschieden,,"berabere, kararsız",,Sonstiges,"1. Es steht unentschieden zwischen den beiden Mannschaften. 2. Ich bin noch immer unentschieden, was ich morgen tun soll.",unentschieden,B1.pdf
B1,sich entschließen,,karar vermek,"entschließt sich, entschloss sich, hat sich entschlossen",Verb,"Mein Nachbar hat sich nun doch entschlossen, sein Auto zu verkaufen.","sich entschließen, entschließt sich, entschloss sich, hat sich entschlossen",B1.pdf
B1,entschlossen,,kararlı,,Sonstiges,"Ich bin fest entschlossen, diese Ausbildung fertigzumachen.",entschlossen,B1.pdf
B1,entschuldigen,,"özür dilemek, affetmek","entschuldigt, entschuldigte, hat entschuldigt",Verb,"1. Entschuldigen Sie bitte, dass ich Sie störe. Aber es gibt ein Problem. 2. Herr Meier lässt sich entschuldigen, er ist stark erkältet.","entschuldigen, entschuldigt, entschuldigte, hat entschuldigt",B1.pdf
B1,Entschuldigung,die,"özür, mazeret",-en,Nomen,"Oh, Entschuldigung! – Macht nichts. Kein Problem.","die Entschuldigung, -en",B1.pdf
B1,entsorgen,,"elden çıkarmak, imha etmek","entsorgt, entsorgte, hat entsorgt",Verb,Wie kann ich meine alte Kaffeemaschine entsorgen?,"entsorgen, entsorgt, entsorgte, hat entsorgt",B1.pdf
B1,entspannend,,rahatlatıcı,,Sonstiges,Der Urlaub war sehr entspannend.,entspannend,B1.pdf
B1,entstehen,,"oluşmak, ortaya çıkmak","entsteht, entstand, ist entstanden",Verb,1. Hier entsteht ein neues Einkaufszentrum. 2. Andere Kosten entstehen nicht.,"entstehen, entsteht, entstand, ist entstanden",B1.pdf
B1,enttäuschen,,hayal kırıklığına uğratmak,"enttäuscht, enttäuschte, hat enttäuscht",Verb,1. Leider hat mich sein Verhalten enttäuscht. 2. Wir waren von dem Konzert sehr enttäuscht. 3. Das Ergebnis war enttäuschend.,"enttäuschen, enttäuscht, enttäuschte, hat enttäuscht",B1.pdf
B1,Enttäuschung,die,hayal kırıklığı,-en,Nomen,Das Endspiel war eine große Enttäuschung.,"die Enttäuschung, -en",B1.pdf
B1,entweder ... oder,,ya ... ya da,,Sonstiges,"Nur einer kann gewinnen, entweder du oder ich.",entweder ... oder,B1.pdf
B1,entwickeln,,geliştirmek,"entwickelt, entwickelte, hat entwickelt",Verb,1. Unser Sohn entwickelt sich gut in der Schule. 2. Die Firma hat ein neues Produkt entwickelt.,"entwickeln, entwickelt, entwickelte, hat entwickelt",B1.pdf
B1,Entwicklung,die,"gelişim, gelişme",-en,Nomen,Genug Schlaf ist wichtig für die Entwicklung Ihres Kindes.,"die Entwicklung, -en",B1.pdf
B1,Erde,die,"toprak, dünya",,Nomen,1. Die Pflanzen brauchen neue Erde. 2. Mein Sohn hat das Glas auf die Erde fallen lassen.,die Erde,B1.pdf
B1,Erdapfel,der,patates,¨- (A) → Kartoffel,Nomen,3. An der Konferenz nehmen Vertreter aus fast allen Ländern der Erde teil. Kann ich bitte noch Erdäpfel bekommen?,"der Erdapfel, ¨- (A) → Kartoffel",B1.pdf
B1,Erdgeschoss/ Ergeschoß,das,zemin kat,-e,Nomen,Unsere Wohnung befindet sich im Erdgeschoss.,"das Erdgeschoss/ Ergeschoß, -e",B1.pdf
B1,Ereignis,das,olay,-se,Nomen,1. Alle Zeitungen haben über diese Ereignisse berichtet. 2. Das Konzert war ein großes Ereignis.,"das Ereignis, -se",B1.pdf
B1,sich ereignen,,"meydana gelmek, olmak","ereignet sich, ereignete sich, hat sich ereignet",Verb,Der Unfall ereignete sich am frühen Morgen.,"sich ereignen, ereignet sich, ereignete sich, hat sich ereignet",B1.pdf
B1,erfahren,,öğrenmek,"erfährt, erfuhr, hat erfahren",Verb,Wann erfahren wir das Ergebnis der Prüfung?,"erfahren, erfährt, erfuhr, hat erfahren",B1.pdf
B1,Erfahrung,die,"deneyim, tecrübe",-en,Nomen,1. Ich habe zehn Jahre Erfahrung in diesem Beruf. 2. Mit diesem Gerät haben wir gute Erfahrungen gemacht.,"die Erfahrung, -en",B1.pdf
B1,erfinden,,icat etmek,"erfindet, erfand, hat erfunden",Verb,Das Rad wurde vor ca. 6000 Jahren erfunden.,"erfinden, erfindet, erfand, hat erfunden",B1.pdf
B1,Erfindung,die,"icat, buluş",-en,Nomen,Die Erfindung des Buchdrucks war sehr wichtig für die Menschen.,"die Erfindung, -en",B1.pdf
B1,Erfolg,der,başarı,-e,Nomen,1. Der Film war ein großer Erfolg. 2. Ich wünsche Ihnen viel Erfolg bei der Prüfung.,"der Erfolg, -e",B1.pdf
B1,erfolgreich,,başarılı,,Sonstiges,Mein Großvater war ein erfolgreicher Geschäftsmann.,erfolgreich,B1.pdf
B1,erforderlich,,gerekli,,Sonstiges,"1. Hier ist die Liste der erforderlichen Zutaten für den Kuchen. 2. Es ist erforderlich, dass man den Pass persönlich abholt.",erforderlich,B1.pdf
B1,erfordern,,gerektirmek,"erfordert, erforderte, hat erfordert",Verb,Dieser Job erfordert viel Kraft.,"erfordern, erfordert, erforderte, hat erfordert",B1.pdf
B1,erfüllen,,yerine getirmek,"erfüllt, erfüllte, hat erfüllt",Verb,1. Sie müssen den Vertrag in allen Punkten erfüllen. 2. Wir erfüllen Ihnen jeden Wunsch.,"erfüllen, erfüllt, erfüllte, hat erfüllt",B1.pdf
B1,ergänzen,,tamamlamak,"ergänzt, ergänzte, hat ergänzt",Verb,Ergänzen Sie bitte die fehlenden Angaben.,"ergänzen, ergänzt, ergänzte, hat ergänzt",B1.pdf
B1,Ergebnis,das,sonuç,-se,Nomen,Ein so gutes Ergebnis hat uns alle überrascht.,"das Ergebnis, -se",B1.pdf
B1,erhalten,,"almak, elde etmek","erhält, erhielt, hat erhalten",Verb,Ihr Schreiben vom 3. Januar haben wir erhalten.,"erhalten, erhält, erhielt, hat erhalten",B1.pdf
B1,erhöhen,,"artırmak, yükseltmek","erhöht, erhöhte, hat erhöht",Verb,1. Die Regierung wird sicher bald wieder die Steuern erhöhen.,"erhöhen, erhöht, erhöhte, hat erhöht",B1.pdf
B1,Erhöhung,die,"artış, zam",-en,Nomen,2. Die Zahl der Unfälle hat sich stark erhöht. Wir streiken für eine Lohnerhöhung.,"die Erhöhung, -en",B1.pdf
B1,sich erholen,,"dinlenmek, iyileşmek","erholt sich, erholte sich, hat sich erholt",Verb,1. Im Urlaub habe ich mich sehr gut erholt. 2. Er hat sich nach dem Unfall sehr schnell wieder erholt.,"sich erholen, erholt sich, erholte sich, hat sich erholt",B1.pdf
B1,Erholung,die,dinlenme,-en,Nomen,Ich habe zu viel gearbeitet. Jetzt brauche ich etwas Erholung.,"die Erholung, -en",B1.pdf
B1,erinnern,,"hatırlatmak, hatırlamak","erinnert, erinnerte, hat erinnert",Verb,"1. Bitte, erinnern Sie mich noch einmal an den Termin 2. Ich erinnere mich noch genau an Francescos Vater.","erinnern, erinnert, erinnerte, hat erinnert",B1.pdf
B1,Erinnerung,die,"anı, hatıra",-en,Nomen,An diese Zeit habe ich viele schöne Erinnerungen.,"die Erinnerung, -en",B1.pdf
B1,sich erkälten,,"soğuk algınlığına yakalanmak, üşütmek","erkältet sich, erkältete sich, hat sich erkältet",Verb,Der Junge hat sich beim Baden erkältet.,"sich erkälten, erkältet sich, erkältete sich, hat sich erkältet",B1.pdf
B1,erkältet,,"nezleli, soğuk algınlığı olan",,Sonstiges,Ich bin stark erkältet.,erkältet,B1.pdf
B1,Erkältung,die,"soğuk algınlığı, nezle",-en,Nomen,Du hast eine schlimme Erkältung!,"die Erkältung, -en",B1.pdf
B1,erkennen,,"tanımak, fark etmek, anlamak","erkennt, erkannte, hat erkannt",Verb,"1. Ich habe Roberto gleich an seiner Stimme erkannt. 2. Auf dem Foto kann man kaum etwas erkennen. 3. Ich habe erkannt, dass es ein Fehler war, den Kurs nicht fertigzumachen.","erkennen, erkennt, erkannte, hat erkannt",B1.pdf
B1,erklären,,açıklamak,"erklärt, erklärte, hat erklärt",Verb,"1. Kannst du mir erklären, wie man diesen Apparat bedient? 2. Ich kann mir nicht erklären, wie der Brief verschwinden konnte.","erklären, erklärt, erklärte, hat erklärt",B1.pdf
B1,Erklärung,die,"açıklama, beyanname",-en,Nomen,1. Hast du schon die Steuererklärung gemacht? 2. Die Erklärung der Lehrerin ist besser als die Erklärung im Buch.,"die Erklärung, -en",B1.pdf
B1,sich erkundigen,,"bilgi almak, sormak","erkundigt sich, erkundigte sich, hat sich erkundigt",Verb,"1. Hast du dich schon nach einem Zug erkundigt? 2. Ich möchte mich erkundigen, wie es Ihnen geht.","sich erkundigen, erkundigt sich, erkundigte sich, hat sich erkundigt",B1.pdf
B1,erlauben,,izin vermek,"erlaubt, erlaubte, hat erlaubt",Verb,"1. Ich erlaube meinen Kindern nicht, so lange fernzusehen. 2. Parken ist hier nicht erlaubt.","erlauben, erlaubt, erlaubte, hat erlaubt",B1.pdf
B1,Erlaubnis,die,izin,,Nomen,Sie hätten ihn vorher um Erlaubnis bitten müssen.,die Erlaubnis,B1.pdf
B1,erleben,,"yaşamak, tecrübe etmek","erlebt, erlebte, hat erlebt",Verb,In unserem Urlaub haben wir viel Schönes erlebt.,"erleben, erlebt, erlebte, hat erlebt",B1.pdf
B1,Erlebnis,das,"deneyim, yaşantı",-se,Nomen,Die Reise war ein tolles Erlebnis.,"das Erlebnis, -se",B1.pdf
B1,erledigen,,"halletmek, yapmak, bitirmek","erledigt, erledigte, hat erledigt",Verb,Diese zwei Pakete müssen zur Post. Könntest du das für mich erledigen?,"erledigen, erledigt, erledigte, hat erledigt",B1.pdf
B1,erleichtern,,"kolaylaştırmak, rahatlatmak","erleichtert, erleichterte, hat erleichtert",Verb,"1. Ich bin erleichtert, dass alles so gut geklappt hat. 2. Das Internet erleichtert mir die Arbeit sehr.","erleichtern, erleichtert, erleichterte, hat erleichtert",B1.pdf
B1,Ermäßigung,die,indirim,-en,Nomen,Es gibt eine Ermäßigung für Kinder und Senioren.,"die Ermäßigung, -en",B1.pdf
B1,ernähren,,beslemek,"ernährt, ernährte, hat ernährt",Verb,"1. Wie ernähre ich mich richtig? 2. Meine Eltern müssen beide arbeiten, um die Familie zu ernähren.","ernähren, ernährt, ernährte, hat ernährt",B1.pdf
B1,Ernährung,die,beslenme,,Nomen,Ich finde eine gesunde Ernährung wichtig.,die Ernährung,B1.pdf
B1,ernst,,ciddi,,Sonstiges,Der starke Verkehr ist ein ernstes Problem.,ernst,B1.pdf
B1,ernsthaft,,"ciddi, ciddi bir şekilde",,Sonstiges,"Ich überlege ernsthaft, ob ich in eine andere Stadt ziehen soll.",ernsthaft,B1.pdf
B1,Ernte,die,"hasat, ürün",-n,Nomen,Die Ernte ist dieses Jahr gut.,"die Ernte, -n",B1.pdf
B1,eröffnen,,açmak,"eröffnet, eröffnete, hat eröffnet",Verb,1. Mein Nachbar hat letzten Monat ein Geschäft eröffnet. 2. Ich möchte ein Konto eröffnen.,"eröffnen, eröffnet, eröffnete, hat eröffnet",B1.pdf
B1,Eröffnung,die,açılış,-en,Nomen,Die Eröffnung der neuen Oper ist am 1. Juni.,"die Eröffnung, -en",B1.pdf
B1,erreichen,,"ulaşmak, yetişmek, varmak","erreicht, erreichte, hat erreicht",Verb,"1. Wenn wir uns beeilen, erreichen wir noch den 8-Uhr-Zug. 2. Bis 17 Uhr können Sie mich im Büro erreichen. 3. Auf diese Art erreichen Sie bei mir gar nichts. 4. Dieser Zug erreicht eine Geschwindigkeit von 200 km/h.","erreichen, erreicht, erreichte, hat erreicht",B1.pdf
B1,erschöpft,,"bitkin, tükenmiş",,Sonstiges,Nach dem Sport bin ich immer sehr erschöpft.,erschöpft,B1.pdf
B1,erschrecken,,"korkmak, ürkmek, korkutmak","erschrickt, erschrak, ist erschrocken/ jdn. erschrecken, erschreckt, erschreckte, hat erschreckt",Verb,1. Du hast richtig krank ausgesehen. Ich war ganz erschrocken. 2. Hast du mich aber erschreckt! 3. Entschuldigung. Ich wollte Sie nicht erschrecken.,"erschrecken, erschrickt, erschrak, ist erschrocken/ jdn. erschrecken, erschreckt, erschreckte, hat erschreckt",B1.pdf
B1,ersetzen,,"yerine koymak, değiştirmek, tazmin etmek","ersetzt, ersetzte, hat ersetzt",Verb,1. Wir ersetzen Ihnen die Kosten. 2. Peter ist krank. Jemand muss ihn ersetzen.,"ersetzen, ersetzt, ersetzte, hat ersetzt",B1.pdf
B1,Ersatz,der,"yedek, karşılık, tazminat",,Nomen,Sie bekommen von unserer Firma einen Ersatz für das kaputte Gerät.,der Ersatz,B1.pdf
B1,erst,,"ancak, henüz, daha yeni",,Sonstiges,"1. Sofia ist erst 20 Jahre alt. 2. Ich habe das erst gestern erfahren. 3. Sprich erst mit dem Arzt. 4. Erst hat mir die Arbeit gar nicht gefallen, aber jetzt habe ich mich daran gewöhnt.",erst,B1.pdf
B1,erst-,,"birinci, ilk",,Sonstiges,1. Ich war zum ersten Mal allein im Urlaub. 2. Ich wohne im ersten Stock. 3. An erster Stelle kommt die Schule.,erst-,B1.pdf
B1,erstellen,,"hazırlamak, oluşturmak, düzenlemek","erstellt, erstellte, hat erstellt",Verb,"Erstellen Sie bitte eine Liste mit allen Informationen, die Sie brauchen.","erstellen, erstellt, erstellte, hat erstellt",B1.pdf
B1,erwachsen,,"yetişkin, büyümüş",,Sonstiges,1. Die Kinder sind schon fast erwachsen. 2. Wir haben zwei erwachsene Töchter.,erwachsen,B1.pdf
B1,Erwachsene,der,yetişkin,-n,Nomen,"1. Erwachsene zahlen 5 Euro, für Kinder ist der Eintritt frei. 2. Dieser Film ist nur für Erwachsene.","der Erwachsene, -n",B1.pdf
B1,erwarten,,"beklemek, ummak","erwartet, erwartete, hat erwartet",Verb,"1. Ich erwarte einen Anruf aus Berlin. 2. Frau Müller erwartet ein Kind. 3. Wir hatten nichts anderes erwartet. 4. Ich kann es gar nicht erwarten, euch wieder zu sehen.","erwarten, erwartet, erwartete, hat erwartet",B1.pdf
B1,erzählen,,anlatmak,"erzählt, erzählte, hat erzählt",Verb,1. Mein Mann hat mir schon viel von Ihnen erzählt. 2. Ich muss meinen Kindern abends immer eine Geschichte erzählen.,"erzählen, erzählt, erzählte, hat erzählt",B1.pdf
B1,Erzählung,die,"hikaye, öykü, anlatı",-en,Nomen,Diese Erzählung ist sehr berühmt. Du musst sie lesen.,"die Erzählung, -en",B1.pdf
B1,erziehen,,"yetiştirmek, eğitmek","erzieht, erzog, hat erzogen",Verb,Kinder zu erziehen ist nicht leicht.,"erziehen, erzieht, erzog, hat erzogen",B1.pdf
B1,Erziehung,die,"yetiştirme, terbiye, eğitim",,Nomen,Heute kümmern sich auch viele Väter um die Erziehung der Kinder.,die Erziehung,B1.pdf
B1,es,,"o (nötr, cansız)",,Sonstiges,"1. Mein Auto muss in die Werkstatt. Es ist kaputt. 2. Wissen Sie nicht, wo Herr Müller ist? - Nein, ich weiß es nicht. 3. Es wurden bei der Diskussion viele Fragen gestellt. 4. Wer ist da? – Ich bin’s. 5. Mir geht es gut. 6. Ich finde es sehr nett von Ihnen, dass Sie mich abholen. 7. Es macht Spaß, zusammen ein Picknick zu machen.",es,B1.pdf
B1,essen,,yemek,"isst, aß, hat gegessen",Verb,1. Haben Sie schon zu Mittag gegessen? 2. Ich esse gern Bananen. 3. Was gibt es heute zu essen?,"essen, isst, aß, hat gegessen",B1.pdf
B1,Essen,das,yemek,,Nomen,- 1. Darf ich Sie zum Essen einladen? 2. Das Essen ist kalt geworden.,"das Essen,",B1.pdf
B1,Essig,der,sirke,,Nomen,Am Salat fehlt noch etwas Essig.,der Essig,B1.pdf
B1,Etage,die,kat,"-n (D, CH) → Stock",Nomen,"Das Büro ist in der 3. Etage, Zimmer 305.","die Etage, -n (D, CH) → Stock",B1.pdf
B1,etwa,,"yaklaşık, aşağı yukarı",,Sonstiges,1. Von hier sind es etwa zwanzig Kilometer.,etwa,B1.pdf
B1,etwas,,"biraz, bir şey",,Sonstiges,2. Von zu Hause brauche ich etwa 10 Minuten bis zur Arbeit. 3. Du bist doch nicht etwa krank? 1. Ich muss dir etwas erzählen. 2. Ich habe nur Tee. Etwas anderes kann ich Ihnen leider nicht anbieten. 3. Haben Sie etwas zum Schreiben? 4. Wollen wir mit dem Nachtisch noch etwas warten? 5. So etwas habe ich noch nie gehört. 6. Ich habe etwas Gutes für dich gekocht.,etwas,B1.pdf
B1,eventuell,,"belki, muhtemelen",,Sonstiges,Ich komme eventuell etwas später.,eventuell,B1.pdf
B1,ewig,,"sonsuz, ebediyen",,Sonstiges,Ich warte schon ewig auf mein neues Auto!,ewig,B1.pdf
B1,Experte,der,uzman,-n,Nomen,Ich verstehe ein bisschen was von Computern. Aber ich bin kein Experte.,"der Experte, -n",B1.pdf
B1,Export,der,ihracat,-e,Nomen,"1. Hier ist die Firma Schulz, Import und Export. 2. Sonja arbeitet in der Exportabteilung.","der Export, -e",B1.pdf
B1,extra,,"ayrıca, özellikle, fazladan",,Sonstiges,1. Die Getränke kosten extra. 2. Warum sind Sie nicht gekommen? Ich habe extra auf Sie gewartet.,extra,B1.pdf
B1,extrem,,"aşırı, son derece",,Sonstiges,Die Prüfung war extrem schwer.,extrem,B1.pdf
B1,Fabrik,die,fabrika,-en,Nomen,Ich arbeite in einer Autofabrik.,"die Fabrik, -en",B1.pdf
B1,Fach,das,"ders, alan",¨-er,Nomen,1. Die Handtücher sind im obersten Fach links. 2. Welches Fach magst du in der Schule am liebsten?,"das Fach, ¨-er",B1.pdf
B1,Fachmann,der,"uzman, usta",,Nomen,Meine Schwester ist Computerfachfrau.,der Fachmann,B1.pdf
B1,Fachfrau,die,kadın uzman,-en,Nomen,Meine Schwester ist Computerfachfrau.,"die Fachfrau, -en",B1.pdf
B1,Fachleute,die,uzmanlar,(Pl.),Nomen,Die suchen Fachleute für dieses Computerprogramm.,die Fachleute (Pl.),B1.pdf
B1,Fähigkeit,die,"yetenek, kabiliyet",-en,Nomen,"1. In seiner Position braucht man die Fähigkeit, andere zu überzeugen. 2. Ich glaube, sie hat die Fähigkeit dazu.","die Fähigkeit, -en",B1.pdf
B1,fahren,,"gitmek, sürmek","fährt, fuhr, ist/hat gefahren",Verb,1. Wir sind mit dem Zug gefahren. 2. Fahr nicht so schnell. 3. Frau Koch fährt einen Mercedes. 4. Soll ich dich nach Hause fahren? 5. Er hat das Auto in die Garage gefahren.,"fahren, fährt, fuhr, ist/hat gefahren",B1.pdf
B1,Fähre,die,feribot,-n,Nomen,Wir nehmen die Fähre über den Bodensee.,"die Fähre, -n",B1.pdf
B1,Fahrbahn,die,"taşıt yolu, yol",-en,Nomen,Fahren Sie bitte vorsichtig. Es sind Kühe auf der Fahrbahn.,"die Fahrbahn, -en",B1.pdf
B1,Fahrer,der,"sürücü, şoför",,Nomen,- 1. Die Fahrerin des Wagens wurde nicht verletzt. 2. Leonid ist von Beruf Busfahrer. 3. Während der Fahrt bitte nicht mit dem Fahrer sprechen!,"der Fahrer,",B1.pdf
B1,Fahrkarte,die,bilet,-n → CH: Billet,Nomen,Fahrkarten bekommt man am Automaten.,"die Fahrkarte, -n → CH: Billet",B1.pdf
B1,Fahrplan,der,"sefer tarifesi, tarife",¨-e,Nomen,1. Der Fahrplan hat sich geändert. 2. Haben Sie schon den neuen Sommerfahrplan?,"der Fahrplan, ¨-e",B1.pdf
B1,Fahrrad,das,bisiklet,"¨-er → D, A: Rad, CH: Velo",Nomen,Sie fährt jeden Morgen mit dem Fahrrad zur Arbeit.,"das Fahrrad, ¨-er → D, A: Rad; CH: Velo",B1.pdf
B1,Fahrzeug,das,"araç, taşıt",-e,Nomen,Wem gehört das Fahrzeug?,"das Fahrzeug, -e",B1.pdf
B1,fair,,"adil, dürüst",,Sonstiges,"Ich finde, unsere Mannschaft hat sehr fair gespielt.",fair,B1.pdf
B1,Faktor,der,"faktör, etken",-en,Nomen,Die Creme hat einen hohen Sonnenschutzfaktor.,"der Faktor, -en",B1.pdf
B1,Fall,der,"durum, hâl",¨-e,Nomen,"1. Was würden Sie in diesem Fall tun? 2. Rufen Sie auf jeden Fall vorher noch einmal an. 3. Für den Fall, dass meine Mutter aus dem Krankenhaus kommt, bleibe ich zu Hause.","der Fall, ¨-e",B1.pdf
B1,fallen,,düşmek,"fällt, fiel, ist gefallen",Verb,1. Das Glas ist auf den Boden gefallen. 2. In den Bergen ist schon Schnee gefallen. 3. Die Temperatur ist ganz plötzlich unter null gefallen.,"fallen, fällt, fiel, ist gefallen",B1.pdf
B1,fällig,,"vadesi gelmiş, ödenmesi gereken",,Sonstiges,Die Rechnung ist Énde des Monats fällig.,fällig,B1.pdf
B1,falls,,"eğer, şayet",,Sonstiges,"Falls es regnet, machen wir kein Picknick.",falls,B1.pdf
B1,falsch,,yanlış,,Sonstiges,"1. Tut mir leid, ich habe die falsche Nummer gewählt. 2. Meine Uhr geht falsch. 3. Was Sie da sagen, ist falsch.",falsch,B1.pdf
B1,Familie,die,aile,-n,Nomen,Ich habe eine große Familie.,"die Familie, -n",B1.pdf
B1,Familienstand (D,der,medeni hâl,"A) Personenstand, CH: Zivilstand",Nomen,Bei „Familienstand“ musst du „ledig“ ankreuzen.,"der Familienstand (D, A) Personenstand; CH: Zivilstand",B1.pdf
B1,fangen,,"yakalamak, tutmak","fängt, fing, hat gefangen",Verb,1. Das Kind hat den Ball gefangen. 2. Unsere Katze hat eine Maus gefangen.,"fangen, fängt, fing, hat gefangen",B1.pdf
B1,Fantasie/Phantasie,die,"hayal gücü, fantazi",-n,Nomen,Mein Sohn malt sehr gut. Er hat viel Fantasie.,"die Fantasie/Phantasie, -n",B1.pdf
B1,fantastisch,,"harika, muhteşem",,Sonstiges,Die Aussicht ist fantastisch!,fantastisch,B1.pdf
B1,Farbe,die,renk,-n,Nomen,1. Welche Farbe magst du am liebsten? 2. Diese Farbe trocknet schnell.,"die Farbe, -n",B1.pdf
B1,farbig,,renkli,,Sonstiges,"Ich brauche kein weißes, sondern farbiges Papier.",farbig,B1.pdf
B1,Faschierte (A) D,das,kıyma,CH: Hackfleisch,Nomen,Geben Sie mir bitte 500 g Faschiertes.,"das Faschierte (A) D, CH: Hackfleisch",B1.pdf
B1,Fasching,der,karnaval,"- (D, A) D: Karneval, CH: Fasnacht",Nomen,Dort hängt mein Kostüm für den Faschings(um)zug.,"der Fasching, - (D, A) D: Karneval; CH: Fasnacht",B1.pdf
B1,Fasnacht (CH) D,die,karnaval,"A: Fasching, D: Karneval",Nomen,Dort hängt mein Kostüm für den Fasnachtsumzug.,"die Fasnacht (CH) D, A: Fasching; D: Karneval",B1.pdf
B1,fassen,,"tutmak, yakalamak, almak","fasst, fasste, hat gefasst",Verb,"1. Sie haben den Dieb gefasst. 2. Ich habe den Entschluss gefasst, nach Wien zu ziehen.","fassen, fasst, fasste, hat gefasst",B1.pdf
B1,fast,,"neredeyse, hemen hemen",,Sonstiges,1. Das Konzent ist fast zu Ende. 2. Ich habe fast alles verstanden.,fast,B1.pdf
B1,faul,,tembel,,Sonstiges,1. Mein Sohn war am Anfang in der Schule sehr faul. Heute lernt er sehr fleißig. 2. Den Apfel kannst du nicht mehr essen. Er ist faul.,faul,B1.pdf
B1,faulenzen,,"tembellik etmek, aylaklık etmek","faulenzt, faulenzte, hat gefaulenzt",Verb,Am Wochenende können wir faulenzen.,"faulenzen, faulenzt, faulenzte, hat gefaulenzt",B1.pdf
B1,Fauteuil,der,koltuk,"-s (A, CH) → D, CH: Sessel",Nomen,Ich hätte gern einen bequemen Fauteuil.,"der Fauteuil, -s (A, CH) → D, CH: Sessel",B1.pdf
B1,fehlen,,"eksik olmak, yok olmak","fehlt, fehlte, hat gefehlt",Verb,"1 Auf dem Brief fehlt der Absender. 2. Hast du Kleingeld? Mir fehlt ein Euro. 3. In der Kasse fehlen 20 Euro. 4. Antonio war nicht in der Schule, er fehlt schon seit drei Tagen. 5. Was fehlt Ihnen? Haben Sie Schmerzen?","fehlen, fehlt, fehlte, hat gefehlt",B1.pdf
B1,Fehler,der,hata,-,Nomen,"1. Ich glaube, da haben Sie einen Fehler gemacht. 2. Die Schülerin hat den Fehler sofort gefunden.","der Fehler, -",B1.pdf
B1,feiern,,kutlamak,"feiert, feierte, hat gefeiert",Verb,Wir haben gestern Karls Geburtstag gefeiert.,"feiern, feiert, feierte, hat gefeiert",B1.pdf
B1,Feier,die,kutlama,-n,Nomen,Es war eine schöne Feier.,"die Feier, -n",B1.pdf
B1,Feierabend,der,"iş çıkışı, mesai sonu",,Nomen,Einen schönen Feierabend.,der Feierabend,B1.pdf
B1,Feiertag,der,"tatil günü, bayram günü",-e,Nomen,1. Am Montag ist Feiertag. 2. Schöne Feiertage.,"der Feiertag, -e",B1.pdf
B1,Feld,das,"tarla, alan",-er,Nomen,Auf diesem Feld wächst Gemüse.,"das Feld, -er",B1.pdf
B1,Fenster,das,pencere,-,Nomen,Darf ich einen Moment das Fenster aufmachen?,"das Fenster, -",B1.pdf
B1,Ferien (Pl.) (CH) → D,die,tatil,A: Urlaub Ferien-,Nomen,Ich habe noch drei Tage Ferien. Ich suche eine günstige Ferienwohnung.,"die Ferien (Pl.) (CH) → D, A: Urlaub Ferien-",B1.pdf
B1,Fernbedienung,die,uzaktan kumanda,-en,Nomen,Hast du die Fernbedienung gesehen?,"die Fernbedienung, -en",B1.pdf
B1,fernsehen,,televizyon izlemek,"sieht fern, sah fern, hat ferngesehen",Verb,Meine Kinder dürfen abends nur eine Stunde fernsehen.,"fernsehen, sieht fern, sah fern, hat ferngesehen",B1.pdf
B1,Fernsehen,das,televizyon,,Nomen,Was gibt es heute Abend im Fernsehen?,das Fernsehen,B1.pdf
B1,Fernseher,der,televizyon,,Nomen,- Der Fernseher ist schon wieder kaputt.,"der Fernseher,",B1.pdf
B1,fertig,,"hazır, bitmiş",,Sonstiges,"1. Das Essen ist gleich fertig. 2. Wenn ich mit der Arbeit fertig bin, gehe ich nach Hause. 3. Bist du fertig? 4. Das war ein schlimmer Tag. Ich bin total fertig.",fertig,B1.pdf
B1,fest,,"sağlam, sıkı, kesin",,Sonstiges,"1. Mein Kollege glaubt fest daran, dass er die neue Stelle bekommt. 2. Als wir nach Hause kamen, haben die Kinder schon fest geschlafen. 3. Für die nächste Familienfeier gibt es noch keinen festen Termin.",fest,B1.pdf
B1,Fest,das,"bayram, şenlik",-e,Nomen,"1. Wenn ich 18 werde, feiern wir ein großes Fest. 2. Frohes Fest!","das Fest, -e",B1.pdf
B1,Festplatte,die,sabit disk,-n,Nomen,Mein Computer hat eine große Festplatte.,"die Festplatte, -n",B1.pdf
B1,festhalten,,"sıkıca tutmak, tutunmak","hält fest, hielt fest, hat festgehalten",Verb,1. Halt dich gut fest. 2. Halt die Flasche gut fest.,"festhalten, hält fest, hielt fest, hat festgehalten",B1.pdf
B1,festlegen,,"belirlemek, kararlaştırmak","legt fest, legte fest, hat festgelegt",Verb,"1. Ich weiß noch nicht, ob ich das mache. Ich möchte mich noch nicht festlegen. 2. Habt ihr den Hochzeitstermin schon festgelegt?","festlegen, legt fest, legte fest, hat festgelegt",B1.pdf
B1,festnehmen nimmt fest,,"tutuklamak, gözaltına almak","nahm fest, hat festgenommen.",Verb,Die Polizei hat einen Mann festgenommen.,"festnehmen nimmt fest, nahm fest, hat festgenommen.",B1.pdf
B1,festsetzen,,"belirlemek, kararlaştırmak, tespit etmek","setzt fest, setzte fest, hat festgesetzt",Verb,Die Schule hat den Termin für die Prüfung festgesetzt.,"festsetzen, setzt fest, setzte fest, hat festgesetzt",B1.pdf
B1,feststehen,,"kesinleşmiş olmak, belli olmak","steht fest, stand fest, ist festgestanden",Verb,Der Termin steht seit Langem fest.,"feststehen, steht fest, stand fest, ist festgestanden",B1.pdf
B1,feststellen,,"tespit etmek, saptamak, fark etmek","stellt fest, stellte fest, hat festgestellt",Verb,"1. Er hat festgestellt, dass der Absender des Briefes falsch war. 2. Der Arzt hat mich untersucht, konnte aber nichts feststellen.","feststellen, stellt fest, stellte fest, hat festgestellt",B1.pdf
B1,fett,,yağlı,,Sonstiges,1. Die Wurst ist mir zu fett. 2. Das ist aber eine fette Katze!,fett,B1.pdf
B1,Fett,das,yağ,,Nomen,Man soll nicht so viel Fett essen.,das Fett,B1.pdf
B1,feucht,,"nemli, ıslak",,Sonstiges,1. Die Wäsche ist noch feucht. 2. Es ist heute feucht draußen.,feucht,B1.pdf
B1,Feuer,das,ateş,,Nomen,1. Der Schaden durch das Feuer war sehr groß. 2. Haben Sie Feuer?,das Feuer,B1.pdf
B1,Feuerzeug,das,çakmak,-e,Nomen,Ist das Feuerzeug neu?,"das Feuerzeug, -e",B1.pdf
B1,Feuerwehr,die,itfaiye,-en,Nomen,Schnell! Rufen Sie die Feuerwehr! Die Nummer ist: 112.,"die Feuerwehr, -en",B1.pdf
B1,Fieber,das,ateş,,Nomen,Plötzlich habe ich hohes Fieber bekommen.,das Fieber,B1.pdf
B1,Figur,die,"vücut yapısı, figür, şekil",-en,Nomen,1. Lars hat eine gute Figur. 2. Bei diesem Spiel hat jeder Spieler vier Figuren.,"die Figur, -en",B1.pdf
B1,Film,der,film,-e,Nomen,Den Film musst du dir unbedingt ansehen.,"der Film, -e",B1.pdf
B1,finanzieren,,finanse etmek,"finanziert, finanzierte, hat finanziert",Verb,"Ich weiß nicht, wie ich das Auto finanzieren soll.","finanzieren, finanziert, finanzierte, hat finanziert",B1.pdf
B1,finanziell,,"mali, parasal, finansal",,Sonstiges,Finanziell geht es meinem Neffen jetzt besser.,finanziell,B1.pdf
B1,finden,,"bulmak, düşünmek","findet, fand, hat gefunden",Verb,1. Meine Tante hat eine gute Arbeit gefunden. 2. Ich kann meinen Schlüssel nicht finden. 3. Luigi finde ich sehr nett.,"finden, findet, fand, hat gefunden",B1.pdf
B1,Finger,der,parmak,-,Nomen,Alessandro hat sich in den Finger geschnitten.,"der Finger, -",B1.pdf
B1,Firma,die,"şirket, firma",Firmen,Nomen,Seit wann arbeiten Sie bei dieser Firma?,"die Firma, Firmen",B1.pdf
B1,flach,,"düz, sığ, basık",,Sonstiges,1. Für die Arbeit brauche ich flache Schuhe. 2. An dieser Stelle ist der See sehr flach.,flach,B1.pdf
B1,Fläche,die,"yüzey, alan",-n,Nomen,Unsere Wohnung hat eine Wohnfläche von 100 m².,"die Fläche, -n",B1.pdf
B1,Flasche,die,şişe,-n,Nomen,1. Wo kann man die leeren Flaschen zurückgeben? 2. Eine Flasche Bier bitte.,"die Flasche, -n",B1.pdf
B1,Fleck,der,leke,-en,Nomen,Du hast einen Fleck auf der Bluse.,"der Fleck, -en",B1.pdf
B1,Fleisch,das,et,,Nomen,Fleisch mag ich nicht.,das Fleisch,B1.pdf
B1,Fleischhauer,der,kasap,-,Nomen,Dieser Fleischhauer macht sehr gute Wurst.,"der Fleischhauer, -",B1.pdf
B1,Fleischhauerin,die,kadın kasap,-nen (A) → Metzger,Nomen,Dieser Fleischhauer macht sehr gute Wurst.,"die Fleischhauerin, -nen (A) → Metzger",B1.pdf
B1,fleißig,,çalışkan,,Sonstiges,Pamela ist wirklich fleißig. Sie macht immer ihre Hausaufgaben.,fleißig,B1.pdf
B1,flexibel,,esnek,,Sonstiges,Meine Arbeitszeit ist flexibel.,flexibel,B1.pdf
B1,fliegen,,uçmak,"fliegt, flog, ist geflogen",Verb,1. Der Vogel ist auf einen Baum geflogen. 2. Diese Maschine fliegt direkt nach New York. 3. Ich bin nach Berlin geflogen.,"fliegen, fliegt, flog, ist geflogen",B1.pdf
B1,fliehen,,"kaçmak, firar etmek","flieht, floh, ist geflohen",Verb,Der Einbrecher ist sofort geflohen.,"fliehen, flieht, floh, ist geflohen",B1.pdf
B1,Flucht,die,"kaçış, firar",,Nomen,Der Einbrecher war schon auf der Flucht.,die Flucht,B1.pdf
B1,fließen,,akmak,"fließt, floss, ist geflossen",Verb,Dieser Fluss fließt in die Nordsee.,"fließen, fließt, floss, ist geflossen",B1.pdf
B1,fließend,,"akıcı, akan",,Sonstiges,1. Mein Kollege spricht fließend Deutsch. 2. Zimmer mit fließendem Wasser.,fließend,B1.pdf
B1,Flohmarkt,der,bit pazarı,¨-e,Nomen,Diesen Hut habe ich am Flohmarkt gekauft.,"der Flohmarkt, ¨-e",B1.pdf
B1,Flöte,die,flüt,-n,Nomen,Sie spielt sehr schön Flöte.,"die Flöte, -n",B1.pdf
B1,Flug,der,uçuş,¨-e,Nomen,Ich habe den Flug für Sie gebucht.,"der Flug, ¨-e",B1.pdf
B1,Flughafen,der,"havaalanı, havalimanı",¨-,Nomen,Der Flughafen liegt 30 km außerhalb der Stadt.,"der Flughafen, ¨-",B1.pdf
B1,Flugzeug,das,uçak,-e,Nomen,Das Flugzeug ist gerade gelandet.,"das Flugzeug, -e",B1.pdf
B1,Flur,der,"koridor, hol","-e → Gang, D, CH: Korridor",Nomen,Wir warten draußen im Flur.,"der Flur, -e → Gang; D, CH: Korridor",B1.pdf
B1,Fluss,der,"nehir, ırmak",¨-e,Nomen,Wie heißt dieser Fluss?,"der Fluss, ¨-e",B1.pdf
B1,Flüssigkeit,die,sıvı,-en,Nomen,Dieses Medikament mit viel Flüssigkeit einnehmen.,"die Flüssigkeit, -en",B1.pdf
B1,folgen,,"takip etmek, izlemek","folgt, folgte, ist gefolgt",Verb,1. Es folgen die Nachrichten. 2. Folgen Sie der Reiseleiterin.,"folgen, folgt, folgte, ist gefolgt",B1.pdf
B1,Folge,die,"sonuç, netice",-n,Nomen,Die Folgen des Unfalls waren schlimm.,"die Folge, -n",B1.pdf
B1,folgend,,"aşağıdaki, izleyen, sonraki",,Sonstiges,1. Mehr Informationen auf den folgenden Seiten. 2. Das Geschäft hat folgende Angebote: …,folgend,B1.pdf
B1,fordern,,"talep etmek, istemek","fordert, forderte, hat gefordert",Verb,Die Arbeitnehmer fordern mehr Geld.,"fordern, fordert, forderte, hat gefordert",B1.pdf
B1,Forderung,die,"talep, istek",-en,Nomen,Alle Forderungen der Arbeitnehmer kann man in dieser E-Mail lesen.,"die Forderung, -en",B1.pdf
B1,fördern,,"desteklemek, teşvik etmek","fördert, förderte, hat gefördert",Verb,Die Stadt fördert viele Sportprojekte.,"fördern, fördert, förderte, hat gefördert",B1.pdf
B1,Förderung,die,"destek, teşvik, hibe",-en,Nomen,Für das Projekt bekommen wir eine Förderung von der Stadt.,"die Förderung, -en",B1.pdf
B1,Form,die,"şekil, biçim",-en,Nomen,1. Diese Schuhe haben eine schöne Form. 2. Ich möchte für den Geburtstag einen Kuchen backen. Kannst du mir eine Backform leihen?,"die Form, -en",B1.pdf
B1,Formular,das,"form, formüler",-e,Nomen,Füllen Sie bitte dieses Formular aus.,"das Formular, -e",B1.pdf
B1,Forschung,die,araştırma,-en,Nomen,Er arbeitet in der Forschung.,"die Forschung, -en",B1.pdf
B1,Fortbildung,die,"mesleki eğitim, ileri eğitim",-en,Nomen,"Die Fortbildung, die ich machen will, ist sehr teuer.","die Fortbildung, -en",B1.pdf
B1,Fortschritt,der,"ilerleme, gelişme",-e,Nomen,Ich habe beim Deutschlernen große Fortschritte gemacht.,"der Fortschritt, -e",B1.pdf
B1,fortsetzen,,"devam ettirmek, sürdürmek","setzt fort, setzte fort, hat fortgesetzt",Verb,Wir setzen die Behandlung am nächsten Donnerstag um 11 Uhr fort.,"fortsetzen, setzt fort, setzte fort, hat fortgesetzt",B1.pdf
B1,Fortsetzung,die,devam,-en,Nomen,Fortsetzung folgt.,"die Fortsetzung, -en",B1.pdf
B1,Forum,das,forum,Foren (Internetforum),Nomen,Ich melde mich heute bei diesem Forum an.,"das Forum, Foren (Internetforum)",B1.pdf
B1,fotografieren,,fotoğraf çekmek,"fotografiert, fotografierte, hat fotografiert",Verb,Ich fotografiere gern.,"fotografieren, fotografiert, fotografierte, hat fotografiert",B1.pdf
B1,Foto,das,fotoğraf,-s,Nomen,Können Sie dieses Foto vergrößern?,"das Foto, -s",B1.pdf
B1,Fotoapparat,der,fotoğraf makinesi,-e,Nomen,Ich möchte mir einen Fotoapparat kaufen.,"der Fotoapparat, -e",B1.pdf
B1,Fotograf,der,fotoğrafçı,-en,Nomen,Die Fotografin hat sehr schöne Fotos gemacht.,"der Fotograf, -en",B1.pdf
B1,Fotografie,die,"fotoğrafçılık, fotoğraf",-n,Nomen,Ich interessiere mich für Fotografie.,"die Fotografie, -n",B1.pdf
B1,fragen,,sormak,"fragt, fragte, hat gefragt",Verb,"1. Darf ich Sie etwas fragen? 2. Hat jemand nach mir gefragt? 3. Ich frage mich, ob das richtig war.","fragen, fragt, fragte, hat gefragt",B1.pdf
B1,Frage,die,soru,-n,Nomen,1. Ich habe Ihre Frage leider nicht verstanden. 2. Das kommt gar nicht infrage!,"die Frage, -n",B1.pdf
B1,Frau,die,"kadın, bayan",-en,Nomen,"1. In meinem Deutschkurs sind mehr Frauen als Männer. 2. Ist Ihre Frau berufstätig? 3. Guten Tag, Frau Müller!","die Frau, -en",B1.pdf
B1,frech,,"arsız, küstah, yaramaz",,Sonstiges,Du darfst in der Schule nicht so frech sein.,frech,B1.pdf
B1,frei,,"boş, serbest",,Sonstiges,1. Ist dieser Platz noch frei? 2. Morgen haben wir frei. 3. Eintritt frei. 4. Ich trinke nur alkoholfreies Bier. 5. Dieses Medikament ist rezeptfrei. 6. Die Schüler können die Arbeitszeit frei wählen.,frei,B1.pdf
B1,im Freien,,açık havada,,Sonstiges,Wir wollen heute im Freien übernachten.,im Freien,B1.pdf
B1,Freiheit,die,özgürlük,,Nomen,"Wir wollen die Freiheit haben, unsere Meinung sagen zu können.",die Freiheit,B1.pdf
B1,Freizeit,die,"boş zaman, serbest zaman",,Nomen,In meiner Freizeit höre ich gern Musik.,die Freizeit,B1.pdf
B1,freiwillig,,"gönüllü olarak, isteyerek",,Sonstiges,Manchmal bleibe ich freiwillig länger im Büro.,freiwillig,B1.pdf
B1,fremd,,yabancı,,Sonstiges,1. Ich reise gern in fremde Länder. 2. Ich bin fremd hier.,fremd,B1.pdf
B1,fressen,,yemek (hayvan için),"frisst, fraß, hat gefressen",Verb,Hat der Hund schon etwas zu fressen bekommen?,"fressen, frisst, fraß, hat gefressen",B1.pdf
B1,sich freuen,,"sevinmek, mutlu olmak","freut sich, freute sich, hat sich gefreut",Verb,"1. Es freut mich, dass alles so gut geklappt hat. 2. Ich habe mich über Ihr Geschenk sehr gefreut. 3. Ich freue mich schon auf meinen nächsten Urlaub.","sich freuen, freut sich, freute sich, hat sich gefreut",B1.pdf
B1,Freude,die,"sevinç, mutluluk",,Nomen,Diese Arbeit macht mir viel Freude.,die Freude,B1.pdf
B1,Freund,der,"arkadaş, erkek arkadaş",-e,Nomen,Ich sehe meine Freunde nur am Wochenende.,"der Freund, -e",B1.pdf
B1,freundlich,,"arkadaş canlısı, güler yüzlü",,Sonstiges,1. Er hat uns sehr freundlich begrüßt. 2. Der Mann ist sehr freundlich zu mir. 3. Mit freundlichen Grüßen,freundlich,B1.pdf
B1,Freundschaft,die,"arkadaşlık, dostluk",-en,Nomen,Deine Freundschaft ist mir sehr wichtig.,"die Freundschaft, -en",B1.pdf
B1,Friede,der,barış,"Frieden, -",Nomen,Endlich ist hier Frieden!,"der Friede, Frieden, -",B1.pdf
B1,frieren,,"üşümek, donmak","friert, fror, hat gefroren",Verb,"1. Wenn Sie frieren, mache ich das Fenster wieder zu. 2. Heute Nacht hat es gefroren.","frieren, friert, fror, hat gefroren",B1.pdf
B1,frisch,,taze,,Sonstiges,1. Das Brot ist noch ganz frisch. 2. Die Handtücher sind frisch gewaschen. 3. Ich muss mal an die frische Luft.,frisch,B1.pdf
B1,Friseur,der,"kuaför, berber",-e,Nomen,1. Du siehst toll aus! Wer ist dein Friseur? 2. Meine Tochter will Friseurin werden.,"der Friseur, -e",B1.pdf
B1,Friseurin,die,kadın kuaför,"-nen (D, A) → CH: Coiffeur",Nomen,1. Du siehst toll aus! Wer ist dein Friseur? 2. Meine Tochter will Friseurin werden.,"die Friseurin, -nen (D, A) → CH: Coiffeur",B1.pdf
B1,Frisur,die,saç modeli,-en,Nomen,Du hast eine tolle Frisur! Warst du beim Friseur?,"die Frisur, -en",B1.pdf
B1,Frist,die,"süre, son tarih",-en,Nomen,Die Frist für die Anmeldung zum Deutschkurs ist abgelaufen.,"die Frist, -en",B1.pdf
B1,froh,,"mutlu, sevinçli",,Sonstiges,"1. Ich bin froh, dass alles so gut geklappt hat. 2. Frohes Fest!",froh,B1.pdf
B1,fröhlich,,"neşeli, sevinçli",,Sonstiges,1. Die Musik klingt fröhlich. 2. Sie ist ein fröhlicher Mensch.,fröhlich,B1.pdf
B1,Frucht,die,meyve,¨-e,Nomen,Welche Früchte kann man essen?,"die Frucht, ¨-e",B1.pdf
B1,Früchte (CH) → D,,meyve,A: Obst,Sonstiges,Früchte kaufe ich am liebsten auf dem Markt.,"Früchte (CH) → D, A: Obst",B1.pdf
B1,früh,,erken,,Sonstiges,1. Hier ist schon am frühen Morgen starker Verkehr. 2. Mein Vater arbeitet von früh bis spät. 3. Ich bin heute sehr früh aufgestanden.,früh,B1.pdf
B1,früher/früher-,,"eskiden, önceden",,Sonstiges,4. Wir sind eine halbe Stunde zu früh gekommen. 5. Wecken Sie mich bitte morgen früh um 6 Uhr. 1. Früher habe ich in Berlin gewohnt. 2. Wir nehmen den früheren Zug.,früher/früher-,B1.pdf
B1,frühstücken,,kahvaltı yapmak,"frühstückt, frühstückte, hat gefrühstückt",Verb,Haben Sie schon gefrühstückt?,"frühstücken, frühstückt, frühstückte, hat gefrühstückt",B1.pdf
B1,Frühstück,das,kahvaltı,,Nomen,1. Wir sitzen gerade beim Frühstück. 2. Sollen wir Ihnen das Frühstück aufs Zimmer bringen?,das Frühstück,B1.pdf
B1,fühlen,,hissetmek,"fühlt, fühlte, hat gefühlt",Verb,"1. Wie fühlen Sie sich? - Danke, ich fühle mich wohl. 2. Fühl mal, ob das Wasser nicht zu heiß ist.","fühlen, fühlt, fühlte, hat gefühlt",B1.pdf
B1,führen,,"yönetmek, götürmek, yol göstermek","führt, führte, hat geführt",Verb,1. Der Lehrer führt seine Schüler durch das Museum. 2. Frau Meyer führt den Betrieb schon seit zehn Jahren. 3. Nach 20 Minuten führte unsere Mannschaft 2 : 0. 4. Die Straße führt direkt zum Bahnhof.,"führen, führt, führte, hat geführt",B1.pdf
B1,Führerausweis,der,ehliyet,"-e (CH) → D, A: Führerschein",Nomen,Hast du einen Führerausweis?,"der Führerausweis, -e (CH) → D, A: Führerschein",B1.pdf
B1,Führerschein,der,ehliyet,"-e (D, A) → CH: Führerausweis",Nomen,1. Hast du einen Führerschein? 2. Ich habe vor einem halben Jahr den Führerschein gemacht.,"der Führerschein, -e (D, A) → CH: Führerausweis",B1.pdf
B1,Führung,die,"rehberli tur, gezi",-en,Nomen,1. Die nächste Führung beginnt um 15 Uhr. 2. Bayern München liegt in Führung.,"die Führung, -en",B1.pdf
B1,Fundbüro,das,kayıp eşya bürosu,-s,Nomen,Sie haben Ihren Schirm verloren. Da fragen Sie am besten im Fundbüro.,"das Fundbüro, -s",B1.pdf
B1,funktionieren,,"çalışmak, işlemek","funktioniert, funktionierte, hat funktioniert",Verb,"1. Können Sie mir bitte mal zeigen, wie der Automat funktioniert? 2. Unsere Ehe funktioniert nicht mehr.","funktionieren, funktioniert, funktionierte, hat funktioniert",B1.pdf
B1,für,,için,,Sonstiges,1. Ist Post für mich da? 2. Ich habe die Schlüssel für meine Wohnung verloren. 3. Gibt es hier einen Sportverein für Jugendliche? 4. Diese alten Möbel haben wir für 100 Euro bekommen. 5. Für einen Anfänger spielt er schon sehr gut Klavier. 6. Du kannst nicht einkaufen gehen? Ich kann es für dich machen. 7. Für mich ist das ein schwerer Fehler. 8. Wir haben die Wohnung für ein Jahr gemietet.,für,B1.pdf
B1,furchtbar,,"korkunç, berbat",,Sonstiges,1. Dennis hat furchtbare Schmerzen. 2. Das war mir furchtbar unangenehm.,furchtbar,B1.pdf
B1,sich fürchten,,korkmak,"fürchtet, fürchtete, hat gefürchtet",Verb,Sie fürchtet sich vor Schlangen.,"(sich) fürchten, fürchtet, fürchtete, hat gefürchtet",B1.pdf
B1,Fuß,der,ayak,¨-e,Nomen,1. Er hat sich den linken Fuß gebrochen. 2. Sind Sie zu Fuß gekommen?,"der Fuß, ¨-e",B1.pdf
B1,Fußball,der,futbol,¨-e,Nomen,1. Spielt ihr gerne Fußball? 2. Jonas wünscht sich zu Weihnachten einen neuen Fußball.,"der Fußball, ¨-e",B1.pdf
B1,Fußgänger,der,yaya,"die Fußgängerin, -nen",Nomen,- Dieser Weg ist nur für Fußgänger.,"der Fußgänger, die Fußgängerin, -nen",B1.pdf
B1,Fußgängerzone,die,yaya bölgesi,-n,Nomen,Wir treffen uns um 15 Uhr in der Fußgängerzone.,"die Fußgängerzone, -n",B1.pdf
B1,füttern,,"beslemek, yem vermek","füttert, fütterte, hat gefüttert",Verb,"Es ist im Zoo nicht erlaubt, die Tiere zu füttern.","füttern, füttert, fütterte, hat gefüttert",B1.pdf
B1,Gabel,die,çatal,-n,Nomen,Wir brauchen bitte noch eine Gabel.,"die Gabel, -n",B1.pdf
B1,Galerie,die,galeri,-n,Nomen,Diese Galerie ist sehr interessant.,"die Galerie, -n",B1.pdf
B1,Gang,der,"koridor, geçit, vites",¨-e,Nomen,"1. Wir warten draußen im Gang. ( → D, CH: Korridor; D: Flur) 2. Schalten Sie bitte jetzt in den dritten Gang. 3. Was möchten Sie als ersten Gang? Suppe oder Salat?","der Gang, ¨-e",B1.pdf
B1,ganz,,"tam, bütün, sağlam",,Sonstiges,1. Ich habe den ganzen Tag noch nichts gegessen. 2. Den Zahnarzttermin habe ich ganz vergessen. 3. Ich finde Janis ganz nett. 4. Am Montag ist hier Ruhetag. Das weiß ich ganz sicher. 5. Gott sei Dank ist meine Brille noch ganz.,ganz,B1.pdf
B1,gar,,pişmiş,,Sonstiges,1. Die Kartoffeln sind noch nicht gar. 2. Du räumst nie dein Zimmer auf. – Das ist gar nicht wahr.,gar,B1.pdf
B1,Garage,die,garaj,-n,Nomen,Hier ist eine Garage zu vermieten.,"die Garage, -n",B1.pdf
B1,garantieren,,garanti etmek,"garantiert, garantierte, hat garantiert",Verb,"Ich kann Ihnen nicht garantieren, dass das Gerät nächste Woche fertig ist.","garantieren, garantiert, garantierte, hat garantiert",B1.pdf
B1,Garantie,die,garanti,,Nomen,Auf die Waschmaschine haben Sie ein Jahr Garantie.,die Garantie,B1.pdf
B1,Garderobe,die,vestiyer,-n,Nomen,1. Die Mäntel bitte an der Garderobe abgeben.,"die Garderobe, -n",B1.pdf
B1,Garten,der,bahçe,¨-,Nomen,"2. Bitte, achten Sie auf Ihre Garderobe. Wir haben einen schönen großen Garten.","der Garten, ¨-",B1.pdf
B1,Gas,das,gaz,,Nomen,1. Wir kochen mit Gas. 2. Gib Gas! Die Ampel ist grün.,das Gas,B1.pdf
B1,Gast,der,"misafir, konuk",¨-e,Nomen,1. Wir haben heute Abend Gäste. 2. Der Gast hat sich über das Essen beschwert.,"der Gast, ¨-e",B1.pdf
B1,Gasthaus,das,"han, lokanta",¨-er (A),Nomen,Gehen wir noch in ein Gasthaus ein Bier trinken?,"das Gasthaus, ¨-er (A)",B1.pdf
B1,Gaststätte,die,"lokanta, restoran",-n (D),Nomen,Ich arbeite seit einem Monat in einer Gaststätte.,"die Gaststätte, -n (D)",B1.pdf
B1,Gebäude,das,bina,-,Nomen,In diesem Gebäude sind nur Büros.,"das Gebäude, -",B1.pdf
B1,geben,,"vermek, bulunmak","gibt, gab, hat gegeben",Verb,1. Geben Sie mir bitte eine Quittung! 2. Können Sie mir etwas zum Schreiben geben? 3. Der Arzt hat mir eine Spritze gegeben. 4. Was gibt es im Fernsehen? 5. Es gibt bald Regen.,"geben, gibt, gab, hat gegeben",B1.pdf
B1,Gebäck,das,"hamur işi, çörek",,Nomen,Das Gebäck ist ganz frisch.,das Gebäck,B1.pdf
B1,Gebiet,das,"bölge, alan",-e,Nomen,1. In diesem Gebiet gibt es kaum Industrie. 2. Die Zeitschrift berichtet regelmäßig über Fortschritte auf dem Gebiet der Medizin.,"das Gebiet, -e",B1.pdf
B1,Gebirge,das,"dağlık bölge, sıradağlar",,Nomen,Wir haben unseren Urlaub im Gebirge verbracht.,das Gebirge,B1.pdf
B1,geboren werden,,doğmak,"wird geboren, wurde geboren, ist geboren worden",Verb,Wann und wo sind Sie geboren?,"geboren werden, wird geboren, wurde geboren, ist geboren worden",B1.pdf
B1,gebrauchen,,kullanmak,"gebraucht, gebrauchte, hat gebraucht",Verb,1. Wir können diese Möbel gut gebrauchen. 2. Ich habe den Wagen gebraucht gekauft. 3. Ich suche eine gebrauchte Waschmaschine.,"gebrauchen, gebraucht, gebrauchte, hat gebraucht",B1.pdf
B1,Gebrauchsanweisung,die,"kullanma talimatı, kullanım kılavuzu",-en,Nomen,Lesen Sie bitte zuerst die Gebrauchsanweisung.,"die Gebrauchsanweisung, -en",B1.pdf
B1,Gebühr,die,"ücret, harç",-en,Nomen,Die Gebühr liegt bei 60 Euro.,"die Gebühr, -en",B1.pdf
B1,Geburt,die,doğum,-en,Nomen,Wir gratulieren zur Geburt eures Kindes!,"die Geburt, -en",B1.pdf
B1,Geburtstag,der,doğum günü,-e,Nomen,Herzlichen Glückwunsch zum Geburtstag!,"der Geburtstag, -e",B1.pdf
B1,Gedicht,das,şiir,-e,Nomen,Kennst du ein schönes Gedicht?,"das Gedicht, -e",B1.pdf
B1,Geduld,die,sabır,,Nomen,Bitte haben Sie etwas Geduld.,die Geduld,B1.pdf
B1,geehrt,,"sayın, saygıdeğer",,Sonstiges,"Sehr geehrte Damen und Herren, …",geehrt,B1.pdf
B1,geeignet,,"uygun, elverişli",,Sonstiges,Dieses Spiel ist nicht für Kinder unter drei Jahren geeignet.,geeignet,B1.pdf
B1,Gefahr,die,tehlike,-en,Nomen,Betreten der Baustelle auf eigene Gefahr.,"die Gefahr, -en",B1.pdf
B1,gefährlich,,tehlikeli,,Sonstiges,"1. Achtung, hier ist eine gefährliche Kurve! 2. Du darfst nicht bei Rot über die Straße gehen. Das ist gefährlich.",gefährlich,B1.pdf
B1,gefallen,,"hoşuna gitmek, beğenilmek","gefällt, gefiel, hat gefallen",Verb,1. Wie gefällt es Ihnen hier? 2. Der Pullover gefällt mir gut.,"gefallen, gefällt, gefiel, hat gefallen",B1.pdf
B1,sich etwas gefallen lassen,,"razı olmak, katlanmak","lässt sich etwas gefallen, ließ sich etwas gefallen, hat sich etwas gefallen lassen",Verb,Das würde ich mir nicht gefallen lassen.,"sich etwas gefallen lassen, lässt sich etwas gefallen, ließ sich etwas gefallen, hat sich etwas gefallen lassen",B1.pdf
B1,Gefängnis,das,hapishane,-se,Nomen,Er wurde zu fünf Jahren Gefängnis verurteilt.,"das Gefängnis, -se",B1.pdf
B1,Gefühl,das,"duygu, his",-e,Nomen,"Ich glaube, ich schaffe die Prüfung. Ich habe ein gutes Gefühl.","das Gefühl, -e",B1.pdf
B1,gegen,,karşı,,Sonstiges,1. Ich bin gegen einen Baum gefahren. 2. Das ist gegen die Vorschrift. 3. Haben Sie ein Mittel gegen Grippe? 4. Wir liefern nur gegen bar. 5. Ich bin gegen 14 Uhr wieder da. 6. Ich bin gegen diesen Vorschlag. 7. Wer spielt gegen wen?,gegen,B1.pdf
B1,Gegner,der,"rakip, muhalif",,Nomen,- 1. Sie ist eine Gegnerin von Tierversuchen. 2. Die Mannschaft aus Frankreich war ein sehr starker Gegner.,"der Gegner,",B1.pdf
B1,Gegend,die,"bölge, civar",-en,Nomen,1. Der Schwarzwald ist eine sehr schöne Gegend. 2. Die Schule muss hier in der Gegend sein.,"die Gegend, -en",B1.pdf
B1,Gegensatz,der,"zıtlık, karşıtlık",¨-e,Nomen,1. Diese beiden Meinungen stehen in starkem Gegensatz zueinander. 2. Im Gegensatz zu ihm ist sein Vater ziemlich klein.,"der Gegensatz, ¨-e",B1.pdf
B1,Gegenstand,der,"nesne, eşya",¨-e,Nomen,1. Ich schließe meine persönlichen Gegenstände im Schwimmbad lieber in ein Fach ein. 2. Eine Durchsage der Polizei: Auf der A8 liegen Gegenstände auf der Fahrbahn.,"der Gegenstand, ¨-e",B1.pdf
B1,Gegenteil,das,"zıt anlam, karşıt",-e,Nomen,"1. Das Gegenteil von „klein“ ist „groß“. 2. Sie ist das genaue Gegenteil von ihrem Bruder. 3. Du bist sicher müde. – Nein, ganz im Gegenteil!","das Gegenteil, -e",B1.pdf
B1,gegenüber,,"karşısında, karşı",,Sonstiges,1. Das Geschäft liegt direkt gegenüber der Post. 2. Dem Gast gegenüber ist das Rauchen nicht höflich. 3. Das Café liegt gegenüber vom Bahnhof.,gegenüber,B1.pdf
B1,Gehalt,das,maaş,¨-er,Nomen,Ich bin mit meinem Gehalt zufrieden.,"das Gehalt, ¨-er",B1.pdf
B1,Geheimnis,das,sır,-se,Nomen,Das kann ich dir nicht sagen. Das ist ein Geheimnis.,"das Geheimnis, -se",B1.pdf
B1,geheim,,gizli,,Sonstiges,Das ist geheim. Du darfst es niemandem sagen.,geheim,B1.pdf
B1,gehen,,gitmek,"geht, ging, ist gegangen",Verb,"1. Ich gehe jeden Morgen zu Fuß zur Arbeit. 2. Meine Tochter geht noch aufs Gymnasium. 3. Ich muss jetzt leider gehen. 4. Ein Freund von mir geht ins Ausland. 5. Der nächste Zug geht erst in zwei Stunden. 6. Am Anfang ging alles ganz gut. 7. Geht Ihre Uhr richtig? 8. Geht das bis morgen? – Nein, das geht nicht. Ich brauche mehr Zeit. 9. Der Mantel geht nicht mehr in den Koffer. 10.Das Fenster geht auf die Straße. 11. Geht es hier zum Zentrum? 12.Wie geht es Ihnen heute? 13.Ist das sehr teuer? – Es geht. 14.Um was geht es denn? 15.Warum geht das Licht nicht? 16.Ich weiß nicht, wie das geht.","gehen, geht, ging, ist gegangen",B1.pdf
B1,gehören,,ait olmak,"gehört, gehörte, hat gehört",Verb,Gehört Ihnen das Haus?,"gehören, gehört, gehörte, hat gehört",B1.pdf
B1,Gehsteig (D,der,kaldırım,A) → CH: Trottoir,Nomen,Das Fahrradfahren auf dem Gehsteig ist nicht erlaubt.,"der Gehsteig (D, A) → CH: Trottoir",B1.pdf
B1,Geld,das,para,,Nomen,1. Ich habe nicht genug Geld dabei. 2. Sie haben mir zu viel Wechselgeld gegeben.,das Geld,B1.pdf
B1,Geldautomat,der,"bankamatik, ATM","-en (D) → A, CH: Bancomat/Bankomat",Nomen,Ich hole noch Geld vom Geldautomaten.,"der Geldautomat, -en (D) → A, CH: Bancomat/Bankomat",B1.pdf
B1,Geldbörse,die,cüzdan,"-n (A) → Brieftasche, D, CH: Portemonnaie/Portmonee",Nomen,Ich habe nur Kleingeld in meiner Geldbörse.,"die Geldbörse, -n (A) → Brieftasche; D, CH: Portemonnaie/Portmonee",B1.pdf
B1,Gelegenheit,die,fırsat,-en,Nomen,"Das Fest ist eine gute Gelegenheit, unsere Freunde zu sehen.","die Gelegenheit, -en",B1.pdf
B1,gelingen,,başarılı olmak,"gelingt, gelang, ist gelungen",Verb,"Es ist mir gelungen, meinen Chef zu überzeugen.","gelingen, gelingt, gelang, ist gelungen",B1.pdf
B1,gelten,,geçerli olmak,"gilt, galt, hat gegolten",Verb,1. Mein Pass gilt noch ein Jahr. 2. Bitte diesen Zettel gut aufheben: Er gilt als Garantie.,"gelten, gilt, galt, hat gegolten",B1.pdf
B1,gemeinsam,,"ortak, birlikte",,Sonstiges,1. Du musst die Wohnung renovieren? Ich helfe dir. Wir können das gemeinsam machen. 2. Wir benutzen die Garage gemeinsam mit dem Nachbarn.,gemeinsam,B1.pdf
B1,Gemeinschaft,die,topluluk,-en,Nomen,Rauchen ist in den Gemeinschafts-räumen nicht erlaubt.,"die Gemeinschaft, -en",B1.pdf
B1,Gemüse,das,sebze,,Nomen,Wir kaufen das Gemüse direkt beim Bauern.,das Gemüse,B1.pdf
B1,gemütlich,,"rahat, keyifli, huzurlu",,Sonstiges,1. Wir haben eine sehr gemütliche Wohnung. 2. Es ist sehr gemütlich bei dir.,gemütlich,B1.pdf
B1,genau,,"tam olarak, kesinlikle, doğru",,Sonstiges,"1. Haben Sie die genaue Zeit? 2. Sind Sie sicher, dass heute Ruhetag ist? – Ja, das weiß ich genau. 3. Die Uhr geht genau. 4. Es ist genau acht Uhr.",genau,B1.pdf
B1,genauso,,"aynen, tıpkı",,Sonstiges,Katarina sieht genauso aus wie ihre Schwester.,genauso,B1.pdf
B1,genehmigen,,"onaylamak, izin vermek","genehmigt, genehmigte, hat genehmigt",Verb,Mein Chef hat mir sechs Wochen Urlaub genehmigt.,"genehmigen, genehmigt, genehmigte, hat genehmigt",B1.pdf
B1,Generation,die,"nesil, kuşak",-en,Nomen,In diesem Haus wohnen drei Generationen zusammen.,"die Generation, -en",B1.pdf
B1,genießen,,"tadını çıkarmak, keyfini sürmek","genießt, genoss, hat genossen",Verb,"1. Er kann das Essen leider nicht genießen, weil es zu scharf ist. 2. Sie hat eine gute Ausbildung genossen.","genießen, genießt, genoss, hat genossen",B1.pdf
B1,genug,,"yeterli, yeterince",,Sonstiges,1. Es ist noch genug Suppe da. 2. Ich habe jetzt lange genug gewartet. 3. Ich verdiene nicht genug.,genug,B1.pdf
B1,genügen,,"yetmek, kafi gelmek","genügt, genügte, hat genügt",Verb,Wie viele Zimmer brauchen Sie? – Mir genügt eine 2-Zimmer-Wohnung.,"genügen, genügt, genügte, hat genügt",B1.pdf
B1,Gepäck,das,bagaj,,Nomen,Ich habe mein Gepäck am Bahnhof gelassen.,das Gepäck,B1.pdf
B1,gerade,,"şu anda, tam şimdi",,Sonstiges,1. Das Bild hängt nicht gerade. 2. Kannst du später noch mal anrufen? Wir sind gerade beim Essen.,gerade,B1.pdf
B1,geradeaus,,"doğru, dümdüz",,Sonstiges,Fahren Sie geradeaus bis zur nächsten Kreuzung.,geradeaus,B1.pdf
B1,Gerät,das,"cihaz, alet",-e,Nomen,Ich kaufe meine Elektrogeräte immer gebraucht. Das ist viel billiger.,"das Gerät, -e",B1.pdf
B1,gerecht,,adil,,Sonstiges,Lass uns den Kuchen gerecht verteilen.,gerecht,B1.pdf
B1,Gericht,das,yemek,-e,Nomen,1. Ich habe heute Vormittag einen Termin beim Gericht. 2. Mein Lieblingsgericht ist Pizza.,"das Gericht, -e",B1.pdf
B1,gering,,"az, düşük",,Sonstiges,"1. Unsere Mannschaft hatte nur eine geringe Chance. 2. Wenn Sie ein geringes Einkommen haben, zahlen Sie nur wenig Steuern.",gering,B1.pdf
B1,gern/gerne,,"seve seve, memnuniyetle",,Sonstiges,1. Ich helfe Ihnen gern. 2. Kaffee oder Tee? – Ich möchte lieber einen Tee. 3. Am liebsten trinke ich Kaffee.,gern/gerne,B1.pdf
B1,gesamt-/Gesamt-,,"toplam, bütün",,Sonstiges,"1. Ich habe meine gesamten Bücher verschenkt. 2. z. B. Gesamtgewicht, Gesamtsumme",gesamt-/Gesamt-,B1.pdf
B1,Geschäft,das,"dükkân, mağaza",-e,Nomen,"1. Die Geschäfte schließen um 18.30 Uhr. 2. Wissen Sie, wo hier ein Schuhgeschäft ist?","das Geschäft, -e",B1.pdf
B1,geschehen,,"olmak, gerçekleşmek","geschieht, geschah, ist geschehen",Verb,Vielen Dank für Ihre Hilfe. – Gern geschehen.,"geschehen, geschieht, geschah, ist geschehen",B1.pdf
B1,Geschenk,das,hediye,-e,Nomen,Vielen Dank für das Geschenk.,"das Geschenk, -e",B1.pdf
B1,Geschichte,die,"hikâye, tarih",-n,Nomen,1. Ich interessiere mich nicht für Geschichte. 2. Abends erzähle ich meinen Kindern immer eine Geschichte.,"die Geschichte, -n",B1.pdf
B1,geschieden,,boşanmış,,Sonstiges,Ich bin seit drei Jahren geschieden.,geschieden,B1.pdf
B1,Geschirr,das,"bulaşık, tabak çanak",,Nomen,Für die Geburtstagsfeier brauche ich Geschirr für zwölf Personen.,das Geschirr,B1.pdf
B1,Geschlecht,das,cinsiyet,-er,Nomen,Bitte kreuzen Sie an: „Geschlecht: weiblich/männlich“.,"das Geschlecht, -er",B1.pdf
B1,Geschmack,der,"tat, lezzet",,Nomen,Ich möchte bitte Kaugummi mit Erdbeergeschmack.,der Geschmack,B1.pdf
B1,Geschwindigkeit,die,hız,-en,Nomen,Das Auto fuhr mit zu hoher Geschwindigkeit.,"die Geschwindigkeit, -en",B1.pdf
B1,Geschwindigkeitsbeschränkung,die,hız sınırı,-en,Nomen,Bitte beachten Sie die Geschwindigkeitsbeschränkungen.,"die Geschwindigkeitsbeschränkung, -en",B1.pdf
B1,Geschwister,die,kardeşler,(Pl.),Nomen,Die Geschwister sehen sich nur selten.,die Geschwister (Pl.),B1.pdf
B1,Gesellschaft,die,"toplum, şirket",-en,Nomen,1. Er will die Gesellschaft verändern. 2. Meine Frau arbeitet bei einer Versicherungsgesellschaft. 3. Ich fühle mich in großer Gesellschaft wohl.,"die Gesellschaft, -en",B1.pdf
B1,Gesetz,das,"kanun, yasa",-e,Nomen,Das Parlament hat ein neues Gesetz beschlossen.,"das Gesetz, -e",B1.pdf
B1,Gesicht,das,yüz,-er,Nomen,1. Wasch dir bitte das Gesicht. 2. Mach doch kein so trauriges Gesicht!,"das Gesicht, -er",B1.pdf
B1,gespannt,,"meraklı, heyecanlı",,Sonstiges,"Ich bin gespannt, wer bei diesem Spiel gewinnt.",gespannt,B1.pdf
B1,Gespräch,das,"görüşme, konuşma",-e,Nomen,1. Herr Müller ist gerade in einem Gespräch. 2. Ich erwarte ein Gespräch aus Berlin.,"das Gespräch, -e",B1.pdf
B1,gestern,,dün,,Sonstiges,Ich bin erst gestern zurückgekommen.,gestern,B1.pdf
B1,gesund,,sağlıklı,,Sonstiges,1. Ich hatte Grippe. Jetzt bin ich wieder gesund. 2. Zu viel Zucker ist nicht gesund.,gesund,B1.pdf
B1,Gesundheit,die,sağlık,,Nomen,1. Sie müssen mehr auf Ihre Gesundheit achten. 2. Gesundheit! Sind Sie erkältet?,die Gesundheit,B1.pdf
B1,Getränk,das,içecek,-e,Nomen,1. Besorgst du bitte die Getränke? 2. Bitte die Getränkekarte! 3. Mein Lieblingsgetränk ist Tomatensaft.,"das Getränk, -e",B1.pdf
B1,Gewalt,die,"şiddet, zor",-en,Nomen,"1. Ich mag keine Filme, in denen Gewalt vorkommt. 2. Die Tür ließ sich nur mit Gewalt öffnen.","die Gewalt, -en",B1.pdf
B1,Gewerkschaft,die,sendika,-en,Nomen,Die Gewerkschaft vertritt die Interessen der Arbeitnehmer.,"die Gewerkschaft, -en",B1.pdf
B1,Gewicht,das,ağırlık,-e,Nomen,1. Wie teuer ist das Päckchen? – Das hängt vom Gewicht ab. 2. Sie dürfen Gepäck bis zu einem Gewicht von 15 kg mitnehmen.,"das Gewicht, -e",B1.pdf
B1,gewinnen,,kazanmak,"gewinnt, gewann, hat gewonnen",Verb,1. Ich möchte so gern einmal im Lotto gewinnen. 2. Unsere Mannschaft hat gewonnen.,"gewinnen, gewinnt, gewann, hat gewonnen",B1.pdf
B1,Gewinn,der,"kazanç, kâr, ikramiye",-e,Nomen,Ich habe bei einem Ratespiel mitge - macht. Der Hauptgewinn ist ein Auto.,"der Gewinn, -e",B1.pdf
B1,Gewissen,das,vicdan,,Nomen,Ich habe deinen Geburtstag vergessen. Ich habe ein ganz schlechtes Gewissen.,das Gewissen,B1.pdf
B1,Gewitter,das,"fırtına, gök gürültülü fırtına",-,Nomen,Es wird gleich ein Gewitter geben.,"das Gewitter, -",B1.pdf
B1,gewöhnen,,"alışmak, alıştırmak","gewöhnt, gewöhnte, hat gewöhnt/ist gewöhnt",Verb,"1. Wir haben uns an das Leben hier gewöhnt. 2. Ich bin daran gewöhnt, früh aufzustehen.","gewöhnen, gewöhnt, gewöhnte, hat gewöhnt/ist gewöhnt",B1.pdf
B1,Gewohnheit,die,alışkanlık,-en,Nomen,"1. Er hat die Gewohnheit, morgens zuerst die Post zu erledigen. 2. Aus alter Gewohnheit treffen wir uns jeden Samstagabend.","die Gewohnheit, -en",B1.pdf
B1,gewohnt,,"alışkın, alışmış",,Sonstiges,"Ich bin gewohnt, früh ins Bett zu gehen.",gewohnt,B1.pdf
B1,gewöhnlich,,"genellikle, alışılmış",,Sonstiges,Um die Zeit ist er gewöhnlich zu Hause.,gewöhnlich,B1.pdf
B1,Gewürz,das,baharat,-e,Nomen,Von den scharfen Gewürzen bekommt man Durst.,"das Gewürz, -e",B1.pdf
B1,gießen,,sulamak,"gießt, goss, gegossen",Verb,Es hat nicht geregnet. Ich muss meine Blumen gießen.,"gießen, gießt, goss, gegossen",B1.pdf
B1,Gift,das,zehir,-e,Nomen,"Vorsicht, das Gift dieser Pflanze ist für Menschen gefährlich!","das Gift, -e",B1.pdf
B1,giftig,,zehirli,,Sonstiges,"Vorsicht, das ist giftig!",giftig,B1.pdf
B1,Gitarre,die,gitar,-n,Nomen,Ich spiele seit drei Jahren Gitarre.,"die Gitarre, -n",B1.pdf
B1,die/das Glace/Glacé,,dondurma,"-n → (CH) D, A: Eis",Sonstiges,"Zum Dessert gibt es Schokoladenglace. 1. Vorsicht, die Kanne ist aus Glas! 2. Eine Flasche Mineralwasser und zwei Gläser bitte! 3. Ein Glas Bier bitte.","die/das Glace/Glacé, -n → (CH) D, A: Eis",B1.pdf
B1,Glas,das,"bardak, cam",¨-er,Nomen,"Zum Dessert gibt es Schokoladenglace. 1. Vorsicht, die Kanne ist aus Glas! 2. Eine Flasche Mineralwasser und zwei Gläser bitte! 3. Ein Glas Bier bitte.","das Glas, ¨-er",B1.pdf
B1,glatt,,"kaygan, düz",,Sonstiges,Fahr vorsichtig! Es ist glatt.,glatt,B1.pdf
B1,glauben,,"sanmak, inanmak, düşünmek","glaubt, glaubte, hat geglaubt",Verb,"1. Ich glaube, der Chef ist heute nicht im Büro. 2. Er glaubt mir nicht, dass ich schon um 8 Uhr hier war. 3. Glaubst du an Zufälle?","glauben, glaubt, glaubte, hat geglaubt",B1.pdf
B1,gleich,,"hemen, aynı",,Sonstiges,"1. Ich komme gleich. 2. Wir sind gleich alt. 3. Es ist mir ganz gleich, was Sie von mir denken. 4. Wir haben das gleiche Hemd an.",gleich,B1.pdf
B1,gleichfalls,,"aynı şekilde, size de",,Sonstiges,"Schöne Feiertage! – Danke, gleichfalls.",gleichfalls,B1.pdf
B1,gleichberechtigt,,eşit haklara sahip,,Sonstiges,Mann und Frau sind gleichberechtigt.,gleichberechtigt,B1.pdf
B1,gleichzeitig,,"aynı anda, eşzamanlı",,Sonstiges,Ich kann nicht alles gleichzeitig machen.,gleichzeitig,B1.pdf
B1,Gleis,das,"peron, ray",-e,Nomen,Der Zug fährt heute von Gleis 7 ab.,"das Gleis, -e",B1.pdf
B1,Glück,das,"şans, mutluluk",,Nomen,1. Du hast dich nicht verletzt. Da hast du Glück gehabt. 2. Viel Glück bei der Prüfung! 3. Es hat geregnet. Zum Glück hatte ich einen Regenschirm dabei.,das Glück,B1.pdf
B1,glücklich,,mutlu,,Sonstiges,1. Meine Schwester hat geheiratet und ist sehr glücklich. 2. Ich wünsche Ihnen ein glückliches neues Jahr. 3. Ich bin glücklich verheiratet.,glücklich,B1.pdf
B1,Glückwunsch,der,tebrik,¨-e,Nomen,Herzlichen Glückwunsch zum Geburtstag!,"der Glückwunsch, ¨-e",B1.pdf
B1,Gold,das,altın,,Nomen,"Ist der Ring aus Gold? Nein, der sieht nur so aus.",das Gold,B1.pdf
B1,Golf,,golf,das Golfspiel,Sonstiges,Kannst du Golf spielen?,"Golf, das Golfspiel",B1.pdf
B1,Gott,der,"tanrı, Allah",¨-er,Nomen,1. Glaubst du an Gott? 2. Gott sei Dank ist ihm nichts passiert.,"der Gott, ¨-er",B1.pdf
B1,Grafik,die,grafik,-en,Nomen,Die Grafik zeigt die Temperaturen im letzten Jahr.,"die Grafik, -en",B1.pdf
B1,Gras,das,"çim, ot",,Nomen,Wir lagen den ganzen Tag im Gras.,das Gras,B1.pdf
B1,gratulieren,,tebrik etmek,"gratuliert, gratulierte, hat gratuliert",Verb,Ich gratuliere euch zur Geburt eurer Tochter.,"gratulieren, gratuliert, gratulierte, hat gratuliert",B1.pdf
B1,Gratulation,die,tebrik,-en,Nomen,Herzliche Gratulation! Sie haben gewonnen!,"die Gratulation, -en",B1.pdf
B1,gratis,,"bedava, ücretsiz",,Sonstiges,"Diese Reparatur kostet Sie gar nichts, wir machen das gratis für Sie.",gratis,B1.pdf
B1,greifen,,"tutmak, kapmak","greift, griff, hat gegriffen",Verb,Greifen Sie doch zu!,"greifen, greift, griff, hat gegriffen",B1.pdf
B1,Grenze,die,sınır,-n,Nomen,An der Grenze musst du deinen Ausweis zeigen.,"die Grenze, -n",B1.pdf
B1,grillen,,"mangal yapmak, ızgara yapmak","grillt, grillte, hat gegrillt (D, A) → CH: grillieren",Verb,Heute wollen wir im Garten grillen.,"grillen, grillt, grillte, hat gegrillt (D, A) → CH: grillieren",B1.pdf
B1,grillieren,,"mangal yapmak, ızgara yapmak","grilliert, grillierte, hat grilliert (CH) → D, A: grillen",Verb,Heute wollen wir im Garten grillieren.,"grillieren, grilliert, grillierte, hat grilliert (CH) → D, A: grillen",B1.pdf
B1,Grill,der,"mangal, ızgara",,Nomen,Kannst du mir deinen Grill leihen? Wir wollen am Wochenende ein Picknick machen.,der Grill,B1.pdf
B1,Grippe,die,grip,,Nomen,Ich habe eine Grippe und kann leider nicht kommen.,die Grippe,B1.pdf
B1,groß,,büyük,,Sonstiges,"1. Wir haben einen großen Garten. 2. Wie groß sind Sie? 3. Die Jacke ist mir zu groß. 4. Wenn die Kinder groß sind, haben wir wieder mehr Zeit. 5. Ich habe keinen großen Hunger.",groß,B1.pdf
B1,Groß-,,büyük- (ön ek),,Sonstiges,"z.B. die Großeltern, die Großmutter, der Großvater",Groß-,B1.pdf
B1,Größe,die,"beden, boyut",-n,Nomen,1. Welche Größe haben Sie? 2. Größe: 170 cm 3. Haben Sie das Hemd auch in Größe 40?,"die Größe, -n",B1.pdf
B1,gründen,,kurmak,"gründet, gründete, hat gegründet",Verb,Frau Bauer hat eine eigene Firma gegründet.,"gründen, gründet, gründete, hat gegründet",B1.pdf
B1,Grund,der,"sebep, neden; zemin",¨-e,Nomen,"1. Sie haben Ihre Stelle gekündigt. Aus welchem Grund? 2. Sie haben keinen Grund, sich zu beschweren.","der Grund, ¨-e",B1.pdf
B1,gründlich,,"esaslı, iyice, derinlemesine",,Sonstiges,"1. Ich möchte die Wohnung gründlich reinigen, bevor der Besuch kommt. 2. Waschen Sie sich gründlich die Hände.",gründlich,B1.pdf
B1,Grundstück,das,arsa,-e,Nomen,Wir wollen ein Haus bauen und suchen ein günstiges Grundstück.,"das Grundstück, -e",B1.pdf
B1,Gruppe,die,grup,-n,Nomen,Für Gruppen gibt es eine Ermäßigung.,"die Gruppe, -n",B1.pdf
B1,grüßen,,selamlamak,"grüßt, grüßte, hat gegrüßt",Verb,"1. Wer war die Frau, die du eben gegrüßt hast? 2. Ich soll Sie von Frau Meier grüßen.","grüßen, grüßt, grüßte, hat gegrüßt",B1.pdf
B1,Gruß,der,selam,¨-e,Nomen,1. Schönen Gruß an Ihren Mann. 2. Viele Grüße an Ihre Frau. 3. Mit freundlichen Grüßen,"der Gruß, ¨-e",B1.pdf
B1,gucken,,bakmak,"guckt, guckte, hat geguckt",Verb,1. Guck doch mal! Es schneit. 2. Was bedeutet dieses Wort? – Guck doch im Wörterbuch nach.,"gucken, guckt, guckte, hat geguckt",B1.pdf
B1,gültig,,geçerli,,Sonstiges,Mein Pass ist nur noch zwei Monate gültig.,gültig,B1.pdf
B1,günstig,,"uygun fiyatlı, ucuz",,Sonstiges,Ich suche eine günstige Ferienwohnung.,günstig,B1.pdf
B1,gut,,iyi,,Sonstiges,"1. Ich kenne ein gutes Lokal. 2. Maria kann gut tanzen. 3. Ich glaube, die Wurst ist nicht mehr gut. 4. Mir ist heute gar nicht gut. 5. Wir hatten im Urlaub gutes Wetter. 6. Heute ist das Wetter wieder besser. 7. Christine ist meine beste Freundin. 8. Ich komme um 13 Uhr. – Gut! 9. Guten Morgen! 10.Ein gutes neues Jahr! 11. Guten Appetit!",gut,B1.pdf
B1,Gymnastik,die,jimnastik,,Nomen,Ich mache jeden Morgen Gymnastik.,die Gymnastik,B1.pdf
B1,Haar,das,saç,-e,Nomen,1. Meine Freundin hat langes schwarzes Haar. 2. Die Haare unseres Hundes liegen überall in der Wohnung.,"das Haar, -e",B1.pdf
B1,haben,,sahip olmak,"hat, hatte, hat gehabt",Verb,1. Wir haben Hunger. 2. Heute habe ich keine Zeit. 3. Wir haben ein neues Auto. 4. Kann ich bitte eine Suppe haben? 5. Unsere Wohnung hat vier Zimmer. 6. Ich habe heute viel zu tun. 7. Du hast es gut. Du kannst in Urlaub fahren.,"haben, hat, hatte, hat gehabt",B1.pdf
B1,Hackfleisch (D,das,kıyma,CH) → A: Faschierte,Nomen,Geben Sie mir bitte 500g Hackfleisch.,"das Hackfleisch (D, CH) → A: Faschierte",B1.pdf
B1,Hafen,der,liman,¨-,Nomen,"Wenn du in Hamburg bist, musst du dir unbedingt den Hafen ansehen.","der Hafen, ¨-",B1.pdf
B1,hageln,,dolu yağmak,"hagelt, hagelte, hat gehagelt",Verb,Bei Gewitter kann es auch hageln.,"hageln, hagelt, hagelte, hat gehagelt",B1.pdf
B1,Hähnchen/Hühnchen,das,"piliç, tavuk","- (D) → A: Hend(e)l, Poulet, -s (CH)",Nomen,Zum Mittagessen gibt es Hühnchen mit Reis.,"das Hähnchen/Hühnchen, - (D) → A: Hend(e)l; Poulet, -s (CH)",B1.pdf
B1,halb,,"yarım, buçuk",,Sonstiges,1. Treffen wir uns um halb neun? 2. Bei dieser Firma habe ich ein halbes Jahr gearbeitet. 3. Ich gebe Ihnen die Tomaten zum halben Preis. 4. Die Flasche ist ja noch halb voll.,halb,B1.pdf
B1,Halbpension,die,yarım pansiyon,,Nomen,Wir möchten ein Hotel mit Halbpension.,die Halbpension,B1.pdf
B1,halbtags,,"yarım gün, yarı zamanlı",,Sonstiges,Ich habe ein kleines Kind und kann nicht acht Stunden am Tag arbeiten. Deshalb möchte ich halbtags arbeiten.,halbtags,B1.pdf
B1,Hälfte,die,"yarı, yarım",-n,Nomen,1. Bitte teilt euch die Schokolade. Jeder bekommt die Hälfte. 2. Die Hälfte vom Urlaub ist schon vorbei. 3. Was hat der Mann gesagt? Ich habe nur die Hälfte verstanden.,"die Hälfte, -n",B1.pdf
B1,Halle,die,"salon, hol",-n,Nomen,Die Stadt baut eine neue Sporthalle.,"die Halle, -n",B1.pdf
B1,Hallenbad,das,kapalı yüzme havuzu,¨-er,Nomen,Sie geht jeden Tag zum Schwimmen ins Hallenbad.,"das Hallenbad, ¨-er",B1.pdf
B1,hallo,,merhaba,,Sonstiges,"Hallo, wie geht’s? − Danke, gut, und dir?",hallo,B1.pdf
B1,Hals,der,boyun,¨-e,Nomen,1. Mir tut der Hals weh. 2. Ich habe seit gestern Halsschmerzen.,"der Hals, ¨-e",B1.pdf
B1,halt,,"işte, ne yapalım ki",,Sonstiges,Es gibt leider keine Karten mehr. – Schade. Da kann man nichts machen. Das ist halt so.,halt,B1.pdf
B1,haltbar,,dayanıklı,,Sonstiges,Diese Tomaten sind mindestens 2 Wochen haltbar.,haltbar,B1.pdf
B1,halten,,"durmak, tutmak","hält, hielt, hat gehalten",Verb,"1. Kannst du mal kurz meine Handtasche halten? 2. Entschuldigung, hält dieser Zug auch in Darmstadt? 3. Halten Sie bitte im Keller die Fenster geschlossen. 4. Alle Mieter müssen sich an die Hausordnung halten. 5. Die Stadt will einen neuen Flughafen bauen. Was halten Sie davon?","halten, hält, hielt, hat gehalten",B1.pdf
B1,Halt,der,"durak, dayanak",,Nomen,"6. Halt, Polizei! Fahren Sie bitte an den Straßenrand. 7. Die Wurst hält sich noch ein paar Tage. Nächster Halt ist am Südbahnhof.",der Halt,B1.pdf
B1,Haltestelle,die,durak,-n,Nomen,An der nächsten Haltestelle müssen wir aussteigen.,"die Haltestelle, -n",B1.pdf
B1,Hammer,der,çekiç,¨-,Nomen,Ich möchte ein Bild aufhängen. Hast du einen Hammer für mich?,"der Hammer, ¨-",B1.pdf
B1,Hand,die,el,¨-e,Nomen,1. Wasch dir bitte die Hände vor dem Essen. 2. Gib mir bitte deine Hand. Wir gehen jetzt über die Straße.,"die Hand, ¨-e",B1.pdf
B1,Handwerker,der,"zanaatkâr, usta","die Handwerkerin, -nen",Nomen,- Morgen sind bei uns die Handwerker. Wir bekommen eine neue Badewanne.,"der Handwerker, die Handwerkerin, -nen",B1.pdf
B1,handeln,,"ticaret yapmak, söz konusu olmak","handelt, handelte, hat gehandelt",Verb,1. Herr Huber hat ein kleines Geschäft. Er handelt mit Obst und Gemüse. 2. Kann ich Sie bitte mal sprechen? – Worum handelt es sich denn? 3. Auf diesem Markt kannst du handeln und bekommst die Sachen billiger.,"handeln, handelt, handelte, hat gehandelt",B1.pdf
B1,Handel,der,ticaret,,Nomen,Der Handel mit Computern ist ein gutes Geschäft.,der Handel,B1.pdf
B1,Händler,der,"satıcı, tüccar","die Händlerin, -nen",Nomen,"- Ich gehe zum Gemüsehändler, soll ich dir etwas mitbringen?","der Händler, die Händlerin, -nen",B1.pdf
B1,Handy,das,cep telefonu,-s,Nomen,"1. Ich habe kein Festnetztelefon, aber ein Handy. 2. Soll ich Ihnen meine Handynummer geben?","das Handy, -s",B1.pdf
B1,hängen,,"asılı olmak, asmak","hängt, hing/hängte, hat gehangen/gehängt",Verb,1. Das Bild hängt schief. 2. Hast du den Anzug wieder in den Schrank gehängt?,"hängen, hängt, hing/hängte, hat gehangen/gehängt",B1.pdf
B1,hart,,sert,,Sonstiges,"1. Das Bett im Hotel war mir zu hart. 2. Die Brötchen sind ja ganz hart. 3. Ich habe eine harte Woche vor mir. Ich muss jeden Tag Überstunden machen. 4. Wir haben hart gearbeitet, um die Wohnung zu bezahlen.",hart,B1.pdf
B1,hassen,,nefret etmek,"hasst, hasste, hat gehasst",Verb,"1. Ich hasse Autofahren. 2. Ich hasse es, zu spät zu kommen.","hassen, hasst, hasste, hat gehasst",B1.pdf
B1,hässlich,,çirkin,,Sonstiges,1. Das ist aber eine hässliche Lampe! 2. Dieses Kleid finde ich hässlich.,hässlich,B1.pdf
B1,häufig,,"sık, sık sık",,Sonstiges,Haben Sie häufig Kopfschmerzen? Dann sollten Sie nicht so lange am Computer sitzen.,häufig,B1.pdf
B1,Hauptdie Hauptstadt,,başkent,¨-e,Sonstiges,Berlin ist die Hauptstadt von Deutschland.,"Hauptdie Hauptstadt, ¨-e",B1.pdf
B1,Hauptbahnhof,der,"merkez tren istasyonu, ana gar",¨-e,Nomen,Treffen wir uns am Hauptbahnhof?,"der Hauptbahnhof, ¨-e",B1.pdf
B1,Haus,das,ev,¨-er,Nomen,1. Wir haben ein Haus gemietet. 2. Ich komme gerade von zu Hause. 3. Ich muss jetzt nach Hause. 4. Paul ist nicht zu Hause.,"das Haus, ¨-er",B1.pdf
B1,Hausaufgabe,die,ev ödevi,-n,Nomen,Kannst du mir bei den Hausaufgaben helfen?,"die Hausaufgabe, -n",B1.pdf
B1,Hausfrau/der Hausmann,die,"ev hanımı, ev erkeği",,Nomen,Meine Frau ist Hausfrau und kümmert sich um die Kinder./Mein Mann ist Hausmann und kümmert sich um die Kinder.,die Hausfrau/der Hausmann,B1.pdf
B1,Haushalt,der,"ev işleri, hane halkı",-e,Nomen,"Ich kümmere mich um den Haushalt, d. h. ich putze, wasche, koche etc.","der Haushalt, -e",B1.pdf
B1,Hausmeister,der,"kapıcı, bina yöneticisi","die Hausmeisterin, -nen → (D, A) CH: Abwart",Nomen,"- Der Hausmeister hat mir geholfen, den Schrank in die Wohnung zu tragen.","der Hausmeister, die Hausmeisterin, -nen → (D, A) CH: Abwart",B1.pdf
B1,Haut,die,"deri, cilt",,Nomen,Haben Sie eine Creme für trockene Haut?,die Haut,B1.pdf
B1,heben,,kaldırmak,"hebt, hob, hat gehoben",Verb,"1. Kannst du mir helfen? Das Paket kann ich allein nicht heben. 2. Wenn Sie für diesen Vorschlag sind, heben Sie bitte die Hand!","heben, hebt, hob, hat gehoben",B1.pdf
B1,Heft,das,defter,-e,Nomen,Ich hätte gern ein Schreibheft.,"das Heft, -e",B1.pdf
B1,heim,,eve,,Sonstiges,Ich will jetzt heim.,heim,B1.pdf
B1,Heim,das,"yurt, ev",-e,Nomen,Meine Oma wohnt in einem Seniorenheim.,"das Heim, -e",B1.pdf
B1,Heimat,die,"vatan, memleket",,Nomen,Ich lebe jetzt hier in Deutschland. Das ist meine neue Heimat.,die Heimat,B1.pdf
B1,heimlich,,"gizlice, gizli",,Sonstiges,"Gestern habe ich gehört, dass mein Sohn heimlich raucht.",heimlich,B1.pdf
B1,Heimweh,das,"sıla hasreti, yurt özlemi",,Nomen,Ich habe oft Heimweh nach meiner Familie.,das Heimweh,B1.pdf
B1,heiraten,,evlenmek,"heiratet, heiratete, hat geheiratet",Verb,1. Unsere Freunde heiraten nächsten Monat in Italien. 2. Wir haben 1980 geheiratet. 3. Meine Schwester heiratet einen Japaner.,"heiraten, heiratet, heiratete, hat geheiratet",B1.pdf
B1,heiß,,sıcak,,Sonstiges,1. Für die Jahreszeit ist es zu heiß. 2. Ich mache dir einen heißen Tee.,heiß,B1.pdf
B1,heißen,,"adı olmak, denmek","heißt, hieß, hat geheißen",Verb,1. Wie heißen Sie? 2. Wie heißt das auf Deutsch? 3. Die Erklärung verstehe ich nicht. Was heißt das?,"heißen, heißt, hieß, hat geheißen",B1.pdf
B1,heizen,,ısıtmak,"heizt, heizte, hat geheizt",Verb,1. Wir heizen mit Öl. 2. Ziehen Sie sich warm an. In der Halle ist nicht geheizt.,"heizen, heizt, heizte, hat geheizt",B1.pdf
B1,Heizung,die,"kalorifer, ısıtma",-en,Nomen,Es ist kalt. Ist die Heizung kaputt?,"die Heizung, -en",B1.pdf
B1,Held,der,kahraman,-en,Nomen,1. Er spielt gern den Helden. 2. Sie ist die Heldin des Tages.,"der Held, -en",B1.pdf
B1,Heldin,die,kadın kahraman,-nen,Nomen,1. Er spielt gern den Helden. 2. Sie ist die Heldin des Tages.,"die Heldin, -nen",B1.pdf
B1,helfen,,yardım etmek,"hilft, half, hat geholfen",Verb,1. Kannst du mir helfen? Ich muss nächsten Monat umziehen. 2. Die Tabletten haben mir gut geholfen.,"helfen, hilft, half, hat geholfen",B1.pdf
B1,Hilfe,die,yardım,,Nomen,"1. Vielen Dank für Ihre Hilfe. 2. Haben Sie einen Kurs für Erste Hilfe gemacht? Das müssen Sie, wenn Sie den Führerschein machen wollen. 3. Hilfe! Jemand hat mir die Handtasche gestohlen. Bitte helfen Sie mir!",die Hilfe,B1.pdf
B1,hell,,"aydınlık, parlak",,Sonstiges,1. Im Sommer wird es um 5 Uhr schon hell. 2. Mein Zimmer ist schön hell. 3. Ich habe mir einen hellblauen Pullover gekauft.,hell,B1.pdf
B1,Hemd,das,gömlek,-en,Nomen,Nikos trägt heute ein weißes Hemd.,"das Hemd, -en",B1.pdf
B1,Hend(e)l,das,"piliç, tavuk","- (A) → D: Hähnchen/Hühnchen, CH: Poulet",Nomen,Zum Mittagessen gibt es Hendl mit Reis.,"das Hend(e)l, - (A) → D: Hähnchen/Hühnchen; CH: Poulet",B1.pdf
B1,her/her-,,"buraya, bu yana",,Sonstiges,"1. Wir haben uns lange nicht gesehen. – Ja, das ist wirklich lange her. 2. Komm her zu mir!",her/her-,B1.pdf
B1,heraus-,,dışarı,"raus- (heraus-) finden, findet heraus, fand heraus, hat herausgefunden",Verb,"Hast du schon rausgefunden, wann und wo man sich für den Kurs anmelden muss?","heraus-, raus- (heraus-) finden, findet heraus, fand heraus, hat herausgefunden",B1.pdf
B1,Herausforderung,die,"meydan okuma, zorluk",-en,Nomen,Das Spiel ist eine Herausforderung.,"die Herausforderung, -en",B1.pdf
B1,Herd,der,ocak (mutfak),-e,Nomen,In der neuen Küche fehlt noch der Herd.,"der Herd, -e",B1.pdf
B1,herein-,,içeri,rein-,Sonstiges,Kommt doch herein!,"herein-, rein-",B1.pdf
B1,Herkunft,die,"köken, menşe",,Nomen,Viele Leute fragen mich nach meiner Herkunft.,die Herkunft,B1.pdf
B1,Herr,der,"bay, efendi",-en,Nomen,"1. Da ist ein Herr, der möchte Sie sprechen. 2. Guten Tag, Herr Müller!","der Herr, -en",B1.pdf
B1,herstellen,,üretmek,"stellt her, stellte her, hat hergestellt",Verb,In unserer Firma stellen wir Schokolade her.,"herstellen, stellt her, stellte her, hat hergestellt",B1.pdf
B1,Hersteller,der,üretici,,Nomen,- Ihr Handy ist kaputt? Wir schicken es an den Hersteller zurück und lassen es reparieren.,"der Hersteller,",B1.pdf
B1,herunter-,,"aşağı, indirme","runter- (herunter-)laden, lädt herunter, lud herunter, hat heruntergeladen",Verb,Ich habe mir Musik aus dem Internet (he)runtergeladen.,"herunter-, runter- (herunter-)laden, lädt herunter, lud herunter, hat heruntergeladen",B1.pdf
B1,(herunter-)fahren,,"kapatmak, aşağı inmek","fährt herunter, fuhr herunter, hat heruntergefahren",Verb,Zum Schluss musst du den Computer herunterfahren.,"(herunter-)fahren, fährt herunter, fuhr herunter, hat heruntergefahren",B1.pdf
B1,Herz,das,"kalp, yürek",-en,Nomen,1. Ich bin ganz nervös. Mir klopft das Herz. 2. Wir müssen Ihr Herz untersuchen.,"das Herz, -en",B1.pdf
B1,herzlich heute,,"içten, candan, bugün",,Sonstiges,Herzlichen Glückwunsch! 1. Heute kann ich etwas früher nach Hause gehen. 2. Ab heute bleibt unser Büro nachmittags geschlossen. 3. Frau Müller kommt heute in acht Tagen zurück. 4. Heute kann man sich eine Welt ohne Internet nicht mehr vorstellen.,herzlich heute,B1.pdf
B1,heutig-,,"bugünkü, günümüz",,Sonstiges,Die heutigen Computer können viel mehr als noch vor ein paar Jahren.,heutig-,B1.pdf
B1,hier/hier-,,"burada, işte",,Sonstiges,1. Hier wohne ich. 2. Von hier hat man eine herrliche Aussicht. 3. Hier sind die Schlüssel für meine Wohnung. Kannst Du meine Blumen gießen? 4. Hier ist Pamela Linke. Bitte hinterlassen Sie eine Nachricht.,hier/hier-,B1.pdf
B1,hierher,,buraya,,Sonstiges,Ich komme oft hierher. In diesem Café gibt es guten Kuchen.,hierher,B1.pdf
B1,Himmel,der,gökyüzü,,Nomen,Wir hatten im Urlaub so tolles Wetter. Immer Sonne und blauer Himmel.,der Himmel,B1.pdf
B1,(hinunter) runterwerfen,,aşağı atmak,"wirft runter, warf runter, hat runtergeworfen",Verb,Kannst du mir bitte den Schlüssel runterwerfen? Ich habe meinen vergessen.,"(hinunter) runterwerfen, wirft runter, warf runter, hat runtergeworfen",B1.pdf
B1,hinten,,"arkada, arkasında",,Sonstiges,1. Wo möchtest du sitzen? Hinten oder vorne? 2. Bitte hinten aussteigen!,hinten,B1.pdf
B1,hinter/hinter-,,"arkasında, arkasına",,Sonstiges,1. Hinter dem Haus haben wir einen Garten. 2. Fahren Sie Ihren Wagen bitte hinter das Haus. 3. Auf den hinteren Plätzen kann man nicht sehr viel sehen.,hinter/hinter-,B1.pdf
B1,hinterlassen,,bırakmak,"hinterlässt, hinterließ, hat hinterlassen",Verb,Möchten Sie eine Nachricht hinterlassen?,"hinterlassen, hinterlässt, hinterließ, hat hinterlassen",B1.pdf
B1,hinterher,,"sonradan, ardından",,Sonstiges,Vor der Prüfung habe ich so viel gelernt. Hinterher habe ich vieles wieder vergessen.,hinterher,B1.pdf
B1,hinweisen,,"işaret etmek, dikkat çekmek","weist hin, wies hin, hat hingewiesen",Verb,"Wir möchten Sie darauf hinweisen, dass das Rauchen am Bahnsteig nicht gestattet ist.","hinweisen, weist hin, wies hin, hat hingewiesen",B1.pdf
B1,Hinweise,der,"ipucu, işaret, bilgi",-e,Nomen,Die Polizei hat viele Hinweise zum Unfall bekommen.,"der Hinweise, -e",B1.pdf
B1,historisch,,tarihi,,Sonstiges,Wir waren mit unserer Klasse im Historischen Museum.,historisch,B1.pdf
B1,Hitze,die,"sıcak, sıcaklık",,Nomen,Gestern war eine schreckliche Hitze!,die Hitze,B1.pdf
B1,Hobby,das,hobi,-s,Nomen,Ich habe keine Zeit mehr für meine Hobbys.,"das Hobby, -s",B1.pdf
B1,hoch,,yüksek,,Sonstiges,1. Der Berg ist fast 3000 m hoch. 2. Das Hotel liegt hoch über dem See. 3. Die Benzinpreise sind sehr hoch.,hoch,B1.pdf
B1,Höhe,die,yükseklik,,Nomen,"1. Mein Tisch hat folgende Maße: Länge: 1,20 m, Breite: 0,60 m, Höhe: 0,80 m. 2. Wir fliegen jetzt in 6000 m Höhe.",die Höhe,B1.pdf
B1,hochladen,,yüklemek,"lädt hoch, lud hoch, hat hochgeladen",Verb,Kannst du bitte die Datei für die Hausaufgabe hochladen?,"hochladen, lädt hoch, lud hoch, hat hochgeladen",B1.pdf
B1,höchstens,,"en fazla, olsa olsa",,Sonstiges,Ich habe wenig Zeit. Ich kann höchstens eine Viertelstunde bleiben.,höchstens,B1.pdf
B1,Hochzeit,die,düğün,-en,Nomen,1. Claudia und Peter wollen ihre Hochzeit groß feiern. 2. Zu dieser Hochzeit kommen mehr als fünfzig Gäste.,"die Hochzeit, -en",B1.pdf
B1,Hof,der,"avlu, bahçe",¨-e,Nomen,Die Kinder spielen am liebsten im Hof.,"der Hof, ¨-e",B1.pdf
B1,Bauernhof,der,çiftlik,¨-e,Nomen,Meine Großeltern hatten einen Bauernhof.,"der Bauernhof, ¨-e",B1.pdf
B1,hoffen,,ummak,"hofft, hoffte, hat gehofft",Verb,"1. Ich hoffe, dass ihr zu meinem Geburtstag kommen könnt. 2. Wir alle hoffen auf besseres Wetter.","hoffen, hofft, hoffte, hat gehofft",B1.pdf
B1,hoffentlich,,umarım,,Sonstiges,Hoffentlich hat unser Zug keine Verspätung.,hoffentlich,B1.pdf
B1,Hoffnung,die,umut,-en,Nomen,Man darf die Hoffnung nicht verlieren.,"die Hoffnung, -en",B1.pdf
B1,höflich,,"kibar, nazik",,Sonstiges,Unser Nachbar ist sehr höflich. Er sagt immer als Erster Guten Tag.,höflich,B1.pdf
B1,holen,,"getirmek, almak","holt, holte, hat geholt",Verb,1. Soll ich uns was zu trinken holen? 2. Warum haben Sie nicht sofort einen Arzt geholt?,"holen, holt, holte, hat geholt",B1.pdf
B1,Holz,das,"odun, tahta, ahşap",,Nomen,Möchten Sie ein Regal aus Holz oder aus Metall?,das Holz,B1.pdf
B1,Honig,der,bal,,Nomen,Ich esse gern Brötchen mit Honig und Butter zum Frühstück.,der Honig,B1.pdf
B1,hören,,"duymak, dinlemek","hört, hörte, hat gehört",Verb,"1. Ich kann nicht mehr so gut hören. 2. Ich höre jeden Tag die Nachrichten. 3. Dieses Wort habe ich noch nie gehört. 4. Ich habe gehört, dass Herr Müller im Krankenhaus liegt.","hören, hört, hörte, hat gehört",B1.pdf
B1,Hörer,der,dinleyici,-,Nomen,Die Sendung hat viele Hörer und Hörerinnen.,"der Hörer, -;",B1.pdf
B1,Hörerin,die,dinleyici,-nen,Nomen,Die Sendung hat viele Hörer und Hörerinnen.,"die Hörerin, -nen",B1.pdf
B1,Zuhörer,der,dinleyici,,Nomen,Die Sendung hat viele Hörer und Hörerinnen.,der Zuhörer,B1.pdf
B1,Hose,die,pantolon,-n,Nomen,Können Sie die Hose etwas kürzer machen?,"die Hose, -n",B1.pdf
B1,Hotel,das,otel,-s,Nomen,Im Urlaub sind wir in einem Hotel am Meer.,"das Hotel, -s",B1.pdf
B1,hübsch,,"güzel, hoş",,Sonstiges,1. Wir haben eine hübsche Wohnung gefunden. 2. Dietmars neue Freundin ist sehr hübsch.,hübsch,B1.pdf
B1,Hügel,der,tepe,-,Nomen,Auf diesem Hügel machen wir eine Pause.,"der Hügel, -",B1.pdf
B1,Humor,der,"mizah, espri anlayışı",,Nomen,"1. Wir mögen Paul, weil er so viel Humor hat. 2. Den Humor des Komikers verstehe ich nicht.",der Humor,B1.pdf
B1,Hunger,der,açlık,,Nomen,"Möchtest du Suppe? – Nein danke, ich habe keinen Hunger.",der Hunger,B1.pdf
B1,hungrig,,aç,,Sonstiges,Ich bin sehr hungrig.,hungrig,B1.pdf
B1,hupen,,klakson çalmak,"hupt, hupte, hat gehupt",Verb,Hier ist ein Krankenhaus. Hier darfst du nicht hupen.,"hupen, hupt, hupte, hat gehupt",B1.pdf
B1,husten,,öksürmek,"hustet, hustete, hat gehustet",Verb,Der Junge hat die ganze Nacht gehustet.,"husten, hustet, hustete, hat gehustet",B1.pdf
B1,Husten,der,öksürük,,Nomen,Haben Sie ein Medikament gegen Husten?,der Husten,B1.pdf
B1,Hut,der,şapka,¨-e,Nomen,Sie sollten im Sommer nicht ohne Hut in die Sonne gehen.,"der Hut, ¨-e",B1.pdf
B1,Hütte,die,kulübe,-n,Nomen,Wir übernachten in der Hütte auf dem Berg.,"die Hütte, -n",B1.pdf
B1,ideal,,"ideal, mükemmel",,Sonstiges,Eine Wohnung mit Garten wäre für uns ideal.,ideal,B1.pdf
B1,Idee,die,fikir,-n,Nomen,Du willst ein Picknick machen? Ich finde die Idee toll.,"die Idee, -n",B1.pdf
B1,illegal,,"yasa dışı, illegal",,Sonstiges,"Ohne Steuerkarte zu arbeiten ist illegal. Wenn es herauskommt, musst du Strafe zahlen.",illegal,B1.pdf
B1,Imbiss,der,"atıştırmalık, hafif yemek","-e (D) A: Jause, CH: Znüni/Zvieri",Nomen,Es ist Zeit für einen kleinen Imbiss.,"der Imbiss, -e (D) A: Jause, CH: Znüni/Zvieri",B1.pdf
B1,immer,,her zaman,,Sonstiges,1. Frau Bast kommt immer zu spät. 2. Mein Kollege liegt immer noch im Krankenhaus. 3. Die Schmerzen werden immer schlimmer.,immer,B1.pdf
B1,Import,der,ithalat,-e,Nomen,"1. Im dritten Stock ist die Firma Schmidt & Co, Import und Export. 2. Der Import von Zigaretten ist nur bis zu einer bestimmten Menge erlaubt.","der Import, -e",B1.pdf
B1,in,,"içinde, -de/-da",,Sonstiges,1. Ich wohne in Frankfurt. 2. Meine Wohnung ist im dritten Stock. 3. Wollen wir heute ins Einkaufszentrum gehen? 4. Rufen Sie bitte in fünf Minuten noch einmal an. 5. Im Mai war ich in Urlaub. (D) (A: auf) 6. Wir sind in einer schwierigen Lage. 7. Meine Tochter kommt nächstes Jahr ins Gymnasium. (A) (D: aufs),in,B1.pdf
B1,indem,,"-erek/-arak, bu şekilde",,Sonstiges,"Du kannst die Datei öffnen, indem du hier klickst.",indem,B1.pdf
B1,individuell,,bireysel,,Sonstiges,"Die Lehrerin versucht, jedes Kind individuell zu fördern.",individuell,B1.pdf
B1,Industrie,die,"sanayi, endüstri",-n,Nomen,In dieser Gegend gibt es viel Industrie.,"die Industrie, -n",B1.pdf
B1,Infektion,die,enfeksiyon,-en,Nomen,Sie haben eine Infektion. Sie müssen Tabletten nehmen.,"die Infektion, -en",B1.pdf
B1,informieren,,bilgilendirmek,"informiert, informierte, hat informiert",Verb,1. Wir informieren Sie rechtzeitig über die neuen Prüfungstermine. 2. Du musst dich vor der Reise genau über die Bedingungen informieren.,"informieren, informiert, informierte, hat informiert",B1.pdf
B1,Information,die,bilgi,-en,Nomen,"1. Bitte lesen Sie diese Informationen genau. 2. Wenn Sie Fragen haben, gehen Sie zur Information.","die Information, -en",B1.pdf
B1,Ingenieur,der,mühendis,-e,Nomen,Hans will Bauingenieur werden.,"der Ingenieur, -e",B1.pdf
B1,Inhalt,der,"içerik, içindekiler",-e,Nomen,Geben Sie den Inhalt der Packung in einen Liter kochendes Wasser.,"der Inhalt, -e",B1.pdf
B1,inklusive,,dahil,,Sonstiges,Der Zimmerpreis ist inklusive Frühstück.,inklusive,B1.pdf
B1,innen,,"içeride, içte",,Sonstiges,Der Lichtschalter ist innen links.,innen,B1.pdf
B1,inner-,,"iç, dahili",,Sonstiges,"Wir müssen Sie untersuchen. Es kann sein, dass Sie innere Verletzungen haben.",inner-,B1.pdf
B1,innerhalb,,"içinde, içerisinde",,Sonstiges,1. Diese Fahrkarte gilt nur innerhalb der Stadt. 2. Nach dem Umzug müssen Sie sich innerhalb einer Woche ummelden.,innerhalb,B1.pdf
B1,Insel,die,ada,-n,Nomen,Ich würde dieses Mal gern auf einer Insel Ferien machen.,"die Insel, -n",B1.pdf
B1,Inserat,das,ilan,-e,Nomen,Was kostet ein Inserat in der Zeitung?,"das Inserat, -e",B1.pdf
B1,insgesamt,,"toplam, toplamda",,Sonstiges,Insgesamt haben sich 20 Teilnehmer für die Prüfung angemeldet.,insgesamt,B1.pdf
B1,installieren,,kurmak,"installiert, installierte, hat installiert",Verb,"Können Sie mir helfen, meinen Computer zu installieren?","installieren, installiert, installierte, hat installiert",B1.pdf
B1,Institut,das,enstitü,-e,Nomen,Ich besuche einen Sprachkurs in einem kleinen Sprachinstitut.,"das Institut, -e",B1.pdf
B1,Instrument,das,"enstrüman, çalgı",-e,Nomen,Ich spiele Klavier. Spielen Sie auch ein Musikinstrument?,"das Instrument, -e",B1.pdf
B1,integrieren,,"entegre etmek, uyum sağlamak","integriert, integrierte, hat integriert",Verb,1. Sie ist schon sehr gut im Team integriert. 2. Die Leute aus dem Ausland sollen besser integriert werden.,"integrieren, integriert, integrierte, hat integriert",B1.pdf
B1,Integration,die,"entegrasyon, uyum",-en,Nomen,Gute Deutschkenntnisse sollen bei der Integration helfen.,"die Integration, -en",B1.pdf
B1,intelligent,,"zeki, akıllı",,Sonstiges,Maria ist sehr intelligent. Sie kann sehr gut rechnen.,intelligent,B1.pdf
B1,Intelligenz,die,zekâ,,Nomen,Meine Kinder haben in der Schule einen Intelligenztest gemacht.,die Intelligenz,B1.pdf
B1,intensiv,,yoğun,,Sonstiges,Ich möchte intensiv Deutsch lernen.,intensiv,B1.pdf
B1,Intensivkurs,der,yoğun kurs,-e,Nomen,Der Intensivkurs findet täglich von 9 bis 12 Uhr statt.,"der Intensivkurs, -e",B1.pdf
B1,interessieren,,"ilgilendirmek, ilgilenmek","interessiert, interessierte, hat interessiert",Verb,1. Das Thema Kindererziehung interessiert mich sehr. 2. Ich interessiere mich sehr für Fußball.,"interessieren, interessiert, interessierte, hat interessiert",B1.pdf
B1,interessant,,ilginç,,Sonstiges,1. Ich habe einen interessanten Bericht gelesen. 2. Den Artikel über Brasilien finde ich sehr interessant.,interessant,B1.pdf
B1,Interesse,das,ilgi,-n,Nomen,"Ich habe viele Interessen: Sport, Lesen, Handarbeit, Tanzen","das Interesse, -n",B1.pdf
B1,interessiert,,"ilgili, ilgilenen",,Sonstiges,Mein Nachbar zieht nächsten Monat aus. Sind Sie noch an der Wohnung interessiert?,interessiert,B1.pdf
B1,interkulturell,,kültürlerarası,,Sonstiges,Wir haben in der Sprachschule ein interkulturelles Fest gefeiert.,interkulturell,B1.pdf
B1,international,,uluslararası,,Sonstiges,"1. Die Teilnehmenden in unserem Kurs sind ganz international: Silvana kommt aus Italien, Conchi aus Spanien, Yin aus China … 2. Der Professor war international bekannt.",international,B1.pdf
B1,Interview,das,röportaj,-s,Nomen,Ich habe im Fernsehen ein interessantes Interview mit zwei Schauspielern gesehen.,"das Interview, -s",B1.pdf
B1,inzwischen,,"bu arada, bu esnada",,Sonstiges,Herr Müller kommt gleich zurück. Sie können inzwischen in seinem Büro warten.,inzwischen,B1.pdf
B1,irgendirgendein,,herhangi bir,,Sonstiges,"Was für einen Saft möchten Sie? – Ganz egal, irgendeinen.",irgendirgendein,B1.pdf
B1,irgendwann,,"bir ara, bir gün",,Sonstiges,Ich habe Sie irgendwann schon mal gesehen.,irgendwann,B1.pdf
B1,sich irren,,"yanılmak, hata yapmak","irrt sich, irrte sich, hat sich geirrt",Verb,"1. Du irrst dich. Das Auto war nicht grün, sondern rot. 2. Ich habe mich in der Hausnummer geirrt.","sich irren, irrt sich, irrte sich, hat sich geirrt",B1.pdf
B1,ja,,evet,,Sonstiges,"1. Sind Sie verheiratet? – Ja. 2. Hallo? – Ja, bitte? Wer spricht denn da? 3. Denk bitte daran, die Tür abzuschließen. – Ja, ja, mach´ ich. 4. Heute Morgen um fünf hat es geschneit. – Ja, wirklich? 5. Ich würde ja gern kommen, aber es geht wirklich nicht. 6. Du weißt ja, dass ich kein Bier trinke. Gib mir bitte einen Tee. 7. Du bist hier in Berlin? – Das ist ja eine Überraschung. 8. Steige bitte ja nicht auf den Stuhl!",ja,B1.pdf
B1,Jacke,die,ceket,-n,Nomen,Zieh dir eine Jacke an. Es ist kalt.,"die Jacke, -n",B1.pdf
B1,Jause,die,"atıştırmalık, ara öğün","-n (A) → D: Imbiss, CH: Znüni/Zvieri",Nomen,Es ist Zeit für eine kleine Jause.,"die Jause, -n (A) → D: Imbiss; CH: Znüni/Zvieri",B1.pdf
B1,je,,"göre, her",,Sonstiges,"1. Die Pullover kosten je nach Qualität zwischen 40 und 60 Euro. 2. Fahren Sie im Juni oder im Juli? – Je nachdem, wann mein Mann Urlaub bekommt.",je,B1.pdf
B1,je … desto …,,ne kadar … o kadar …,,Sonstiges,"Je länger ich Deutsch lerne, desto besser kann ich es verstehen.",je … desto …,B1.pdf
B1,Jeans,die,"kot pantolon, kot",(Pl.),Nomen,Nicht nur junge Leute tragen Jeans.,die Jeans (Pl.),B1.pdf
B1,jeder,,her,"jedes, jede",Sonstiges,1. Das Restaurant hat jeden Tag geöffnet. 2. Jedes Kind bekommt ein Spiel. 3. Die Prospekte bekommen Sie in jedem Reisebüro. 4. Im Supermarkt gibt es keine Schmerztabletten. Das weiß doch jeder.,"jeder, jedes, jede",B1.pdf
B1,jederzeit,,"her zaman, her an",,Sonstiges,Sie können mich jederzeit anrufen.,jederzeit,B1.pdf
B1,jedes Mal,,"her seferinde, her defasında",,Sonstiges,Inge erzählt die Geschichte jedes Mal anders.,jedes Mal,B1.pdf
B1,jedoch,,"ama, fakat, ancak",,Sonstiges,"Sie ruft immer wieder an, jedoch ohne Erfolg.",jedoch,B1.pdf
B1,jemals,,"hiç, şimdiye kadar",,Sonstiges,"Hast du jemals von dem Problem gehört? – Nein, nie.",jemals,B1.pdf
B1,jemand,,"biri, birisi",,Sonstiges,"1. Hat jemand einen Bleistift für mich? 2. Kennst du jemand, der mir ein Fahrrad leihen kann?",jemand,B1.pdf
B1,jetzt,,şimdi,,Sonstiges,1. Ich muss jetzt gehen. 2. Bis jetzt hat alles gut geklappt. 3. Ab jetzt werde ich wieder öfter ins Fitness-Studio gehen. 4. Ich habe jetzt schon dreimal bei meinem Bruder angerufen. Aber er ist nie da. 5. Über viele Dinge denke ich jetzt anders als früher.,jetzt,B1.pdf
B1,jeweils,,"her defasında, her seferinde",,Sonstiges,Der Kurs findet jeweils montags und donnerstags um 18 Uhr statt.,jeweils,B1.pdf
B1,Journalist,der,gazeteci,-en,Nomen,Meine Tochter möchte Journalistin werden.,"der Journalist, -en",B1.pdf
B1,Journalistin,die,kadın gazeteci,-nen,Nomen,Meine Tochter möchte Journalistin werden.,"die Journalistin, -nen",B1.pdf
B1,Jugend,die,gençlik,,Nomen,In meiner Jugend habe ich mich sehr für Musik interessiert.,die Jugend,B1.pdf
B1,Jugendliche,der,genç,-n,Nomen,1. Die Jugendlichen gehen gerne in die Disko. 2. Der Eintritt ist für Kinder und Jugendliche bis 16 Jahre frei.,"der Jugendliche, -n",B1.pdf
B1,Jugendliche,die,genç,-nen,Nomen,1. Die Jugendlichen gehen gerne in die Disko. 2. Der Eintritt ist für Kinder und Jugendliche bis 16 Jahre frei.,"die Jugendliche, -nen",B1.pdf
B1,Jugendherberge,die,gençlik yurdu,-n,Nomen,Wo habt ihr übernachtet? – In einer Jugendherberge.,"die Jugendherberge, -n",B1.pdf
B1,jung,,genç,,Sonstiges,1. Für diesen Film bist du noch zu jung. 2. Meine Mutter ist jung geblieben. 3. Claudia ist 21. – Was? Noch so jung? 4. Ich habe sehr jung geheiratet. 5. Bei uns im Haus wohnen viele junge Leute. 6. Mein Bruder ist zehn Jahre jünger als ich. 7. Ich bin in unserer Familie die Jüngste.,jung,B1.pdf
B1,Junge,der,"erkek çocuk, oğlan","-n (D) → A, CH: Bub",Nomen,In der Schulklasse sind 15 Jungen und 10 Mädchen.,"der Junge, -n (D) → A, CH: Bub",B1.pdf
B1,Kabel,das,kablo,-,Nomen,1. Wo ist das Kabel für das Aufnahmegerät? 2. Mit Kabel bekommen Sie über 30 Fernsehkanäle.,"das Kabel, -",B1.pdf
B1,Kabine,die,kabin,-n,Nomen,"Um zu wählen, gehen Sie bitte in diese Kabine.","die Kabine, -n",B1.pdf
B1,Kaffee,der,kahve,,Nomen,"1. Bring bitte noch eine Packung Kaffee mit. 2. Zum Frühstück trinke ich gerne Kaffee. 3. Wir sind bei Müllers zum Kaffee eingeladen. 4. Einen Kaffee, bitte.",der Kaffee,B1.pdf
B1,Kaffeehaus,das,"kahvehane, kafe",¨-er (A),Nomen,Hier in der Nähe ist ein Kaffeehaus. Lass uns einen Kaffee trinken.,"das Kaffeehaus, ¨-er (A)",B1.pdf
B1,Kakao,der,kakao,-s,Nomen,Zum Frühstück trinke ich immer einen Kakao.,"der Kakao, -s",B1.pdf
B1,Kalender,der,takvim,-,Nomen,1. Ich habe den Termin in meinem Kalender notiert. 2. Haben Sie am Montag Zeit? – Moment. Ich muss erst in meinem Terminkalender nachschauen.,"der Kalender, -",B1.pdf
B1,kalt,,soğuk,,Sonstiges,1. Es ist kalt heute. 2. Du hast ja ganz kalte Hände. 3. Das Mittagessen ist kalt geworden. 4. Abends essen wir immer kalt. 5. Wir hatten einen kalten Winter. 6. Mir ist kalt. Mach bitte die Heizung an.,kalt,B1.pdf
B1,Kälte,die,soğuk,,Nomen,Bei dieser Kälte fahre ich nicht mit dem Fahrrad.,die Kälte,B1.pdf
B1,Kamera,die,"kamera, fotoğraf makinesi",-s,Nomen,Ich habe eine ganz neue Kamera.,"die Kamera, -s",B1.pdf
B1,kämpfen,,"mücadele etmek, savaşmak","kämpft, kämpfte, hat gekämpft",Verb,Die Frauen kämpfen für mehr Rechte.,"kämpfen, kämpft, kämpfte, hat gekämpft",B1.pdf
B1,Kampf,der,"mücadele, kavga, savaş",¨-e,Nomen,Im Schulbus gibt es immer einen Kampf um die Sitzplätze.,"der Kampf, ¨-e",B1.pdf
B1,Kanal,der,kanal,¨-e,Nomen,Mit Kabel bekommen Sie über 30 Fernsehkanäle.,"der Kanal, ¨-e",B1.pdf
B1,Kandidat,der,aday,-en,Nomen,Wie viele Kandidaten kommen zur Prüfung?,"der Kandidat, -en",B1.pdf
B1,Kanne,die,"sürahi, demlik",-n,Nomen,"1. Das ist aber eine schöne Teekanne. – Ja, die ist aus China. 2. Bitte einen Kaffee! – Eine Tasse oder ein Kännchen?","die Kanne, -n",B1.pdf
B1,Kantine,die,"kantin, yemekhane",-n,Nomen,In unserer Kantine kann man günstig essen.,"die Kantine, -n",B1.pdf
B1,Kapitel,das,bölüm,-,Nomen,"Die Lehrerin hat gesagt, wir sollen zwei Kapitel im Buch wiederholen.","das Kapitel, -",B1.pdf
B1,kaputt,,"bozuk, kırık",,Sonstiges,1. Unsere Waschmaschine ist kaputt. 2. Ich bin noch ganz kaputt von der Reise.,kaputt,B1.pdf
B1,kaputtgehen,,"bozulmak, kırılmak",,Sonstiges,1. Pass bitte mit diesem Glas auf. Es geht leicht kaputt. 2. Der Fernseher ist gestern kaputtgegangen.,kaputtgehen,B1.pdf
B1,kaputtmachen,,"bozmak, kırmak",,Sonstiges,Wer hat die Lampe kaputtgemacht?,kaputtmachen,B1.pdf
B1,Karneval,der,karnaval,"-s/-e (D) D, A: Fasching, CH: Fasnacht",Nomen,Dort hängt mein Kostüm für den Karnevals(um)zug.,"der Karneval, -s/-e (D) D, A: Fasching; CH: Fasnacht",B1.pdf
B1,Karotte,die,havuç,"-n → D: Möhre, CH: Rüebli",Nomen,Hasen fressen gern Karotten.,"die Karotte, -n → D: Möhre; CH: Rüebli",B1.pdf
B1,Karriere,die,kariyer,-n,Nomen,Mein Bruder hat große Pläne. Er will Karriere machen.,"die Karriere, -n",B1.pdf
B1,Karte,die,"kart, harita",-n,Nomen,"1. Schreibst du mir eine Karte aus dem Urlaub? 2. Diese Karte gilt nur für die 2. Klasse. 3. Hast du schon die Karten für das Konzert abgeholt? 4. Haben Sie eine Karte von Norddeutschland? 5. Herr Ober, bitte die Speisekarte. 6. Spielen Sie Karten?","die Karte, -n",B1.pdf
B1,Chipkarte,die,"çip kart, akıllı kart",-n,Nomen,Ich habe eine Chipkarte für diesen Automaten.,"die Chipkarte, -n",B1.pdf
B1,Fahrkarte,die,bilet,-n → CH: Billett,Nomen,Fahrkarten können Sie am Schalter kaufen.,"die Fahrkarte, -n → CH: Billett",B1.pdf
B1,Kartoffel,die,patates,-n → A: Erdapfel,Nomen,Kann ich bitte noch Kartoffeln bekommen?,"die Kartoffel, -n → A: Erdapfel",B1.pdf
B1,Käse,der,peynir,,Nomen,Möchtest du Käse aufs Brot?,der Käse,B1.pdf
B1,Kasse,die,kasa,-n,Nomen,Zahlen Sie bitte an der Kasse.,"die Kasse, -n",B1.pdf
B1,Kassette,die,kaset,-n,Nomen,Meine Eltern besitzen noch viele Musikkassetten.,"die Kassette, -n",B1.pdf
B1,Kasten,der,"kutu, sandık, dolap","¨- (D) Kiste (A, D)",Nomen,Ich habe zwei Kästen Bier gekauft. Die Handtücher liegen im Kasten.,"der Kasten, ¨- (D) Kiste (A, D)",B1.pdf
B1,Kasten,der,"kutu, sandık, dolap","¨- (A, CH) → D, CH: Schrank",Nomen,Ich habe zwei Kästen Bier gekauft. Die Handtücher liegen im Kasten.,"der Kasten, ¨- (A, CH) → D, CH: Schrank",B1.pdf
B1,Katalog,der,katalog,-e,Nomen,Ich habe mir ein Kleid aus dem Katalog bestellt.,"der Katalog, -e",B1.pdf
B1,Katastrophe,die,"felaket, afet",-n,Nomen,Der Urlaub war eine Katastrophe. Es hat nur geregnet.,"die Katastrophe, -n",B1.pdf
B1,sich etwas) kaufen,,satın almak,"kauft, kaufte, hat gekauft",Verb,1. Im Supermarkt kauft man sehr günstig ein. 2. Ich habe mir einen Pullover gekauft.,"(sich etwas) kaufen, kauft, kaufte, hat gekauft",B1.pdf
B1,Kauf,der,"satın alma, alışveriş",,Nomen,Der neue Esstisch war ein guter Kauf.,der Kauf,B1.pdf
B1,Käufer,der,"alıcı, müşteri","die Käuferin, -nen",Nomen,- Ich habe schon einen Käufer für den alten Tisch.,"der Käufer, die Käuferin, -nen",B1.pdf
B1,kaum,,"hemen hemen hiç, neredeyse hiç, zar zor",,Sonstiges,1. Ich kann Sie kaum verstehen. Bitte sprechen Sie lauter. 2. Es hat letzte Woche kaum geregnet. 3. Die Fahrt hat nicht lange gedauert. Kaum 20 Minuten.,kaum,B1.pdf
B1,kein-,,"hiç, hiçbir",,Sonstiges,1. Ich habe leider heute keine Zeit. 2. Jetzt habe ich noch keinen Hunger. 3. Ich habe keine Kinder. 4. Was für ein Auto haben Sie? – Ich habe keins.,kein-,B1.pdf
B1,Keller,der,bodrum,-,Nomen,Unser Keller ist nicht besonders groß.,"der Keller, -",B1.pdf
B1,Kellner,der,garson,-,Nomen,Ich bin Kellnerin von Beruf.,"der Kellner, -",B1.pdf
B1,Kellnerin,die,kadın garson,"-nen → D, A: Ober, CH: Serviceangestellter",Nomen,Ich bin Kellnerin von Beruf.,"die Kellnerin, -nen → D, A: Ober; CH: Serviceangestellter",B1.pdf
B1,kennen,,"tanımak, bilmek","kennt, kannte, hat gekannt",Verb,"1. Kennen Sie hier in der Nähe ein gemütliches Café? 2. Kennen Sie diese Frau? – Nein, leider nicht. 3. Kennen Sie Berlin? – Ja, eine tolle Stadt.","kennen, kennt, kannte, hat gekannt",B1.pdf
B1,kennenlernen,,tanışmak,"lernt kennen, lernte kennen, hat kennengelernt",Verb,1. Wo habt ihr euch kennengelernt? 2. Ich möchte gern reisen und andere Länder kennenlernen.,"kennenlernen, lernt kennen, lernte kennen, hat kennengelernt",B1.pdf
B1,Kenntnisse,die,"bilgi birikimi, bilgi",(Pl.),Nomen,1. In vielen Berufen braucht man heute Sprachkenntnisse. 2. Ich möchte meine Deutschkenntnisse verbessern.,die Kenntnisse (Pl.),B1.pdf
B1,Kennzeichen,das,"plaka, işaret",-,Nomen,Das Auto hat ein Schweizer Kennzeichen.,"das Kennzeichen, -",B1.pdf
B1,Kerze,die,mum,-n,Nomen,Für den Geburtstagstisch brauchen wir viele Blumen und Kerzen.,"die Kerze, -n",B1.pdf
B1,Kette,die,"kolye, zincir",-n,Nomen,Ich habe zum Geburtstag eine goldene Kette bekommen.,"die Kette, -n",B1.pdf
B1,Kind,das,çocuk,-er,Nomen,1. Mein Bruder hat zwei Kinder. 2. Wir haben ein Kind bekommen. 3. Die Kinder spielen Fußball.,"das Kind, -er",B1.pdf
B1,Kindergarten,der,anaokulu,¨-,Nomen,Morgens bringe ich meinen Sohn in den Kindergarten.,"der Kindergarten, ¨-",B1.pdf
B1,Kindheit,die,çocukluk,,Nomen,In meiner Kindheit war ich oft auf dem Land bei meinen Großeltern.,die Kindheit,B1.pdf
B1,Kino,das,sinema,-s,Nomen,Wollen wir ins Kino gehen?,"das Kino, -s",B1.pdf
B1,Kiosk,der,"büfe, kulübe",-e,Nomen,Zeitungen bekommst du am Kiosk.,"der Kiosk, -e",B1.pdf
B1,Kirche,die,kilise,-n,Nomen,Diese Kirche ist aus dem 12. Jahrhundert.,"die Kirche, -n",B1.pdf
B1,Kiste,die,"kutu, sandık","-n (A, D) → D: Kasten",Nomen,Ich habe zwei Kisten Bier gekauft.,"die Kiste, -n (A, D) → D: Kasten",B1.pdf
B1,Kissen,das,yastık,-,Nomen,Ohne Kopfkissen kann ich nicht schlafen.,"das Kissen, -",B1.pdf
B1,klagen,,"yakınmak, şikayet etmek","klagt, klagte, hat geklagt",Verb,Sie klagt über Kopfschmerzen.,"klagen, klagt, klagte, hat geklagt",B1.pdf
B1,klappen,,"yolunda gitmek, işe yaramak","klappt, klappte, hat geklappt",Verb,Wie war die Reise? – Gut. Es hat alles prima geklappt.,"klappen, klappt, klappte, hat geklappt",B1.pdf
B1,klar,,"tabii, elbette, açık",,Sonstiges,"1. Sie müssen noch mehr Deutsch lernen. – Ja, das ist mir klar. 2. Kommst du mit? – Klar! 3. Ich komme zu deinem Geburtstag, das ist doch klar. 4. Leider haben wir bei der Bahn keine klare Auskunft bekommen.",klar,B1.pdf
B1,klären,,"açıklığa kavuşturmak, çözmek","klärt, klärte, hat geklärt",Verb,"Ich hoffe, wir können dieses Problem bald klären.","klären, klärt, klärte, hat geklärt",B1.pdf
B1,klasse,,"harika, süper",,Sonstiges,Ich finde unseren Lehrer klasse.,klasse,B1.pdf
B1,Klasse,die,sınıf,-n,Nomen,"1. In der Klasse sind 24 Schülerinnen und Schüler. 2. Im Herbst komme ich in die 7. Klasse. 3. Einmal nach Frankfurt, 1. Klasse, bitte.","die Klasse, -n",B1.pdf
B1,Klassenarbeit,die,"sınav, yazılı sınav",-en (D) → A: Schularbeit,Nomen,Mein Sohn schreibt bei Klassenarbeiten immer gute Noten.,"die Klassenarbeit, -en (D) → A: Schularbeit",B1.pdf
B1,Klavier,das,piyano,-e,Nomen,Meine Tochter möchte Klavier spielen lernen.,"das Klavier, -e",B1.pdf
B1,kleben,,yapıştırmak,"klebt, klebte, hat geklebt",Verb,1. Die Briefmarke klebt nicht mehr. 2. Ich klebe Ihnen ein Pflaster darauf.,"kleben, klebt, klebte, hat geklebt",B1.pdf
B1,Kleid,das,elbise,-er,Nomen,Ich habe mir ein neues Kleid gekauft.,"das Kleid, -er",B1.pdf
B1,Kleidung,die,"giysi, kıyafet",,Nomen,Hier brauchen Sie auch im Sommer warme Kleidung.,die Kleidung,B1.pdf
B1,klein,,küçük,,Sonstiges,1. Unsere Wohnung ist klein. 2. Unser Kind ist noch klein. 3. Wir machen am Sonntag einen kleinen Ausflug.,klein,B1.pdf
B1,klettern,,tırmanmak,"klettert, kletterte, ist geklettert",Verb,Die Kinder sind auf den Baum geklettert.,"klettern, klettert, kletterte, ist geklettert",B1.pdf
B1,klicken,,tıklamak,"klickt, klickte, hat geklickt",Verb,"Wenn du die Datei öffnen willst, musst du mit der Maus zweimal klicken.","klicken, klickt, klickte, hat geklickt",B1.pdf
B1,Klick,der,"tık, tıklama",-,Nomen,"s Um das Wort zu markieren, genügt ein Doppelklick mit der linken Maustaste.","der Klick, -",B1.pdf
B1,Klima,das,iklim,,Nomen,"Alle sagen, dass sich das Klima ändert.",das Klima,B1.pdf
B1,Klimaanlage,die,klima,-n,Nomen,Im Sommer brauchen wir eine Klimaanlage.,"die Klimaanlage, -n",B1.pdf
B1,klingeln,,"çalmak, zil çalmak","klingelt, klingelte, hat geklingelt",Verb,"1. Ich glaube, es hat an der Tür geklingelt. 2. Das Telefon klingelt.","klingeln, klingelt, klingelte, hat geklingelt",B1.pdf
B1,Klingel,die,zil,-n,Nomen,Drück bitte auf die Klingel!,"die Klingel, -n",B1.pdf
B1,klingen,,"kulağa gelmek, çalmak","klingt, klang, hat geklungen",Verb,"Wollen wir einkaufen gehen und danach zusammen kochen? – Ja, das klingt gut.","klingen, klingt, klang, hat geklungen",B1.pdf
B1,Klinik,die,klinik,-en,Nomen,"Ich muss in die Klinik, um meinen kranken Onkel zu besuchen.","die Klinik, -en",B1.pdf
B1,klopfen,,"vurmak, kapıyı çalmak","klopft, klopfte, hat geklopft",Verb,1. Da klopft jemand ans Fenster. 2. Hat es nicht eben geklopft? 3. Bitte klopfen Sie an.,"klopfen, klopft, klopfte, hat geklopft",B1.pdf
B1,Kloß,der,"köfte, hamur köftesi","¨-e (D) → D, A: Knödel",Nomen,"Möchten Sie zum Fleisch Kartoffeln oder Klöße? – Klöße, bitte.","der Kloß, ¨-e (D) → D, A: Knödel",B1.pdf
B1,klug,,"akıllı, zeki",,Sonstiges,1. Ich halte sie für klug. 2. Er hat sich in der Diskussion nicht besonders klug verhalten. 3. Das ist ein kluger Hund.,klug,B1.pdf
B1,knapp,,"kıt, dar, az",,Sonstiges,1. Mach schnell. Die Zeit ist knapp. 2. Unser Geld wird knapp. Wir müssen sparen. 3. Die Fahrt war kurz. Nur knapp eine Stunde. 4. Die Wohnung hat nur knapp 30 m². 5. Der Tisch hat nur knapp 50 Euro gekostet.,knapp,B1.pdf
B1,Kneipe,die,"meyhane, bar",-n (D),Nomen,Gehen wir noch in eine Kneipe ein Bier trinken?,"die Kneipe, -n (D)",B1.pdf
B1,Knie,das,diz,-,Nomen,Ich habe mich am Knie verletzt. Jetzt kann ich nicht laufen.,"das Knie, -",B1.pdf
B1,Knochen,der,kemik,-,Nomen,Ich bin hingefallen. Jetzt tun mir alle Knochen weh.,"der Knochen, -",B1.pdf
B1,Knödel,der,"köfte, patates köftesi","- (D, A) → D: Kloß",Nomen,Möchten Sie zum Fleisch Erdäpfel oder Knödel? – Knödel bitte.,"der Knödel, - (D, A) → D: Kloß",B1.pdf
B1,Knopf,der,düğme,¨-e,Nomen,1. An meiner Jacke fehlt ein Knopf. 2. Der Fahrstuhl kommt nicht. – Sie müssen auf den Knopf drücken.,"der Knopf, ¨-e",B1.pdf
B1,kochen,,"pişirmek, yemek yapmak","kocht, kochte, hat gekocht",Verb,1. Ich koche gern. 2. Das Wasser kocht. 3. Der Reis muss etwa 20 Minuten kochen.,"kochen, kocht, kochte, hat gekocht",B1.pdf
B1,Koch,der,aşçı,¨-e,Nomen,Ein Freund von mir ist Koch in einem teuren Restaurant.,"der Koch, ¨-e",B1.pdf
B1,Köchin,die,kadın aşçı,-nen,Nomen,Ein Freund von mir ist Koch in einem teuren Restaurant.,"die Köchin, -nen",B1.pdf
B1,Koffer,der,bavul,-,Nomen,Ich habe den Koffer schon gepackt.,"der Koffer, -",B1.pdf
B1,Kollege,der,"iş arkadaşı, meslektaş",-n,Nomen,1. Ich habe guten Kontakt zu meinen Kollegen. 2. Mein neuer Kollege ist sehr nett.,"der Kollege, -n",B1.pdf
B1,Kollegin,die,"kadın meslektaş, iş arkadaşı",-nen,Nomen,1. Ich habe guten Kontakt zu meinen Kollegen. 2. Mein neuer Kollege ist sehr nett.,"die Kollegin, -nen",B1.pdf
B1,komisch,,"komik, garip, tuhaf",,Sonstiges,1. Das Essen schmeckt komisch. Probier mal. 2. Der Film war sehr komisch. Wir haben viel gelacht. 3. Eine grüne Hose und gelbe Schuhe? Das sieht komisch aus.,komisch,B1.pdf
B1,kommen,,gelmek,"kommt, kam, ist gekommen",Verb,"1. Woher kommen Sie? – Aus Frankreich. 2. Wir gehen heute Abend ins Konzert. Kommen Sie auch? 3. Kommen Sie doch mal wieder zu uns. 4. Wenn Sie mal nach Köln kommen, besuchen Sie uns. 5. Steffi kommt im Herbst in die Schule. 6. Die Straßenbahn muss gleich kommen. 7. Wer kommt als Nächster dran? 8. Die Handtücher kommen in den Schrank. 9. Wie sind Sie denn auf diese Idee gekommen?","kommen, kommt, kam, ist gekommen",B1.pdf
B1,Kommunikation,die,iletişim,,Nomen,Die Kommunikation zwischen den Abteilungen ist gut.,die Kommunikation,B1.pdf
B1,komplett,,"tamamen, eksiksiz",,Sonstiges,1. Ich habe den Termin komplett vergessen. 2. Die Wohnung ist jetzt komplett eingerichtet.,komplett,B1.pdf
B1,kompliziert,,"karmaşık, karışık",,Sonstiges,Er schreibt viel zu kompliziert.,kompliziert,B1.pdf
B1,Kompromiss,der,"uzlaşma, orta yol",-e,Nomen,Alle wollen etwas anderes. Wir müssen einen Kompromiss finden.,"der Kompromiss, -e",B1.pdf
B1,Konferenz,die,konferans,-en,Nomen,Die Konferenz findet in Raum 19 statt.,"die Konferenz, -en",B1.pdf
B1,Konfitüre,die,reçel,-n (CH),Nomen,Bring bitte noch ein Glas Konfitüre mit.,"die Konfitüre, -n (CH)",B1.pdf
B1,Konflikt,der,"çatışma, anlaşmazlık",-e,Nomen,1. Das ist ein alter Konflikt. 2. Ich habe einen Konflikt mit meinen Eltern.,"der Konflikt, -e",B1.pdf
B1,König,der,kral,-e,Nomen,Der spanische König ist in Deutschland zu Besuch.,"der König, -e",B1.pdf
B1,Konkurrenz,die,"rekabet, rakip",,Nomen,"1. Die Reparatur ist mir hier zu teuer. Bei der Konkurrenz bekomme ich sie für die Hälfte. 2. Es ist schwer, ein Geschäft aufzumachen. Die Konkurrenz ist groß.",die Konkurrenz,B1.pdf
B1,können,,"yapabilmek, bilmek","kann, konnte, hat gekonnt (hat können als Modalverb)",Verb,"1. Ich kann den schweren Koffer nicht tragen. 2. Sie können mit dem Bus zum Bahnhof fahren. 3. Kann ich jetzt nach Hause gehen? 4. Können Sie mir helfen? 5. Ich kann sehr gut Englisch und Deutsch. 6. Es kann sein, dass es heute noch regnet.","können, kann, konnte, hat gekonnt (hat können als Modalverb)",B1.pdf
B1,Konsulat,das,konsolosluk,-e,Nomen,Ein Visum bekommst du auch im Konsulat.,"das Konsulat, -e",B1.pdf
B1,konsumieren,,tüketmek,"konsumiert, konsumierte, hat konsumiert",Verb,Die Europäer haben im letzten Jahr mehr Fleisch konsumiert.,"konsumieren, konsumiert, konsumierte, hat konsumiert",B1.pdf
B1,Konsum,der,tüketim,,Nomen,Der Konsum von Lebensmitteln steigt.,der Konsum,B1.pdf
B1,Kontakt,der,"iletişim, bağlantı",-e,Nomen,Ich habe wenig Kontakt zu meinen Kollegen.,"der Kontakt, -e",B1.pdf
B1,Konto,das,hesap (banka),Konten,Nomen,1. Ich möchte ein Konto eröffnen. 2. Das Geld überweisen wir am 1. März auf Ihr Konto.,"das Konto, Konten",B1.pdf
B1,Girokonto,das,"vadesiz hesap, banka hesabı",-en,Nomen,Mein Girokonto kostet gar nichts.,"das Girokonto, -en",B1.pdf
B1,kontrollieren,,kontrol etmek,"kontrolliert, kontrollierte, hat kontrolliert",Verb,Beim Auto müssen Sie regelmäßig das Öl kontrollieren.,"kontrollieren, kontrolliert, kontrollierte, hat kontrolliert",B1.pdf
B1,Kontrolle,die,"kontrol, denetim",-n,Nomen,1. An den Grenzen gibt es kaum noch Kontrollen. 2. Fahrkartenkontrolle! Bitte Ihre Fahrkarten!,"die Kontrolle, -n",B1.pdf
B1,sich konzentrieren,,"konsantre olmak, yoğunlaşmak","konzentriert sich, konzentrierte sich, hat sich konzentriert",Verb,Bitte stör mich jetzt nicht. Ich muss mich auf meine Arbeit konzentrieren.,"sich konzentrieren, konzentriert sich, konzentrierte sich, hat sich konzentriert",B1.pdf
B1,Konzert,das,konser,-e,Nomen,Für das Konzert am Sonntag gibt es noch Karten.,"das Konzert, -e",B1.pdf
B1,Kopf,der,"baş, kafa",¨-e,Nomen,1. Ich habe Kopfschmerzen. 2. Michael kann gut im Kopf rechnen.,"der Kopf, ¨-e",B1.pdf
B1,kopieren,,"kopyalamak, fotokopi çekmek",,Sonstiges,1. Kann ich mir diesen Artikel kopieren? 2. Ich kopiere dir die Datei auf die Speicherkarte. 3. Ich kann dir die CD kopieren.,kopieren,B1.pdf
B1,Kopie,die,"kopya, fotokopi",-n,Nomen,Machst du mir bitte eine Kopie?,"die Kopie, -n",B1.pdf
B1,Kopierer,der,fotokopi makinesi,,Nomen,- Der Kopierer ist schon wieder kaputt.,"der Kopierer,",B1.pdf
B1,Körper,der,"vücut, beden",-,Nomen,"Der Arzt sagt, ich muss etwas für meinen Körper tun, z. B. schwimmen oder Fahrrad fahren.","der Körper, -",B1.pdf
B1,körperlich,,"bedensel, fiziksel",,Sonstiges,Körperliche Arbeit macht mir nichts aus.,körperlich,B1.pdf
B1,korrekt,,"doğru, doğru dürüst",,Sonstiges,Ich habe die Rechnung geprüft. Alles ist korrekt.,korrekt,B1.pdf
B1,Korridor,der,koridor,"-e (D, CH) → Gang, D: Flur",Nomen,Wir warten draußen im Korridor.,"der Korridor, -e (D, CH) → Gang; D: Flur",B1.pdf
B1,korrigieren,,düzeltmek,"korrigiert, korrigierte, hat korrigiert",Verb,1. Können Sie bitte meinen Brief korrigieren? 2. Der Lehrer hat meine Fehler korrigiert.,"korrigieren, korrigiert, korrigierte, hat korrigiert",B1.pdf
B1,kosten,,"mal olmak, fiyatı olmak","kostet, kostete, hat gekostet",Verb,"1. Wie viel kostet das T-Shirt? – 15 Euro. 2. Eine Wohnung zu finden, kostet viel Zeit.","kosten, kostet, kostete, hat gekostet",B1.pdf
B1,Kosten,die,"masraf, gider, maliyet",(Pl.),Nomen,Die Kosten für die Reise bekomme ich von der Firma.,die Kosten (Pl.),B1.pdf
B1,kostenlos,,"ücretsiz, bedava",,Sonstiges,Diese Zeitschrift kostet nichts. Sie ist kostenlos.,kostenlos,B1.pdf
B1,kosten,,"mal olmak, fiyatı olmak","kostet, kostete, → hat gekostet (A) D, CH: probieren",Verb,Möchten Sie den Käse mal kosten?,"kosten, kostet, kostete, → hat gekostet (A) D, CH: probieren",B1.pdf
B1,Kostüm,das,kostüm,-e,Nomen,In dem Film tragen die Leute bunte Kostüme.,"das Kostüm, -e",B1.pdf
B1,Kraft,die,"güç, kuvvet",¨-e,Nomen,Für diese Arbeit braucht man viel Kraft.,"die Kraft, ¨-e",B1.pdf
B1,kräftig,,"güçlü, kuvvetli",,Sonstiges,1. Der Mann ist kräftig. Er macht viel Sport und isst viel. 2. Die Suppe musst du kräftig würzen.,kräftig,B1.pdf
B1,Kraftfahrzeug,das,motorlu taşıt,-e,Nomen,Auf dieser Straße sind Kraftfahrzeuge nicht erlaubt.,"das Kraftfahrzeug, -e",B1.pdf
B1,Kraftwerk,das,elektrik santrali,-e,Nomen,Die Menschen protestieren gegen das Kraftwerk.,"das Kraftwerk, -e",B1.pdf
B1,krank,,hasta,,Sonstiges,1. Ich war zwei Wochen krank. 2. Ich muss mich um meine kranke Großmutter kümmern.,krank,B1.pdf
B1,Kranke,der,hasta,-n,Nomen,Kranke brauchen viel Ruhe.,"der Kranke, -n",B1.pdf
B1,Kranke,die,hasta,-n,Nomen,Kranke brauchen viel Ruhe.,"die Kranke, -n",B1.pdf
B1,Krankenhaus,das,hastane,¨-er,Nomen,Er hat sich verletzt und musste ins Krankenhaus.,"das Krankenhaus, ¨-er",B1.pdf
B1,Krankenkasse,die,sağlık sigortası,-n,Nomen,Die Krankenkasse bezahlt die Medikamente.,"die Krankenkasse, -n",B1.pdf
B1,Krankenpfleger,der,"hemşire, hasta bakıcı",,Nomen,- Mein Bruder arbeitet als Krankenpfleger im Krankenhaus.,"der Krankenpfleger,",B1.pdf
B1,Krankenschwester,die,hemşire,-n,Nomen,Meine Cousine möchte gern Krankenschwester werden.,"die Krankenschwester, -n",B1.pdf
B1,Krankenwagen,der,ambulans,,Nomen,- Wir mussten einen Krankenwagen rufen.,"der Krankenwagen,",B1.pdf
B1,Krankheit,die,hastalık,-en,Nomen,1. Gegen welche Krankheiten sollte ich mich impfen lassen? 2. Was für eine Krankheit hat Herr Brandner?,"die Krankheit, -en",B1.pdf
B1,kreativ,,yaratıcı,,Sonstiges,1. Die Kinder sind beim Basteln sehr kreativ. 2. Wir brauchen eine kreative Lösung für dieses Problem.,kreativ,B1.pdf
B1,Kredit,der,kredi,-e,Nomen,1. Ich habe den Wagen auf Kredit gekauft. 2. Wir haben von der Bank einen Kredit bekommen.,"der Kredit, -e",B1.pdf
B1,Kreditkarte,die,kredi kartı,-n,Nomen,Kann ich mit Kreditkarte zahlen?,"die Kreditkarte, -n",B1.pdf
B1,Kreis,der,"daire, çember, ilçe",-e,Nomen,1. Die Kinder sitzen im Kindergarten im Kreis. 2. Bitte malt jetzt alle einen Kreis in euer Heft. 3. Unser Ort gehört zum Kreis Neuss.,"der Kreis, -e",B1.pdf
B1,Kreuz,das,"haç, çarpı işareti",-e,Nomen,Was bedeutet dieses Kreuz hier?,"das Kreuz, -e",B1.pdf
B1,Kreuzung,die,kavşak,-en,Nomen,Fahren Sie an der nächsten Kreuzung rechts.,"die Kreuzung, -en",B1.pdf
B1,Krieg,der,savaş,-e,Nomen,1. Es herrscht noch immer Krieg in diesem Land. 2. Der Lehrer spricht über den Zweiten Weltkrieg.,"der Krieg, -e",B1.pdf
B1,kriegen,,"almak, elde etmek","kriegt, kriegte, hat gekriegt",Verb,"1. Haben Sie meinen Brief gekriegt? 2. Was kriegen Sie? – Ein Schwarzbrot, bitte.","kriegen, kriegt, kriegte, hat gekriegt",B1.pdf
B1,Kriminaldie Kriminalpolizei,,"cinayet masası, kriminal polis",,Sonstiges,Ein Nachbar von uns arbeitet bei der Kriminalpolizei.,Kriminaldie Kriminalpolizei,B1.pdf
B1,Krimi,der,polisiye,-s,Nomen,Heute Abend kommt ein spannender Krimi im Fernsehen.,"der Krimi, -s",B1.pdf
B1,Krise,die,kriz,-n,Nomen,Die Wirtschaft steckt in einer schweren Krise.,"die Krise, -n",B1.pdf
B1,kritisieren,,eleştirmek,"kritisiert, kritisierte, hat kritisiert",Verb,Kritisiere mich nicht so oft.,"kritisieren, kritisiert, kritisierte, hat kritisiert",B1.pdf
B1,Kritik,die,eleştiri,-en,Nomen,1. Es gibt viel Kritik an der Politik der Regierung. 2. Dieser Film hat sehr gute Kritiken bekommen.,"die Kritik, -en",B1.pdf
B1,kritisch,,"eleştirel, kritik",,Sonstiges,Es gab eine Diskussion über die Lebensmittelpreise. Ein Journalist hat kritische Fragen gestellt.,kritisch,B1.pdf
B1,Küche,die,mutfak,-n,Nomen,"1. Ich suche eine Wohnung mit drei Zimmern, Küche und Bad. 2. Ich mag die deutsche Küche.","die Küche, -n",B1.pdf
B1,Kuchen,der,"kek, pasta",-,Nomen,Ich habe einen Kuchen gebacken.,"der Kuchen, -",B1.pdf
B1,Kugelschreiber,der,tükenmez kalem,-,Nomen,Mein Kugelschreiber ist weg.,"der Kugelschreiber, -",B1.pdf
B1,Kuli,der,tükenmez kalem,-s,Nomen,Hast du einen Kuli für mich?,"der Kuli, -s",B1.pdf
B1,kühl,,serin,,Sonstiges,Es ist kühl draußen. Zieh dir eine Jacke an.,kühl,B1.pdf
B1,Kühlschrank,der,buzdolabı,¨-e,Nomen,Stell die Milch in den Kühlschrank!,"der Kühlschrank, ¨-e",B1.pdf
B1,Kultur,die,kültür,-en,Nomen,Ich interessiere mich für andere Länder und Kulturen.,"die Kultur, -en",B1.pdf
B1,kulturell,,kültürel,,Sonstiges,Es gibt große kulturelle Unterschiede zwischen den Ländern.,kulturell,B1.pdf
B1,sich kümmern,,"ilgilenmek, bakmak","kümmert sich, kümmerte sich, hat sich gekümmert",Verb,1. Ich kann nicht arbeiten. Ich muss mich um die Kinder kümmern. 2. Ich habe keine Zeit. Ich muss mich um das Essen kümmern.,"sich kümmern, kümmert sich, kümmerte sich, hat sich gekümmert",B1.pdf
B1,Kunde,der,müşteri,-n,Nomen,"1. Sie ist schon lange bei mir Kundin. Ich habe ihr einen Sonderpreis gegeben. 2. Einen Augenblick, bitte. Ich habe einen Kunden.","der Kunde, -n",B1.pdf
B1,Kundin,die,kadın müşteri,-nen,Nomen,"1. Sie ist schon lange bei mir Kundin. Ich habe ihr einen Sonderpreis gegeben. 2. Einen Augenblick, bitte. Ich habe einen Kunden.","die Kundin, -nen",B1.pdf
B1,kündigen,,"istifa etmek, feshetmek","kündigt, kündigte, hat gekündigt",Verb,1. Ich war mit meiner Stelle nicht zufrieden und habe gekündigt. 2. Hast du deine Wohnung schon gekündigt? 3. Ich möchte die Zeitschrift nicht mehr. – Dann musst du schriftlich kündigen.,"kündigen, kündigt, kündigte, hat gekündigt",B1.pdf
B1,Kündigung,die,"fesih, işten çıkarma",-en,Nomen,Ich habe die Kündigung bekommen. Jetzt bin ich arbeitslos.,"die Kündigung, -en",B1.pdf
B1,Kunst,die,sanat,¨-e,Nomen,Ich verstehe nichts von moderner Kunst.,"die Kunst, ¨-e",B1.pdf
B1,Künstler,der,sanatçı,"die Künstlerin, -nen",Nomen,- In diesem Stadtteil wohnen viele Künstlerinnen. Neben uns wohnt eine Musikerin.,"der Künstler, die Künstlerin, -nen",B1.pdf
B1,künstlich,,"yapay, suni",,Sonstiges,Ich mag kein künstliches Licht.,künstlich,B1.pdf
B1,Kunststoff,der,plastik,-e,Nomen,Der Stuhl ist aus Kunststoff. Ich besuche regelmäßig einen Deutschkurs.,"der Kunststoff, -e",B1.pdf
B1,Kurs,der,kurs,-e,Nomen,Der Stuhl ist aus Kunststoff. Ich besuche regelmäßig einen Deutschkurs.,"der Kurs, -e",B1.pdf
B1,Kursleiter,der,"kurs eğitmeni, kurs yöneticisi","die Kursleiter, -nen",Nomen,- Die Kursleiterin ist mit unserer Kursgruppe manchmal in den Computerraum gegangen.,"der Kursleiter, die Kursleiter, -nen",B1.pdf
B1,Kurve,die,"viraj, kavis",-n,Nomen,1. Fahr bitte nicht so schnell in die Kurven. 2. Achtung. Das Stauende ist gleich hinter einer Kurve.,"die Kurve, -n",B1.pdf
B1,kurz,,kısa,,Sonstiges,1. Ricardo hat kurze Haare. 2. Kann ich Sie kurz sprechen? 3. Kurz vor 8 Uhr hat das Telefon geklingelt. 4. Mein Mann ist kurz nach mir gekommen. 5. Ich bin vor Kurzem nach München gezogen. 6. Ich wohne seit Kurzem in München. 7. Ich habe das Kleid kürzer machen lassen.,kurz,B1.pdf
B1,kürzlich,,"geçenlerde, kısa süre önce",,Sonstiges,"Wir haben doch kürzlich darüber gesprochen, dass wir am Wochenende wegfahren wollen.",kürzlich,B1.pdf
B1,küssen,,öpmek,"küsst, küsste, hat geküsst",Verb,1. Er nahm sie in die Arme und küsste sie. 2. Beim Verabschieden haben wir uns alle geküsst.,"küssen, küsst, küsste, hat geküsst",B1.pdf
B1,Kuss,der,öpücük,¨-e,Nomen,Gib der Mama einen Kuss!,"der Kuss, ¨-e",B1.pdf
B1,Küste,die,"kıyı, sahil",-n,Nomen,Unser Dorf liegt direkt an der Küste.,"die Küste, -n",B1.pdf
B1,Kuvert,das,zarf,-s (A) →,Nomen,Ich hätte gern 50 Kuverts und Briefmarken dazu.,"das Kuvert, -s (A) →",B1.pdf
B1,Briefumschlag,der,zarf,CH: Couvert,Nomen,Ich hätte gern 50 Kuverts und Briefmarken dazu.,der Briefumschlag; CH: Couvert,B1.pdf
B1,lächeln,,gülümsemek,"lächelt, lächelte, hat gelächelt",Verb,Schauen Sie in die Kamera. Bitte lächeln!,"lächeln, lächelt, lächelte, hat gelächelt",B1.pdf
B1,lachen,,gülmek,"lacht, lachte, hat gelacht",Verb,1. Lachen ist gesund. 2. Wir haben viel gelacht. 3. Die Kinder haben über den Witz gelacht.,"lachen, lacht, lachte, hat gelacht",B1.pdf
B1,Laden,der,"dükkân, mağaza",¨-,Nomen,1. Dieses Kleid habe ich in einem Laden im Zentrum gekauft. 2. Ich kaufe meine Zeitung immer beim Zeitungsladen am Eck.,"der Laden, ¨-",B1.pdf
B1,Lage,die,"konum, durum",,Nomen,Wir suchen eine Wohnung an/in zentraler Lage.,die Lage,B1.pdf
B1,Lager,das,"depo, ambar",-,Nomen,"1. Ich weiß nicht, ob wir diesen Schuh in Ihrer Größe haben. Ich sehe mal im Lager nach. 2. Unsere Kinder fahren im Sommer ins Zeltlager.","das Lager, -",B1.pdf
B1,Lampe,die,lamba,-n,Nomen,1. Ich habe mir eine neue Lampe gekauft. 2. Mach doch bitte die Lampe an. Es ist so dunkel hier.,"die Lampe, -n",B1.pdf
B1,Land,das,"ülke, kara",¨-er,Nomen,1. Deutschland ist ein schönes Land. 2. Möchten Sie lieber auf dem Land oder in der Stadt wohnen? 3. Wir haben ein Stück Land gekauft und wollen dort bauen. 4. In welchen Ländern warst du schon?,"das Land, ¨-er",B1.pdf
B1,Landwirtschaft,die,tarım,,Nomen,Auf dem Land arbeiten die meisten Leute in der Landwirtschaft.,die Landwirtschaft,B1.pdf
B1,Landschaft,die,"manzara, doğa",-en,Nomen,Die Landschaft ist sehr hügelig.,"die Landschaft, -en",B1.pdf
B1,landen,,"inmek, konmak","landet, landete, ist gelandet",Verb,1. Wir sind erst um 20 Uhr in München gelandet. 2. Wegen starken Nebels konnte die Maschine nicht in Frankfurt landen.,"landen, landet, landete, ist gelandet",B1.pdf
B1,Landung,die,iniş,-en,Nomen,Bei der Landung müssen Sie sich anschnallen.,"die Landung, -en",B1.pdf
B1,lang,,uzun,,Sonstiges,1. Der Teppich ist 3 m lang und 2 m breit. 2. Meine Schwester hat mir einen langen Brief geschrieben. 3. Die Hose ist zu lang. Können Sie sie kürzer machen?,lang,B1.pdf
B1,Länge,die,uzunluk,,Nomen,"Mein Schreibtisch hat folgende Maße: Länge 1.20 m, Breite: 0,85 m, Höhe: 0,75 m.",die Länge,B1.pdf
B1,lange,,"uzun süre, uzun zamandır",lang,Sonstiges,1. Wie lange dauert die Fahrt von Hamburg nach Berlin? 2. Wie lange bist du schon in Deutschland? 3. Wartest du schon lange? 4. Wir sind noch lange nicht fertig mit der Arbeit. 5. Wir haben lange gefrühstückt. 6. Beim Arzt muss man oft lange warten. 7. Ich komme gleich. Es dauert nicht lange.,"lange, lang",B1.pdf
B1,langsam,,yavaş,,Sonstiges,1. Könnten Sie bitte etwas langsamer sprechen? 2. Es wird langsam kalt. Es wird Herbst.,langsam,B1.pdf
B1,längst,,"çoktan, çoktan beri",,Sonstiges,Wann reparierst du die Heizung. – Die habe ich schon längst repariert.,längst,B1.pdf
B1,langweilig,,sıkıcı,,Sonstiges,Der Film war sehr langweilig.,langweilig,B1.pdf
B1,sich langweilen,,sıkılmak,"langweilt, langweilte, hat gelangweilt",Verb,Langweilst du dich?,"sich langweilen, langweilt, langweilte, hat gelangweilt",B1.pdf
B1,Langeweile,die,can sıkıntısı,,Nomen,Es ist aus Langeweile eingeschlafen.,die Langeweile,B1.pdf
B1,Lärm,der,gürültü,,Nomen,Die Flugzeuge machen einen schrecklichen Lärm.,der Lärm,B1.pdf
B1,lassen,,bırakmak,"lässt, ließ, hat gelassen",Verb,1. Ich habe mein Gepäck am Bahnhof gelassen. 2. Am Samstag lasse ich mir die Haare schneiden. 3. Ich lasse meine Kinder abends nur eine Stunde fernsehen. 4. Kann ich mein Auto hier stehen lassen? 5. Wo habe ich nur meine Brille gelassen? 6. Ich habe meinen Anzug reinigen lassen. 7. Ich kann meine kleine Tochter noch nicht allein lassen. 8. Lass mich in Ruhe. Ich muss arbeiten.,"lassen, lässt, ließ, hat gelassen",B1.pdf
B1,Laster,der,kamyon,-,Nomen,Auf der Autobahn waren so viele Laster. Deshalb hat es so lange gedauert.,"der Laster, -",B1.pdf
B1,laufen,,"koşmak, yürümek","läuft, lief, ist gelaufen",Verb,"1. Ich bin gestern 100 m in 10,4 Sekunden gelaufen. 2. Bist du mit dem Auto hier? – Nein, ich bin gelaufen. 3. Jeden Morgen gehe ich eine halbe Stunde laufen. 4. Wann läuft der Film? 5. Wie geht´s beruflich? – Danke, das Geschäft läuft gut.","laufen, läuft, lief, ist gelaufen",B1.pdf
B1,Laufwerk,das,"sürücü, disk sürücüsü",-e,Nomen,Für meinen Computer habe ich mir ein neues Laufwerk gekauft.,"das Laufwerk, -e",B1.pdf
B1,Laune,die,"keyif, ruh hali",-n,Nomen,"Heute geht es mir besser, aber gestern hatte ich richtig schlechte Laune.","die Laune, -n",B1.pdf
B1,laut,,"gürültülü, yüksek sesle",,Sonstiges,1. Lass uns gehen. Hier ist es mir zu laut. 2. Können Sie bitte etwas lauter sprechen? 3. Laut Wetterbericht gibt es morgen Regen.,laut,B1.pdf
B1,Lautsprecher,der,hoparlör,-,Nomen,Bitte achten Sie auch auf die Lautsprecher-Ansagen am Bahnhof.,"der Lautsprecher, -",B1.pdf
B1,lecker,,lezzetli,,Sonstiges,Das Essen war sehr lecker.,lecker,B1.pdf
B1,leben,,yaşamak,"lebt, lebte, hat gelebt",Verb,1. Leben Ihre Großeltern noch? 2. Herr Müller hat lange im Ausland gelebt. 3. Von der Rente allein kann meine Tante nicht leben. 4. Ich lebe noch bei meinen Eltern.,"leben, lebt, lebte, hat gelebt",B1.pdf
B1,Leben,das,"hayat, yaşam",,Nomen,1. Ich habe mich an das Leben auf dem Land gewöhnt. 2. Hier ist das Leben teuer.,das Leben,B1.pdf
B1,Lebenslauf,der,özgeçmiş,¨-e,Nomen,Hast du den Lebenslauf für die Bewerbung schon geschrieben?,"der Lebenslauf, ¨-e",B1.pdf
B1,Lebensmittel,die,"gıda, yiyecek maddeleri",(Pl.),Nomen,1. Lebensmittel werden immer teurer. 2. Meine Lebensmittel kaufe ich im Supermarkt.,die Lebensmittel (Pl.),B1.pdf
B1,Leder,das,deri,,Nomen,Ist die Tasche aus Leder?,das Leder,B1.pdf
B1,ledig,,bekâr,,Sonstiges,Wie ist Ihr Familienstand? – Ledig.,ledig,B1.pdf
B1,leer,,boş,,Sonstiges,1. Das Restaurant war fast leer. 2. Die Kanne ist fast leer. Ich mache uns neuen Tee.,leer,B1.pdf
B1,legen,,"koymak, yerleştirmek","legt, legte, hat gelegt",Verb,1. Ich habe Ihnen die Briefe auf den Schreibtisch gelegt. 2. Legen Sie die Zeitungen bitte dort ins Regal.,"legen, legt, legte, hat gelegt",B1.pdf
B1,Lehre,die,"çıraklık, öğreti",,Nomen,Mein Cousin will eine dreijährige Lehre machen.,die Lehre,B1.pdf
B1,Lehrstelle,die,"çıraklık yeri, staj yeri",-n,Nomen,Es sind noch viele Lehrstellen frei.,"die Lehrstelle, -n",B1.pdf
B1,Lehrer,der,öğretmen,-,Nomen,Die Lehrerin hat heute viele Hausaufgaben gegeben.,"der Lehrer, -",B1.pdf
B1,Lehrerin,die,kadın öğretmen,-nen,Nomen,Die Lehrerin hat heute viele Hausaufgaben gegeben.,"die Lehrerin, -nen",B1.pdf
B1,Lehrling,der,çırak,-e,Nomen,Als Lehrling verdient man nicht sehr viel Geld.,"der Lehrling, -e",B1.pdf
B1,leicht,,"kolay, hafif",,Sonstiges,"1. Der Koffer ist ganz leicht. Ich kann ihn allein tragen. 2. Es ist nicht leicht, bei diesem Arzt einen Termin zu bekommen.",leicht,B1.pdf
B1,leid tun,,"üzülmek, üzgün olmak","tut leid, tat leid, hat leidgetan",Verb,"1. Die Frau tut mir leid. 2. Wie komme ich zum Bahnhof? - Tut mir leid, das weiß ich nicht. 3. Es tut mir leid, dass ich Ihnen nicht helfen kann.","leid tun, tut leid, tat leid, hat leidgetan",B1.pdf
B1,leiden,,"acı çekmek, muzdarip olmak","leidet, litt, hat gelitten",Verb,1. Er leidet an einer schweren Krankheit. 2. Sie leidet sehr unter den Verhältnissen.,"leiden, leidet, litt, hat gelitten",B1.pdf
B1,leider,,"maalesef, ne yazık ki",,Sonstiges,1. Da kann ich Ihnen leider nicht helfen. 2. Hast du schon eine Antwort auf deinen Brief? – Leider nicht. 3. Leider kann ich nicht kommen. Ich muss zum Arzt.,leider,B1.pdf
B1,leihen,,"ödünç vermek, ödünç almak","leiht, lieh, hat geliehen",Verb,1. Ich habe mir von meinem Bruder 50 Euro geliehen. 2. Ich kann dir mein Fahrrad leihen. 3. Sie können das Buch in der Bibliothek ausleihen.,"leihen, leiht, lieh, hat geliehen",B1.pdf
B1,leise,,"sessiz, sessizce",,Sonstiges,1. Seid leise. Die anderen schlafen schon. 2. Könntest du das Radio bitte etwas leiser stellen?,leise,B1.pdf
B1,leisten,,"yapmak, gücü yetmek","leistet, leistete, hat geleistet",Verb,1. So ein teures Auto kann ich mir leider nicht leisten. 2. Bei einem Unfall muss jeder Erste Hilfe leisten.,"leisten, leistet, leistete, hat geleistet",B1.pdf
B1,Leistung,die,"başarı, performans",-en,Nomen,Meine Leistungen in der Schule sind ganz gut.,"die Leistung, -en",B1.pdf
B1,leiten,,yönetmek,"leitet, leitete, hat geleitet",Verb,Wer leitet den Kurs?,"leiten, leitet, leitete, hat geleitet",B1.pdf
B1,Leiter,der,"müdür, yönetici","die Leiterin, -nen",Nomen,- Wie heißt die Leiterin der Schule?,"der Leiter, die Leiterin, -nen",B1.pdf
B1,Leitung,die,"yönetim, hat",-en,Nomen,"1. Ab 1. Juli übernimmt Herr Meier die Leitung der Abteilung. 2. Tut mir leid, alle Leitungen sind besetzt. 3. Wir müssen eine neue Leitung legen lassen.","die Leitung, -en",B1.pdf
B1,Leiter,die,merdiven,-n,Nomen,Haben Sie eine Leiter für mich? Ich will die Fenster putzen.,"die Leiter, -n",B1.pdf
B1,lernen,,"öğrenmek, çalışmak","lernt, lernte, hat gelernt",Verb,Wie lange lernen Sie schon Deutsch?,"lernen, lernt, lernte, hat gelernt",B1.pdf
B1,Lerner,der,"öğrenen, kursiyer","die Lernerin, -nen",Nomen,- Sie ist eine fleißige Lernerin.,"der Lerner, die Lernerin, -nen",B1.pdf
B1,lesen,,okumak,"liest, las, hat gelesen",Verb,"1. Ich habe gelesen, dass es ab heute Sonderangebote gibt. 2. Deine Schrift kann ich nicht gut lesen. 3. In der Schule lesen wir ein Buch von Goethe.","lesen, liest, las, hat gelesen",B1.pdf
B1,Leser,der,"okuyucu, okur","die Leserin, -nen",Nomen,- 1. Die Leserinnen und Leser sind mit der Zeitung zufrieden. 2. Ich werde einen Leserbrief schreiben.,"der Leser, die Leserin, -nen",B1.pdf
B1,letzt-,,son,,Sonstiges,1. Was hast du letzte Woche gemacht? 2. Ich wohne im letzten Haus auf der rechten Seite. 3. Wann haben Sie Ihre Familie das letzte Mal gesehen?,letzt-,B1.pdf
B1,Leute,die,insanlar,(Pl.),Nomen,Auf der Party waren viele Leute.,die Leute (Pl.),B1.pdf
B1,Lexikon,das,"ansiklopedi, sözlük",-Lexika,Nomen,Wir könnten im Lexikon nachsehen.,"das Lexikon, -Lexika",B1.pdf
B1,Licht,das,ışık,-er,Nomen,1. Kannst du bitte Licht machen? Ich kann so nichts sehen. 2. Es ist so dunkel. Wo macht man hier das Licht an?,"das Licht, -er",B1.pdf
B1,lieben,,sevmek,"liebt, liebte, hat geliebt",Verb,"1. Ich liebe meine Familie. 2. Meine Frau liebt ihren Beruf. 3. Wir sind schon lange verheiratet, aber wir lieben uns immer noch.","lieben, liebt, liebte, hat geliebt",B1.pdf
B1,lieb,,"sevgili, sevimli",,Sonstiges,1. Die Kinder waren heute sehr lieb. 2. Vielen Dank für deine Hilfe. Das ist sehr lieb von dir. 3. Liebe Frau Meier!,lieb,B1.pdf
B1,Liebe,die,"aşk, sevgi",,Nomen,1. Wir haben aus Liebe geheiratet. 2. Für mich ist das Wichtigste die Liebe zu meiner Familie und zu meinen Kindern. 3. Die Kinder haben die Geschenke mit viel Liebe gemacht.,die Liebe,B1.pdf
B1,Lieblings-,,"favori, en sevilen",,Sonstiges,"z. B. Lieblingsfarbe, Lieblingsfilm, Lieblingsessen Mein Lieblingsessen ist Pizza.",Lieblings-,B1.pdf
B1,Lied,das,şarkı,-er,Nomen,Zu deinem Geburtstag singen wir dir ein Lied.,"das Lied, -er",B1.pdf
B1,liefern,,teslim etmek,"liefert, lieferte, hat geliefert",Verb,Wir liefern Ihnen das Regal direkt ins Haus.,"liefern, liefert, lieferte, hat geliefert",B1.pdf
B1,Lieferung,die,teslimat,-en,Nomen,Sie bezahlen erst bei der Lieferung.,"die Lieferung, -en",B1.pdf
B1,liegen,,"yatmak, bulunmak","liegt, lag, hat/ist gelegen",Verb,1. Der Brief liegt schon auf Ihrem Schreibtisch. 2. Judith liegt noch im Bett. 3. Er liegt schon seit drei Wochen im Krankenhaus. 4. Frankfurt liegt am Main.,"liegen, liegt, lag, hat/ist gelegen",B1.pdf
B1,Lift,der,asansör,"-e D, A: Aufzug",Nomen,5. In den Bergen liegt schon Schnee. Im Büro ist leider der Lift kaputt.,"der Lift, -e D, A: Aufzug",B1.pdf
B1,Limonade,die,"limonata, gazoz",-n,Nomen,Die Limonade ist sehr süß.,"die Limonade, -n",B1.pdf
B1,Linie,die,hat (ulaşım),-n,Nomen,Zum Hauptbahnhof können Sie mit der Linie 8 fahren.,"die Linie, -n",B1.pdf
B1,links,,"sol, solda",,Sonstiges,1. An der Kreuzung müssen Sie nach links abbiegen. 2. Gehen Sie die nächste Straße links.,links,B1.pdf
B1,link-,,sol,,Sonstiges,1. Er hat sich das linke Bein gebrochen. 2. Das Haus ist auf der linken Seite.,link-,B1.pdf
B1,Lippe,die,dudak,-n,Nomen,Es ist sehr kalt. Meine Lippen sind ganz trocken.,"die Lippe, -n",B1.pdf
B1,Liste,die,liste,-n,Nomen,Was brauchen wir für die Party? – Mach doch eine Einkaufsliste.,"die Liste, -n",B1.pdf
B1,Literatur,die,edebiyat,,Nomen,Ich interessiere mich für Literatur.,die Literatur,B1.pdf
B1,loben,,övmek,"lobt, lobte, hat gelobt",Verb,Ich habe alle Hausaufgaben gemacht. Der Lehrer hat mich heute gelobt.,"loben, lobt, lobte, hat gelobt",B1.pdf
B1,Loch,das,delik,¨-er,Nomen,"1. Ich habe ein Loch im Zahn. Ich muss zum Zahnarzt. 2. Deine Hose hat ein Loch. – Ich weiß, sie ist schon alt.","das Loch, ¨-er",B1.pdf
B1,locker,,"gevşek, rahat",,Sonstiges,Lassen Sie bitte die Arme ganz locker und atmen Sie tief ein.,locker,B1.pdf
B1,Löffel,der,kaşık,-,Nomen,"Bitte, bringen Sie mir einen Löffel.","der Löffel, -",B1.pdf
B1,Lohn,der,"ücret, maaş",¨-e,Nomen,1. Sie bekommen Ihren Lohn immer am Ende des Monats. 2. Die Löhne sind hier sehr niedrig.,"der Lohn, ¨-e",B1.pdf
B1,sich lohnen,,"değmek, kârlı olmak","lohnt sich, lohnte sich, hat sich gelohnt",Verb,Für drei Tage zu meinen Eltern fahren lohnt sich nicht. Es ist zu weit.,"sich lohnen, lohnt sich, lohnte sich, hat sich gelohnt",B1.pdf
B1,Lokal,das,"lokanta, mekân",-e,Nomen,Gibt es hier in der Nähe ein gemütliches Lokal?,"das Lokal, -e",B1.pdf
B1,los/los-,,"hadi, haydi",,Sonstiges,1. Los! Beeilt euch! 2. Gibt es ein Problem? Was ist denn los? 3. Achtung – fertig – los!,los/los-,B1.pdf
B1,losfahren,,"yola çıkmak, hareket etmek","fährt los, fuhr los, ist losgefahren",Verb,Wir fahren um 8 Uhr los. Sei bitte pünktlich.,"losfahren, fährt los, fuhr los, ist losgefahren",B1.pdf
B1,löschen,,"silmek, söndürmek","löscht, löschte, hat gelöscht",Verb,1. Du kannst die Datei löschen. Ich brauche sie nicht mehr. 2. Das Feuer wurde schnell gelöscht.,"löschen, löscht, löschte, hat gelöscht",B1.pdf
B1,lösen,,"çözmek, satın almak","löst, löste, hat gelöst",Verb,1. Wir müssen dieses Problem lösen. 2. Sie können die Fahrkarten auch am Automaten lösen.,"lösen, löst, löste, hat gelöst",B1.pdf
B1,Lösung,die,çözüm,-en,Nomen,1. Wir fahren alle zusammen mit dem Zug. Das ist die beste Lösung. 2. Die Aufgabe ist nicht schwer. Die Lösung ist ganz einfach.,"die Lösung, -en",B1.pdf
B1,Luft,die,hava,,Nomen,"1. Oh, hier ist aber schlechte Luft. 2. Die Seeluft tut mir gut. 3. Bitte mach das Fenster auf. Ich brauche frische Luft.",die Luft,B1.pdf
B1,lügen,,yalan söylemek,"lügt, log, hat gelogen",Verb,"1. Du sollst nicht lügen. 2. Glaube nicht alles, was man dir sagt. Es ist oft gelogen.","lügen, lügt, log, hat gelogen",B1.pdf
B1,Lüge,die,yalan,-n,Nomen,Das ist eine Lüge!,"die Lüge, -n",B1.pdf
B1,Lust,die,"istek, keyif",,Nomen,1. Ich habe keine Lust zu grillen. 2. Hast du Lust auf einen Tee?,die Lust,B1.pdf
B1,lustig,,"komik, eğlenceli",,Sonstiges,1. Ich habe einen lustigen Film gesehen. 2. Mir ist heute etwas Lustiges passiert.,lustig,B1.pdf
B1,machen,,yapmak,"macht, machte, hat gemacht",Verb,1. Was machst du am Wochenende? 2. Ich muss jetzt das Essen machen. 3. Ich habe die Betten noch nicht gemacht. 4. Soll ich dir die Suppe noch einmal warm machen? 5. Meine Arbeit macht mir viel Spaß. 6. Mach dir bitte keine Sorgen. 7. Was würden Sie an meiner Stelle machen? 8. Tut mir leid. Die Küche hat schon geschlossen. – Da kann man nichts machen. 9. Entschuldigung! – Das macht doch nichts. 10.Das macht zusammen 20 Euro.,"machen, macht, machte, hat gemacht",B1.pdf
B1,Mädchen,das,"kız, kız çocuk",-,Nomen,Familie Kurz hat zwei Mädchen und einen Jungen.,"das Mädchen, -",B1.pdf
B1,Magazin,das,dergi,-e,Nomen,Jugendliche lesen dieses Magazin gern.,"das Magazin, -e",B1.pdf
B1,Magen,der,mide,¨-,Nomen,Mit tut der Magen weh. Ich habe Magenschmerzen.,"der Magen, ¨-",B1.pdf
B1,mager,,"yağsız, zayıf",,Sonstiges,Bitte 1 kg mageres Fleisch.,mager,B1.pdf
B1,Mahlzeit,die,"öğün, yemek vakti",-en,Nomen,1. Die Tropfen bitte immer nach den Mahlzeiten einnehmen. 2. In Deutschland gibt es meist nur einmal am Tag eine warme Mahlzeit.,"die Mahlzeit, -en",B1.pdf
B1,Mahnung,die,"ihtar, uyarı",-en,Nomen,"Wenn du die Rechnung nicht pünktlich bezahlst, bekommst du eine Mahnung.","die Mahnung, -en",B1.pdf
B1,mal,,"bir kez, bir kere",,Sonstiges,(siehe einmal),mal,B1.pdf
B1,Mal,das,"kez, defa",-e,Nomen,1. Das machen wir nächstes Mal. 2. Das erste Mal war ich vor fünf Jahren in England. 3. Bis zum nächsten Mal.,"das Mal, -e",B1.pdf
B1,malen,,"resim yapmak, boyamak","malt, malte, hat gemalt",Verb,Das Bild hat mein Vater gemalt.,"malen, malt, malte, hat gemalt",B1.pdf
B1,Maler,der,"ressam, boyacı","die Malerin, -nen",Nomen,- 1. Wir haben die Maler im Haus. Wir lassen die Wände neu streichen. 2. Picasso ist vielleicht der bekannteste Maler der Welt.,"der Maler, die Malerin, -nen",B1.pdf
B1,man,,insan,,Sonstiges,1. Wie schreibt man das? 2. Hier darf man nicht parken.,man,B1.pdf
B1,manch-,,"bazı, kimi",,Sonstiges,1. Manche Nachbarn sind unfreundlich. 2. An manchen Tagen ist das Zugfahren billiger.,manch-,B1.pdf
B1,manchmal,,bazen,,Sonstiges,1. Manchmal gehe ich mit meiner Frau ins Café. 2. Rauchen Sie? – Manchmal.,manchmal,B1.pdf
B1,Mangel,der,"eksiklik, yetersizlik",¨-,Nomen,1. In dieser Stadt gibt es einen großen Mangel an Wohnungen. 2. Die Maschine hat technische Mängel.,"der Mangel, ¨-",B1.pdf
B1,Mann,der,"erkek, adam",¨-er,Nomen,1. In unserer Firma arbeiten fast nur Männer. 2. Mein Mann arbeitet bei der Post.,"der Mann, ¨-er",B1.pdf
B1,männlich,,"erkek, eril",,Sonstiges,Kreuzen Sie bitte an: „weiblich“ oder „männlich“.,männlich,B1.pdf
B1,Mannschaft,die,takım,-en,Nomen,Unsere Mannschaft hat 0:1 verloren.,"die Mannschaft, -en",B1.pdf
B1,Mantel,der,palto,¨-,Nomen,Es ist sehr kalt. Zieh deinen Mantel an.,"der Mantel, ¨-",B1.pdf
B1,Mappe,die,"dosya, evrak çantası",-n,Nomen,Mein Pass ist in dieser Mappe.,"die Mappe, -n",B1.pdf
B1,Märchen,das,masal,-,Nomen,Meine Großmutter hat uns viele Märchen erzählt.,"das Märchen, -",B1.pdf
B1,Margarine,die,margarin,,Nomen,Meine Frau isst nur Margarine und keine Butter.,die Margarine,B1.pdf
B1,Marille,die,kayısı,"-n (A) → D, CH: Aprikose",Nomen,Schmecken dir die Marillen?,"die Marille, -n (A) → D, CH: Aprikose",B1.pdf
B1,Marke,die,"pul, marka",-n,Nomen,1. Ich brauche bitte fünf Briefmarken zu 1 Euro. 2. Markenschuhe sind mir zu teuer.,"die Marke, -n",B1.pdf
B1,markieren,,işaretlemek,"markiert, markierte, hat markiert",Verb,Hier ist unser Hotel. Ich markiere Ihnen auf dem Plan den Weg zum Bahnhof.,"markieren, markiert, markierte, hat markiert",B1.pdf
B1,Markt,der,"pazar, çarşı",¨-e,Nomen,1. Ich gehe heute auf den Markt. 2. Mittwochs und samstags ist bei uns Markt.,"der Markt, ¨-e",B1.pdf
B1,Marmelade,die,reçel,"-n (D, A)",Nomen,Bring bitte noch ein Glas Marmelade mit.,"die Marmelade, -n (D, A)",B1.pdf
B1,Maschine,die,makine,-n,Nomen,1. Ich habe eine neue Kaffeemaschine. 2. Unsere Maschine soll um 7 Uhr 10 starten.,"die Maschine, -n",B1.pdf
B1,Material,das,malzeme,,Nomen,Aus welchem Material ist der Schrank? – Aus Holz.,das Material,B1.pdf
B1,Matura (A,die,lise bitirme sınavı,CH) → D: Abitur,Nomen,Meine Tocher hat gerade die Matura gemacht.,"die Matura (A, CH) → D: Abitur",B1.pdf
B1,Mauer,die,duvar,-n,Nomen,Die Kinder sind über die Mauer geklettert.,"die Mauer, -n",B1.pdf
B1,maximal,,"en fazla, azami",,Sonstiges,1. Wie lange braucht ein Brief? – Maximal zwei Tage. 2. Wie schwer darf der Brief sein? – Maximal 20 g.,maximal,B1.pdf
B1,Mechaniker,der,tamirci,-,Nomen,1. Das kann nur ein Mechaniker reparieren. 2. Karim ist Automechaniker. Er arbeitet bei Opel.,"der Mechaniker, -",B1.pdf
B1,Mechanikerin,die,kadın tamirci,-nen,Nomen,1. Das kann nur ein Mechaniker reparieren. 2. Karim ist Automechaniker. Er arbeitet bei Opel.,"die Mechanikerin, -nen",B1.pdf
B1,Medien,die,medya,(Pl.),Nomen,Umweltschutz ist in den Medien ein großes Thema.,die Medien (Pl.),B1.pdf
B1,Medikament,das,ilaç,-e,Nomen,1. Dieses Medikament gibt es nur auf Rezept. 2. Der Arzt hat mir ein Medikament verschrieben. 3. Für dieses Medikament müssen Sie fünf Euro dazu zahlen. 4. Dieses Medikament hat mir sehr gut geholfen.,"das Medikament, -e",B1.pdf
B1,Medizin,die,"ilaç, tıp",,Nomen,1. Du musst noch deine Medizin nehmen. 2. Mein Sohn will Medizin studieren.,die Medizin,B1.pdf
B1,Meer,das,deniz,-e,Nomen,Wir machen immer Urlaub am Meer.,"das Meer, -e",B1.pdf
B1,Mehl,das,un,,Nomen,Ich möchte einen Kuchen backen. Ist noch genug Mehl da?,das Mehl,B1.pdf
B1,mehr,,"daha fazla, artık",(siehe auch viel),Sonstiges,1. Ich habe diesmal mehr gelernt als bei der letzten Prüfung. 2. Mehr kann ich nicht essen!,mehr (siehe auch viel),B1.pdf
B1,mehrere,,"birkaç, birçok",,Sonstiges,1. Ich habe mehrere Leute gefragt. Aber niemand konnte mir helfen. 2. Viele Wörter haben mehrere Bedeutungen.,mehrere,B1.pdf
B1,Mehrheit,die,çoğunluk,-en,Nomen,Die Mehrheit der Menschen in Deutschland besitzt ein Handy.,"die Mehrheit, -en",B1.pdf
B1,Mehrwertsteuer,die,katma değer vergisi,,Nomen,Die Mehrwertsteuer bei diesem Produkt beträgt 20 %.,die Mehrwertsteuer,B1.pdf
B1,meinen,,"demek istemek, kastetmek, düşünmek","meint, meinte, hat gemeint",Verb,"1. Dieser Film ist gut. Was meinst du? 2. Ich meine, du solltest weniger rauchen.","meinen, meint, meinte, hat gemeint",B1.pdf
B1,meinetwegen,,bana göre sorun değil,,Sonstiges,Meinetwegen kannst du heute das Auto haben.,meinetwegen,B1.pdf
B1,Meinung,die,"fikir, görüş, düşünce",-en,Nomen,"1. Ich bin der Meinung, dass du recht hast. 2. Ich habe meine Meinung geändert. 3. Meiner Meinung nach gibt es hier zu viele Autos.","die Meinung, -en",B1.pdf
B1,meist-,,"çoğu, en çok",die meisten,Sonstiges,1. Wie gut kannst du Deutsch? – Das Meiste verstehe ich. 2. Ich bin neu im Haus. Die meisten Nachbarn kenne ich noch nicht.,"meist-, die meisten",B1.pdf
B1,meist(ens),,"çoğunlukla, genellikle",,Sonstiges,"1. Meistens trinke ich zum Frühstück nur einen Kaffee. 2. Seid ihr am Wochenende zu Hause? – Ja, meistens.",meist(ens),B1.pdf
B1,Meister,der,"usta, şampiyon",-,Nomen,"1. Ich weiß nicht, wie man das macht. – Dann frag doch den Meister. 2. Unsere Mannschaft ist deutscher Meister geworden.","der Meister, -",B1.pdf
B1,melden,,"bildirmek, haber vermek","meldet, meldete, hat gemeldet",Verb,1. Ich habe schon zweimal angerufen. Aber es meldet sich niemand. 2. Den Unfall müssen Sie der Versicherung melden. 3. Warum hast du dich so lange nicht gemeldet? Warst du krank?,"melden, meldet, meldete, hat gemeldet",B1.pdf
B1,Meldung,die,"haber, bildiri",-en,Nomen,Hast du die Meldung im Radio gehört? Es wird starken Sturm geben.,"die Meldung, -en",B1.pdf
B1,Menge,die,"miktar, çokluk; kalabalık",-n,Nomen,"1. Diesen Preis gibt es nur, wenn Sie große Mengen kaufen. 2. Wir haben noch eine Menge Zeit. 3. Ich kenne schon eine Menge Leute in der Stadt. 4. Das Auto hat bestimmt eine Menge Geld gekostet.","die Menge, -n",B1.pdf
B1,Mensa,die,yemekhane,-s/-en,Nomen,Ich esse fast jeden Tag in der Mensa.,"die Mensa, -s/-en",B1.pdf
B1,Mensch,der,insan,-en,Nomen,Die Menschen sind hier ein bisschen anders als im Süden.,"der Mensch, -en",B1.pdf
B1,menschlich,,"insani, beşerî",,Sonstiges,Fehler zu machen ist menschlich.,menschlich,B1.pdf
B1,Menü,das,menü,-s,Nomen,"Nimm doch das Menü, das sieht gut aus.","das Menü, -s",B1.pdf
B1,merken,,"fark etmek; aklında tutmak, hatırlamak","merkt, merkte, hat gemerkt",Verb,"1. Ich habe nicht gemerkt, dass es schon so spät ist. Ich muss gehen. 2. Ich kann mir keine Zahlen merken. Ich vergesse sie sofort wieder.","merken, merkt, merkte, hat gemerkt",B1.pdf
B1,merkwürdig,,"tuhaf, garip",,Sonstiges,Das ist eine merkwürdige Geschichte.,merkwürdig,B1.pdf
B1,Messe,die,fuar,-n,Nomen,1. Kommst du mit zur Automobilmesse? 2. Vielleicht kann ich auf der Messe einen Job bekommen.,"die Messe, -n",B1.pdf
B1,messen,,ölçmek,"misst, maß, hat gemessen",Verb,1. Haben Sie schon Fieber gemessen? 2. Ich habe das Zimmer ausgemessen. Es sind genau 20 m².,"messen, misst, maß, hat gemessen",B1.pdf
B1,Messer,das,bıçak,-,Nomen,Das Messer schneidet nicht gut.,"das Messer, -",B1.pdf
B1,Metall,das,metal,-e,Nomen,Dieser Tisch hier ist ganz aus Metall.,"das Metall, -e",B1.pdf
B1,Methode,die,yöntem,-n,Nomen,"Weißt du eine gute Methode, um schnell gut Deutsch zu lernen?","die Methode, -n",B1.pdf
B1,Metropole,die,"büyükşehir, metropol",-n,Nomen,Berlin und Wien sind Metropolen.,"die Metropole, -n",B1.pdf
B1,Metzger,der,kasap,- → A: Fleischhauer,Nomen,Dieser Metzger hat sehr gute Wurst.,"der Metzger, - → A: Fleischhauer",B1.pdf
B1,mieten,,kiralamak,"mietet, mietete, hat gemietet",Verb,1. Wir haben die Wohnung für drei Jahre gemietet. 2. Im Urlaub haben wir ein Auto gemietet.,"mieten, mietet, mietete, hat gemietet",B1.pdf
B1,Miete,die,kira,-n,Nomen,1. Unsere Miete ist sehr hoch. 2. Wie viel Miete bezahlst du?,"die Miete, -n",B1.pdf
B1,Mieter,der,kiracı,"die Mieterin, -nen",Nomen,- Sie hat heute neue Mieter für die Wohnung gefunden.,"der Mieter, die Mieterin, -nen",B1.pdf
B1,Migrant,der,göçmen,-en,Nomen,Viele Migranten kommen aus Osteuropa.,"der Migrant, -en",B1.pdf
B1,Migrantin,die,göçmen kadın,-nen,Nomen,Viele Migranten kommen aus Osteuropa.,"die Migrantin, -nen",B1.pdf
B1,Migration,die,göç,,Nomen,Gestern gab es im Fernsehen eine Diskussion zum Thema Migration.,die Migration,B1.pdf
B1,Milch,die,süt,,Nomen,Stellst du bitte die Milch in den Kühlschrank?,die Milch,B1.pdf
B1,mild,,"hafif, yumuşak",,Sonstiges,"1. Möchten Sie die Soße scharf? – Nein, bitte ganz mild. 2. Wie wird das Wetter? – Es soll etwas milder werden.",mild,B1.pdf
B1,Minderheit,die,azınlık,-en,Nomen,Frauen sind in unserer Firma in der Minderheit.,"die Minderheit, -en",B1.pdf
B1,mindestens,,en az,,Sonstiges,1. Ein guter Fernsehapparat kostet mindestens 500 Euro. 2. Bitte kommen Sie mindestens eine Stunde vor Abflug zum Flughafen.,mindestens,B1.pdf
B1,Mineralwasser,das,maden suyu,,Nomen,Kann ich bitte ein Mineralwasser haben?,das Mineralwasser,B1.pdf
B1,minimal,,"asgari, en az",,Sonstiges,Da ist nur ein minimaler Unterschied.,minimal,B1.pdf
B1,mischen,,karıştırmak,"mischt, mischte, hat gemischt",Verb,"1. Ich möchte ein gemischtes Eis mit Sahne. 2. Wie möchten Sie das Geld? – Bitte gemischt, große und kleine Scheine.","mischen, mischt, mischte, hat gemischt",B1.pdf
B1,miss-,,"kötü-, yanlış-",,Sonstiges,1. Die Konferenz war ein Misserfolg. 2. Das Misstrauen zwischen den beiden Parteien ist weiterhin groß. 3. Sie haben mich missverstanden.,miss-,B1.pdf
B1,mit,,"ile, birlikte",,Sonstiges,4. Das ist ein Missverständnis. Das habe ich nicht gesagt. 1. Ich gehe heute Abend mit Maria aus. 2. Wir suchen eine Dreizimmerwohnung mit Küche und Bad. 3. Ich hätte gern einen Tee mit Zitrone. 4. Mit meiner Mutter sind wir acht Personen. 5. Ich bin mit dem Fahrrad gekommen.,mit,B1.pdf
B1,Mitarbeiter,der,"çalışan, personel",-,Nomen,Unsere Firma hat sieben Mitarbeiter.,"der Mitarbeiter, -",B1.pdf
B1,Mitarbeiterin,die,"kadın çalışan, personel",-nen,Nomen,Unsere Firma hat sieben Mitarbeiter.,"die Mitarbeiterin, -nen",B1.pdf
B1,miteinander,,birbiriyle,,Sonstiges,Sprechen Sie bitte miteinander.,miteinander,B1.pdf
B1,Mitglied,das,üye,-er,Nomen,Für Mitglieder ist der Eintritt zum Konzert gratis.,"das Mitglied, -er",B1.pdf
B1,Mitte,die,"orta, merkez",,Nomen,"1. Wo möchten Sie sitzen? – In der Mitte. 2. Bis Mitte der Woche bin ich fertig. 3. Ich habe Urlaub bis Mitte August. 4. Den Schrank stellen wir ans Fenster, den Tisch in die Mitte.",die Mitte,B1.pdf
B1,mitteilen,,"bildirmek, haber vermek","teilt mit, teilte mit, hat mitgeteilt",Verb,Den Prüfungstermin teilen wir Ihnen noch mit.,"mitteilen, teilt mit, teilte mit, hat mitgeteilt",B1.pdf
B1,Mittel,das,"çare, ilaç; araç",-,Nomen,1. Haben Sie ein Mittel gegen Magenschmerzen? 2. Der Arzt hat mir ein Mittel gegen Grippe verschrieben. 3. Das neue Waschmittel ist sehr gut.,"das Mittel, -",B1.pdf
B1,mitten,,"ortasında, tam ortasında",,Sonstiges,1. Wir haben eine Wohnung mitten in der Stadt. 2. Das Flugzeug hatte Verspätung. Wir sind erst mitten in der Nacht angekommen.,mitten,B1.pdf
B1,mittler-,,orta,,Sonstiges,In den mittleren Reihen sind noch Plätze frei.,mittler-,B1.pdf
B1,mittlerweile,,"bu arada, artık",,Sonstiges,Am Anfang war die Arbeit schwer. Mittlerweile habe ich mich daran gewöhnt.,mittlerweile,B1.pdf
B1,Möbel,das,mobilya,-,Nomen,Wir haben uns neue Möbel gekauft.,"das Möbel, -",B1.pdf
B1,möbliert,,mobilyalı,,Sonstiges,Ich suche ein möbliertes Zimmer.,möbliert,B1.pdf
B1,möchten,,istemek,"möchte, mochte, hat gemocht",Verb,1. Möchtest du auch einen Kaffee? 2. Im Sommer möchten wir gern ans Meer fahren.,"möchten, möchte, mochte, hat gemocht",B1.pdf
B1,mobil/mobil-,,"hareketli, mobil",,Sonstiges,Mit dem Fahrrad bin ich in der Stadt sehr mobil.,mobil/mobil-,B1.pdf
B1,Mobilbox,die,"telesekreter, sesli mesaj kutusu",-en,Nomen,Ich habe zwei Nachrichten auf meiner Mobilbox.,"die Mobilbox, -en",B1.pdf
B1,Mobilität,die,"hareketlilik, mobilite",-en,Nomen,Sprachen zu lernen fördert die Mobilität.,"die Mobilität, -en",B1.pdf
B1,Mobiltelefon,das,cep telefonu,-e,Nomen,Wie kann ich Sie erreichen? Haben Sie ein Mobiltelefon?,"das Mobiltelefon, -e",B1.pdf
B1,Mode,die,moda,-n,Nomen,1. Wie findest du die neue Mode? 2. Welche Farbe ist denn jetzt gerade in Mode?,"die Mode, -n",B1.pdf
B1,Modell,das,model,-e,Nomen,Wie findest du dieses Auto? – Dieses Modell gefällt mir nicht.,"das Modell, -e",B1.pdf
B1,modern,,modern,,Sonstiges,1. Die Wohnung ist modern eingerichtet. 2. Das Stadtzentrum von Frankfurt ist ganz modern.,modern,B1.pdf
B1,mögen,,"hoşlanmak, sevmek, istemek","mag, mochte, hat gemocht",Verb,"1. Ich mag keinen Reis. 2. Möchtest du noch ein Stück Kuchen? 3. Ich möchte gern Herrn Schmidt sprechen. 4. Herr Müller, Sie möchten bitte sofort zum Chef kommen.","mögen, mag, mochte, hat gemocht",B1.pdf
B1,möglich,,mümkün,,Sonstiges,Kann ich bitte sofort einen Termin haben? – Das ist leider nicht möglich.,möglich,B1.pdf
B1,Möglichkeit,die,"olanak, imkân",-en,Nomen,Sie wollen ans Meer? Da gibt es mehrere Möglichkeiten.,"die Möglichkeit, -en",B1.pdf
B1,möglichst,,mümkün olduğunca,,Sonstiges,"1. Sagen Sie mir bitte möglichst bald, ob Ihnen der Termin passt. 2. Wir suchen eine Wohnung, möglichst im Erdgeschoss.",möglichst,B1.pdf
B1,Möhre,die,havuç,"-n (D) → Karotte, CH: Rüebli",Nomen,Hasen fressen gern Möhren.,"die Möhre, -n (D) → Karotte; CH: Rüebli",B1.pdf
B1,Moment,der,"an, moment",-e,Nomen,1. Warten Sie bitte einen Moment. 2. Einen Moment bitte. 3. Ich habe im Moment sehr viel zu tun.,"der Moment, -e",B1.pdf
B1,Mond,der,ay,-e,Nomen,Bei Vollmond kann ich nicht schlafen.,"der Mond, -e",B1.pdf
B1,Monitor,der,"monitör, ekran",-e,Nomen,Ich habe mir einen größeren Monitor gekauft. Das ist besser für meine Augen.,"der Monitor, -e",B1.pdf
B1,Motor,der,motor,-en,Nomen,Der Motor ist kaputt. Das Auto fährt nicht mehr.,"der Motor, -en",B1.pdf
B1,Motorrad,das,motosiklet,¨-er,Nomen,Oskar fährt jeden Tag mit dem Motorrad zur Arbeit.,"das Motorrad, ¨-er",B1.pdf
B1,müde,,yorgun,,Sonstiges,Ich bin müde. Ich gehe schlafen.,müde,B1.pdf
B1,Mühe,die,"çaba, zahmet",,Nomen,1. Vielen Dank für Ihre Mühe. 2. Mit ein bisschen mehr Mühe können wir das schaffen.,die Mühe,B1.pdf
B1,Müll,der,çöp,,Nomen,1. Bringst du bitte noch den Müllsack raus? 2. Wir müssen den Müll trennen.,der Müll,B1.pdf
B1,Müllabfuhr,die,çöp toplama,,Nomen,Die Müllabfuhr kommt zweimal pro Woche.,die Müllabfuhr,B1.pdf
B1,Mülltonne,die,"çöp kutusu, çöp konteyneri",-n,Nomen,Die Mülltonne ist voll.,"die Mülltonne, -n",B1.pdf
B1,Mund,der,ağız,¨-er,Nomen,Sie haben Halsschmerzen? Bitte machen Sie mal den Mund auf.,"der Mund, ¨-er",B1.pdf
B1,mündlich,,sözlü,,Sonstiges,Die mündliche Prüfung ist erst nächste Woche.,mündlich,B1.pdf
B1,Münze,die,"madeni para, bozuk para",-n,Nomen,Der Automat nimmt nur Münzen.,"die Münze, -n",B1.pdf
B1,Museum,das,müze,Museen,Nomen,Wir waren mit unserer Klasse im Museum.,"das Museum, Museen",B1.pdf
B1,Musik,die,müzik,,Nomen,1. Wie findest du die Musik? 2. Spanische Musik mag ich sehr. 3. Was für Musik hörst du gern?,die Musik,B1.pdf
B1,musikalisch,,"müzikal, müziğe yetenekli",,Sonstiges,"1. Sie ist sehr musikalisch: Sie spielt Klavier, Flöte und Geige. 2. Das musikalische Angebot gefällt mir.",musikalisch,B1.pdf
B1,Musiker,der,müzisyen,"die Musikerin, nen",Nomen,- Mein Bruder möchte Musiker werden.,"der Musiker, die Musikerin, nen",B1.pdf
B1,Muskel,der,kas,-n,Nomen,Im Fitness-Studio trainieren wir unsere Muskeln.,"der Muskel, -n",B1.pdf
B1,Müesli/Müsli,das,müsli,-,Nomen,Zum Frühstück gibt es Müsli mit Obst.,"das Müesli/Müsli, -",B1.pdf
B1,müssen,,"zorunda olmak, gerekmek","muss, musste, hat gemusst (hat müssen als Modalverb)",Verb,1. Wie lange müssen Sie arbeiten? 2. Sie müssen die Miete pünktlich überweisen. 3. Ich muss jeden Tag von 8 bis 18 Uhr arbeiten. 4. Du musst mich nicht abholen. Nur wenn du willst.,"müssen, muss, musste, hat gemusst (hat müssen als Modalverb)",B1.pdf
B1,Mut,der,cesaret,,Nomen,"Man braucht viel Mut, um in einem fremden Land ganz neu anzufangen.",der Mut,B1.pdf
B1,mutig,,cesur,,Sonstiges,"Es war sehr mutig von dir, deine Meinung laut zu sagen.",mutig,B1.pdf
B1,Mutter,die,anne,¨-,Nomen,1. Meine Mutter heißt Klara. 2. Dieser Raum ist für Mütter mit kleinen Kindern reserviert.,"die Mutter, ¨-",B1.pdf
B1,nach,,"-e doğru, sonra",,Sonstiges,1. Ich fahre morgen nach Hamburg. 2. Ich muss jetzt nach Hause. 3. Wir treffen uns nach dem Essen. 4. Es ist schon nach acht. Wir müssen uns beeilen.,nach,B1.pdf
B1,Nachbar,der,komşu,-n,Nomen,Meine neue Nachbarin ist sehr nett.,"der Nachbar, -n",B1.pdf
B1,Nachbarin,die,komşu (kadın),nen,Nomen,Meine neue Nachbarin ist sehr nett.,"die Nachbarin, nen",B1.pdf
B1,nachdem,,-dikten sonra,,Sonstiges,"Nachdem wir gegessen hatten, sind wir spazieren gegangen.",nachdem,B1.pdf
B1,nachdenken,,düşünmek,"denkt nach, dachte nach, hat nachgedacht",Verb,"Ich weiß nicht, was ich machen soll. Ich muss nachdenken.","nachdenken, denkt nach, dachte nach, hat nachgedacht",B1.pdf
B1,Nachfrage,die,talep,-n,Nomen,Die Nachfrage für dieses Produkt ist groß.,"die Nachfrage, -n",B1.pdf
B1,nachher,,"sonra, daha sonra",,Sonstiges,Ich rufe nachher nochmal an.,nachher,B1.pdf
B1,Nachhilfe,die,"özel ders, takviye ders",-n,Nomen,Der Schüler braucht Nachhilfe in Mathematik.,"die Nachhilfe, -n",B1.pdf
B1,Nachricht,die,"haber, mesaj",-en,Nomen,1. Ich habe eine gute Nachricht für Sie. Sie haben die Prüfung bestanden. 2. Ich habe im Radio die Nachrichten gehört. 3. Im Moment bin ich nicht zu Hause. Aber Sie können eine Nachricht hinterlassen.,"die Nachricht, -en",B1.pdf
B1,nachschlagen,,"sözlükte bakmak, aramak","schlägt nach, schlug nach, hat nachgeschlagen",Verb,Ich kenne das Wort nicht. Das musst du im Wörterbuch nachschlagen.,"nachschlagen, schlägt nach, schlug nach, hat nachgeschlagen",B1.pdf
B1,Nachspeise,die,"tatlı, tatlı yemek","-n (D, A) → Dessert nächst-",Nomen,Nach dem Essen gab es noch eine leckere Nachspeise 1. Wo ist hier die nächste Apotheke? 2. Rufen Sie bitte nächste Woche noch einmal an. 3. Wann fährt der nächste Zug nach Frankfurt? 4. Wer ist der Nächste bitte?,"die Nachspeise, -n (D, A) → Dessert nächst-",B1.pdf
B1,Nachteil,der,"dezavantaj, sakınca",-e,Nomen,Einen Nachteil hat die Wohnung. Sie liegt nicht zentral.,"der Nachteil, -e",B1.pdf
B1,Nachwuchs,der,"genç nesil, yavru",,Nomen,1. Der Nachwuchs bei Forschern soll gefördert werden. 2. Die Katze hat Nachwuchs bekommen.,der Nachwuchs,B1.pdf
B1,Nadel,die,iğne,-n,Nomen,Hast du eine Nadel für mich? Ich muss einen Knopf annähen.,"die Nadel, -n",B1.pdf
B1,Nagel,der,"çivi, tırnak",¨-,Nomen,1. Kannst du mir den Nagel in die Wand schlagen? 2. Ich muss mir die Fingernägel schneiden.,"der Nagel, ¨-",B1.pdf
B1,nah(e),,yakın,,Sonstiges,"Wie weit ist es zum Bahnhof? – Das ist ganz nah, nur zwei Minuten von hier.",nah(e),B1.pdf
B1,Nähe,die,"yakın yer, civar",,Nomen,Die Post ist ganz in der Nähe vom Bahnhof.,die Nähe,B1.pdf
B1,nähen,,dikmek,"näht, nähte, hat genäht",Verb,1. Meine Mutter näht ihre Kleider selbst. 2. Wir müssen die Wunde nähen.,"nähen, näht, nähte, hat genäht",B1.pdf
B1,sich nähern,,yaklaşmak,"nähert sich, näherte sich, hat sich genähert",Verb,Er nähert sich dem Unfallort ganz langsam.,"sich nähern, nähert sich, näherte sich, hat sich genähert",B1.pdf
B1,Nahrungsmittel,das,"gıda maddesi, besin",-,Nomen,In diesen Ländern fehlen vor allem Nahrungsmittel.,"das Nahrungsmittel, -",B1.pdf
B1,Name,der,"isim, ad",-n,Nomen,1. Wie ist Ihr Name? 2. An den Namen kann ich mich nicht mehr erinnern.,"der Name, -n",B1.pdf
B1,Familienname,der,soyadı,-n,Nomen,Ludin ist mein Familienname.,"der Familienname, -n",B1.pdf
B1,Vorname,der,"ad, isim",-n,Nomen,Mein Vorname ist Thomas.,"der Vorname, -n",B1.pdf
B1,nämlich,,"çünkü, şöyle ki",,Sonstiges,Ich muss leider gehen. Ich habe nämlich noch einen Termin beim Zahnarzt.,nämlich,B1.pdf
B1,Nase,die,burun,-n,Nomen,Haben Sie Nasentropfen? Ich bin stark erkältet.,"die Nase, -n",B1.pdf
B1,nass,,ıslak,,Sonstiges,1. Es hat schrecklich geregnet. Ich bin ganz nass geworden. 2. Geh nicht mit den nassen Schuhen ins Wohnzimmer.,nass,B1.pdf
B1,national/national-,,"ulusal, milli",,Sonstiges,1. Das ist ein nationaler Wettbewerb. 2. Die Nationalmannschaft ist ziemlich stark.,national/national-,B1.pdf
B1,Natur,die,doğa,,Nomen,Ich bin gern draußen in der Natur.,die Natur,B1.pdf
B1,natürlich,,"doğal olarak; tabii, elbette",,Sonstiges,1. Natürlich helfen wir dir. 2. Kommst du auch wirklich zu meiner Party? – Natürlich.,natürlich,B1.pdf
B1,Nebel,der,sis,-,Nomen,1. Wegen Nebels konnten wir gestern nicht in Frankfurt landen. 2. Fahren Sie bei Nebel besonders vorsichtig!,"der Nebel, -",B1.pdf
B1,neblig,,sisli,,Sonstiges,Fahr vorsichtig! Es ist neblig.,neblig,B1.pdf
B1,neben,,"yanında, yanına",,Sonstiges,1. Neben mir ist noch ein Platz frei. 2. Darf ich mich neben dich setzen? 3. Die Apotheke ist gleich links neben der Post.,neben,B1.pdf
B1,nebenan,,"yan tarafta, bitişikte",,Sonstiges,"Das ist José, er wohnt nebenan.",nebenan,B1.pdf
B1,nebenbei,,"bunun yanı sıra, ayrıca",,Sonstiges,1. Mein Freund studiert Geschichte. Und nebenbei arbeitet er in einer Kneipe. 2. Ich mache die Hausarbeit und nebenbei höre ich Radio.,nebenbei,B1.pdf
B1,Neffe,der,yeğen (erkek),-n,Nomen,Meine Schwester hat zwei Kinder. Meine Neffen sind drei und fünf Jahre alt.,"der Neffe, -n",B1.pdf
B1,negativ,,"olumsuz, negatif",,Sonstiges,Du solltest nicht alles negativ sehen.,negativ,B1.pdf
B1,nehmen,,almak,"nimmt, nahm, hat genommen",Verb,1. Was möchten Sie? – Ich nehme einen Salat. 2. Nehmen Sie die Tabletten vor dem Essen! 3. Wer hat die Flasche aus dem Kühlschrank genommen?,"nehmen, nimmt, nahm, hat genommen",B1.pdf
B1,nein,,hayır,,Sonstiges,"4. Sollen wir ein Taxi nehmen? 5. In diesem Jahr kann ich meinen Urlaub erst im Oktober nehmen. 1. Noch ein Bier? – Nein, danke. 2. Kommst du auch mit nach München? – Nein, ich habe keine Zeit.",nein,B1.pdf
B1,nennen,,"adlandırmak, çağırmak","nennt, nannte, hat genannt",Verb,"1. Mein Freund heißt Alexander, aber alle nennen ihn Alex. 2. Wie nennt man dieses Gerät?","nennen, nennt, nannte, hat genannt",B1.pdf
B1,Nerv,der,sinir,-en,Nomen,1. Er leidet an einer Nervenkrankheit. 2. Mach bitte das Radio aus. Die Musik geht mir auf die Nerven.,"der Nerv, -en",B1.pdf
B1,nervös,,"gergin, sinirli",,Sonstiges,1. Das Warten macht mich ganz nervös. 2. Bei Prüfungen bin ich immer sehr nervös.,nervös,B1.pdf
B1,nett,,"kibar, hoş",,Sonstiges,1. Die Leute sind hier sehr nett. 2. Ich habe viele nette Kollegen. 3. Vielen Dank! Das ist sehr nett von Ihnen. 4. Die Nachbarn waren sehr nett zu uns.,nett,B1.pdf
B1,Netz,das,"ağ, file",-e,Nomen,1. Bitte bring ein Netz Orangen. 2. Der Ball berührte das Netz. 3. Seid ihr schon ans Netz angeschlossen?,"das Netz, -e",B1.pdf
B1,Netzwerk,das,"ağ, şebeke",-e,Nomen,1. Soziale Netzwerke sind wichtig. 2. Das Telefonnetzwerk wird ständig erweitert.,"das Netzwerk, -e",B1.pdf
B1,neu,,yeni,,Sonstiges,1. Mein Wagen ist noch ganz neu. 2. Wir haben eine neue Wohnung. 3. Man darf hier nicht mehr rauchen? Das ist mir ganz neu.,neu,B1.pdf
B1,Neuigkeit,die,"haber, yenilik",-en,Nomen,In dieser Sache gibt es keine Neuigkeiten.,"die Neuigkeit, -en",B1.pdf
B1,neugierig,,meraklı,,Sonstiges,Die Nachbarn sind ziemlich neugierig.,neugierig,B1.pdf
B1,neulich,,"geçenlerde, geçen gün",,Sonstiges,Ich war neulich bei der Bank und habe einen alten Freund getroffen.,neulich,B1.pdf
B1,nicht,,değil,,Sonstiges,"1. Zigarette? - Danke, ich rauche nicht. 2. Wie geht es dir? – Nicht so gut. 3. Das Essen in der Kantine ist gar nicht schlecht. 4. Du kommst immer zu spät! - Das stimmt nicht.",nicht,B1.pdf
B1,Nichte,die,yeğen (kız),-n,Nomen,Die Tasche ist ein Geschenk von meiner Nichte.,"die Nichte, -n",B1.pdf
B1,Nichtraucher,der,sigara içmeyen kişi,-,Nomen,1. In unserer Familie sind alle Nichtraucher. 2. Möchten Sie einen Tisch im Nichtraucherbereich?,"der Nichtraucher, -",B1.pdf
B1,Nichtraucherin,die,sigara içmeyen kadın,-nen,Nomen,1. In unserer Familie sind alle Nichtraucher. 2. Möchten Sie einen Tisch im Nichtraucherbereich?,"die Nichtraucherin, -nen",B1.pdf
B1,nichts,,hiçbir şey,,Sonstiges,1. Ich habe noch nichts gegessen. 2. Ich weiß auch nichts Genaues. 3. Ich habe nichts zum Schreiben dabei. 4. Entschuldigung! – Das macht nichts.,nichts,B1.pdf
B1,nie,,"asla, hiç",,Sonstiges,1. Der Chef ist nie da. 2. Warum bist du nie zufrieden? 3. Bis morgen Abend schaffe ich die Arbeit nie. 4. Ich gehe nie wieder in dieses Restaurant.,nie,B1.pdf
B1,niedrig,,"alçak, düşük",,Sonstiges,1. Die Räume hier sind mir zu niedrig. 2. Für die Jahreszeit sind die Temperaturen zu niedrig. 3. Die Firma zahlt sehr niedrige Löhne.,niedrig,B1.pdf
B1,niemand,,hiç kimse,,Sonstiges,Ich habe geklingelt. Aber es war niemand zu Hause.,niemand,B1.pdf
B1,nirgends,,hiçbir yerde,,Sonstiges,1. Ich kann die Quittung nirgends finden. 2. Hier kann man nirgends parken.,nirgends,B1.pdf
B1,nirgendwo,,hiçbir yerde,,Sonstiges,Die Schlüssel kann ich nirgendwo finden.,nirgendwo,B1.pdf
B1,noch,,"hâlâ, henüz",,Sonstiges,"1. Mein Bruder geht noch zur Schule. 2. Bist du fertig. – Nein, noch nicht ganz. 3. Haben Sie noch einen Wunsch? – Ja, bitte noch ein Bier. 4. Sonst noch etwas? – Nein, danke. 5. Ich komme später. Ich muss erst noch einkaufen. 6. Meine Freundin studiert, und abends arbeitet sie noch als Kellnerin. 7. Es ist nicht mehr viel Zeit. Nur noch fünf Minuten. 8. Ich habe nur noch 20 Euro. 9. Ist das Essen schon fertig. – Nein, es dauert noch ein paar Minuten. 10.Ist Amadeo schon da? – Vielleicht kommt er noch.",noch,B1.pdf
B1,noch mal,,"bir daha, tekrar",,Sonstiges,1. Vielen Dank nochmal. 2. Bitte sagen Sie das nochmal.,noch mal,B1.pdf
B1,nochmals,,"tekrar, bir kez daha",,Sonstiges,Nochmals vielen Dank!,nochmals,B1.pdf
B1,normal,,normal,,Sonstiges,Fehler zu machen ist doch ganz normal.,normal,B1.pdf
B1,normalerweise,,"normalde, genellikle",,Sonstiges,Wann haben Sie normalerweise Pause?,normalerweise,B1.pdf
B1,Notdie Notaufnahme,,acil servis,-n,Sonstiges,Die Notaufnahme ist gleich hier links.,"Notdie Notaufnahme, -n",B1.pdf
B1,Notausgang,der,acil çıkış,¨-e,Nomen,Der Notausgang ist gleich hier bei der Treppe.,"der Notausgang, ¨-e",B1.pdf
B1,Notfall,der,acil durum,¨-e,Nomen,1. Wir haben einen Notfall. Bitte schicken Sie einen Krankenwagen. 2. Im Notfall rufen Sie bitte diese Nummer an.,"der Notfall, ¨-e",B1.pdf
B1,Notruf,der,"acil çağrı, imdat çağrısı",,Nomen,Der Notruf hat die Nummer 110.,der Notruf,B1.pdf
B1,Note,die,not,-n,Nomen,1. Eva hat immer sehr gute Noten in Mathematik. 2. Meine Kinder lernen im Musikunterricht gerade Noten lesen.,"die Note, -n",B1.pdf
B1,notieren,,"not almak, kaydetmek",,Sonstiges,Ich habe mir den Termin notiert.,notieren,B1.pdf
B1,nötig,,gerekli,,Sonstiges,"1. Wenn es nötig ist, nehmen Sie noch eine Tablette. 2. Kann ich Ihnen helfen? – Danke, nicht nötig.",nötig,B1.pdf
B1,Notiz,die,not,-en,Nomen,1. Ich habe Ihnen eine Notiz geschrieben. 2. Hast du einen Notizzettel für mich?,"die Notiz, -en",B1.pdf
B1,notwendig,,gerekli,,Sonstiges,"Muss ich nochmal wiederkommen? – Nein, das ist nicht notwendig.",notwendig,B1.pdf
B1,Nudel,die,"makarna, erişte",-n,Nomen,Möchten Sie Nudeln oder Reis? – Lieber Nudeln.,"die Nudel, -n",B1.pdf
B1,Nummer,die,numara,-n,Nomen,1. Ich habe mich in der Hausnummer geirrt. 2. Ich habe die falsche Nummer gewählt. 3. Der Wagen hatte eine Münchner Nummer. 4. Sie haben Zimmer Nummer zwölf. 5. Bitte geben Sie mir Ihre Kontonummer. 6. Haben Sie die Bluse eine Nummer kleiner?,"die Nummer, -n",B1.pdf
B1,nun,,"şimdi, artık",,Sonstiges,"1. Schade, dass du arbeiten musst. – Das ist nun mal so. 2. Was ist jetzt? Kommst du nun endlich?",nun,B1.pdf
B1,nur,,sadece,,Sonstiges,1. Im Kaufhaus gibt‘s T-Shirts für nur fünf Euro. 2. Ich habe keinen Hunger. Ich möchte nur etwas trinken. 3. Ich habe nur heute Abend Zeit. 4. Kannst du mir Geld leihen? Tut mir leid. Ich habe nur fünf Euro dabei.,nur,B1.pdf
B1,nutzen,,"kullanmak, yararlanmak","nutzt, nutzte, hat genutzt",Verb,Ich möchte das schöne Wetter nutzen und spazieren gehen.,"nutzen, nutzt, nutzte, hat genutzt",B1.pdf
B1,nützen,,"işe yaramak, yararlı olmak","nützt, nützte, hat genützt",Verb,Ich habe jeden Tag eine Tablette genommen. Aber es hat nichts genützt.,"nützen, nützt, nützte, hat genützt",B1.pdf
B1,nützlich,,"yararlı, faydalı",,Sonstiges,Danke für den Tipp. Das war sehr nützlich.,nützlich,B1.pdf
B1,ob,,"acaba, mi (bağlaç)",,Sonstiges,"Ich weiß noch nicht, ob ich kommen kann.",ob,B1.pdf
B1,oben,,yukarıda,,Sonstiges,1. Wir wohnen oben im 4. Stock. 2. Die Butter liegt im Kühlschrank ganz oben.,oben,B1.pdf
B1,ober-,,"üst, üstteki",,Sonstiges,Die Wohnung im oberen Stockwerk ist vermietet.,ober-,B1.pdf
B1,Ober,der,garson (erkek),"- (D, A) → Kellner, CH: Serviceangestellter",Nomen,Ich bin Ober von Beruf.,"der Ober, - (D, A) → Kellner; CH: Serviceangestellter",B1.pdf
B1,das/der (Schlag-)Obers (A) → D: (Schlag-)Sahne,,"krema, çırpılmış krema",CH: (Schlag-)Rahm,Sonstiges,Ich hätte gern ein Stück Torte mit (Schlag-)Obers.,das/der (Schlag-)Obers (A) → D: (Schlag-)Sahne; CH: (Schlag-)Rahm,B1.pdf
B1,Obst (D,das,meyve,A) → CH: Früchte,Nomen,Obst kaufe ich am liebsten auf dem Markt.,"das Obst (D, A) → CH: Früchte",B1.pdf
B1,obwohl,,"rağmen, gerçi",,Sonstiges,"Obwohl meine Kollegin krank ist, geht sie arbeiten.",obwohl,B1.pdf
B1,oder,,"veya, ya da",,Sonstiges,1. Möchten Sie Kaffee oder Tee? 2. Entweder wir fahren mit dem Bus oder wir gehen zu Fuß.,oder,B1.pdf
B1,(Back-)Ofen,der,fırın,"¨- (D, CH) → A: (Back-)Rohr",Nomen,Ich habe gerade eine Pizza gemacht. Sie ist ganz frisch aus dem Ofen.,"der (Back-)Ofen, ¨- (D, CH) → A: (Back-)Rohr",B1.pdf
B1,offen,,açık,,Sonstiges,"1. Komm rein. Die Haustür ist offen. (A) (D: auf) 2. Ich glaube, der Supermarkt ist jetzt noch offen. 3. Im Sommer schlafe ich immer bei offenem Fenster. 4. Ich habe mit meinem Kollegen ganz offen über mein Problem gesprochen. 5. Einzelne Fragen sind noch offen.",offen,B1.pdf
B1,öffentlich,,"kamusal, genel, halka açık",,Sonstiges,1. In der Stadt fahre ich immer mit öffentlichen Verkehrsmitteln. 2. In öffentlichen Gebäuden darf man nicht rauchen.,öffentlich,B1.pdf
B1,Öffentlichkeit,die,"kamuoyu, halk",,Nomen,1. Von solchen Dingen erfährt die Öffentlichkeit nur selten. 2. Ich möchte in der Öffentlichkeit nicht streiten.,die Öffentlichkeit,B1.pdf
B1,veröffentlichen,,"yayımlamak, yayınlamak","veröffentlicht, veröffentlichte, hat veröffentlicht",Verb,Das Buch wurde gestern veröffentlicht.,"veröffentlichen, veröffentlicht, veröffentlichte, hat veröffentlicht",B1.pdf
B1,offenbar,,"belli ki, görünüşe göre",,Sonstiges,Das Restaurant ist heute offenbar geschlossen.,offenbar,B1.pdf
B1,offiziell,,resmi,,Sonstiges,Sie bekommen von uns eine offizielle Einladung.,offiziell,B1.pdf
B1,öffnen,,açmak,"öffnet, öffnete, hat geöffnet",Verb,1. Wann öffnen die Geschäfte? 2. Kannst du bitte das Fenster öffnen? 3. Kannst Du mir helfen? Ich kann die Dose nicht öffnen. 4. Du öffnest die Datei mit einem Doppelklick. 5. Der Laden ist samstags bis 16 Uhr geöffnet.,"öffnen, öffnet, öffnete, hat geöffnet",B1.pdf
B1,oft/öfter,,"sık, sık sık",,Sonstiges,1. Ich treffe mich oft mit meiner Freundin. 2. In letzter Zeit muss ich öfter Überstunden machen.,oft/öfter,B1.pdf
B1,ohne,,"-siz, olmadan",,Sonstiges,"1. Bitte eine Pizza ohne Zwiebeln. 2. Ohne Auto ist es schwer, zur Arbeit zu kommen. 3. Mein Sohn ist einfach mit dem Auto weggefahren, ohne mich zu fragen. 4. In diesem Haus kann man nichts machen, ohne dass die Nachbarn darüber reden.",ohne,B1.pdf
B1,Ohr,das,kulak,-en,Nomen,1. Ich habe Ohrenschmerzen. 2. Das Baby hat aber kleine Ohren!,"das Ohr, -en",B1.pdf
B1,Öko-,,"eko-, ekolojik",(ökologisch),Sonstiges,"z.B. Ökoladen, Ökostrom, ökologischer Anbau",Öko- (ökologisch),B1.pdf
B1,Öl,das,yağ,-e,Nomen,1. Es fehlt Öl am Salat. 2. Wir heizen mit Öl. 3. Können Sie bei meinem Auto bitte das Öl kontrollieren?,"das Öl, -e",B1.pdf
B1,Oma,die,büyükanne,-s,Nomen,Meine Oma ist achtzig Jahre alt geworden.,"die Oma, -s",B1.pdf
B1,Onkel,der,"amca, dayı",-,Nomen,Nächste Woche fahre ich zu meinem Onkel nach Berlin.,"der Onkel, -",B1.pdf
B1,Opa,der,büyükbaba,-s,Nomen,Mein Opa heißt Hans.,"der Opa, -s",B1.pdf
B1,Oper,die,opera,-n,Nomen,1. Ich mag Opern. 2. Warst du schon mal in der Oper?,"die Oper, -n",B1.pdf
B1,operieren,,ameliyat etmek,"operiert, operierte, hat operiert",Verb,Wir müssen das Knie sofort operieren.,"operieren, operiert, operierte, hat operiert",B1.pdf
B1,Operation,die,ameliyat,-en,Nomen,Seit der Operation kann ich mein Knie nicht mehr bewegen.,"die Operation, -en",B1.pdf
B1,Opfer,das,kurban,-,Nomen,Bei der Schiffskatastrophe gab es viele Opfer.,"das Opfer, -",B1.pdf
B1,optimistisch,,iyimser,,Sonstiges,"Glaubst du, dass du den Job bekommst. – Ja, ich bin ganz optimistisch.",optimistisch,B1.pdf
B1,Orange,die,portakal,-n,Nomen,Ich esse gern Orangen.,"die Orange, -n",B1.pdf
B1,Orchester,das,orkestra,-,Nomen,Auf unserer Hochzeit hat ein kleines Orchester gespielt.,"das Orchester, -",B1.pdf
B1,ordentlich,,düzenli,,Sonstiges,1. Mein Bruder ist ein sehr ordentlicher Mensch. 2. Auf seinem Schreibtisch sieht es immer sehr ordentlich aus.,ordentlich,B1.pdf
B1,Ordination,die,muayenehane,-en (A) Praxis,Nomen,Die Ordination bleibt bis zum 7. Jänner geschlossen.,"die Ordination, -en (A) Praxis",B1.pdf
B1,Ordination,die,muayenehane,-en (A) Sprechstunde,Nomen,Frau Dr. Berger hat von 8 bis 12 Uhr Ordination.,"die Ordination, -en (A) Sprechstunde",B1.pdf
B1,ordnen,,"düzenlemek, sıralamak","ordnet, ordnete, hat geordnet",Verb,Letztes Wochenende habe ich meine Papiere geordnet.,"ordnen, ordnet, ordnete, hat geordnet",B1.pdf
B1,Ordner,der,"klasör, dosya",,Nomen,- Für meine Übungen im Deutschkurs habe ich mir einen Ordner gekauft.,"der Ordner,",B1.pdf
B1,Ordnung,die,düzen,,Nomen,1. Mach mal etwas Ordnung in deinem Zimmer! 2. Bitte beachten Sie die Hausordnung. 3. Mit dem Motor ist etwas nicht in Ordnung.,die Ordnung,B1.pdf
B1,organisieren,,"organize etmek, düzenlemek","organisiert, organisierte, hat organisiert",Verb,Für den nächsten Sommerurlaub habe ich schon alles organisiert.,"organisieren, organisiert, organisierte, hat organisiert",B1.pdf
B1,Organisation,die,"organizasyon, düzenleme",-en,Nomen,1. Die Organisation des Festes war sehr gut. 2. Sind Sie Mitglied in einer Organisation?,"die Organisation, -en",B1.pdf
B1,Original,das,"orijinal, asıl nüsha",-e,Nomen,Das Original ist für Sie. Wir bekommen die Kopie.,"das Original, -e",B1.pdf
B1,original,,"orijinal, asıl",,Sonstiges,Ich muss das originale Dokument abgeben.,original,B1.pdf
B1,Ort,der,"yer, mekân",-e,Nomen,Vergessen Sie Ort und Datum nicht.,"der Ort, -e",B1.pdf
B1,Vorort,der,"banliyö, dış mahalle",-e,Nomen,Mein Bruder wohnt in einem Vorort von Hamburg.,"der Vorort, -e",B1.pdf
B1,Wohnort,der,"ikametgah, oturulan yer",-e,Nomen,Tragen Sie bitte auch Ihren Wohnort ein.,"der Wohnort, -e",B1.pdf
B1,Ozean,der,okyanus,-e,Nomen,Dieses Schiff fährt über den Atlantischen Ozean.,"der Ozean, -e",B1.pdf
B1,(ein) paar,,birkaç,,Sonstiges,1. Ich komme gleich. Es dauert nur ein paar Minuten. 2. Wir fahren mit ein paar Freunden in Urlaub.,(ein) paar,B1.pdf
B1,Paar,das,çift,-e,Nomen,1. Ina und Pedro sind ein Paar. 2. Gestern habe ich mir ein Paar neue Schuhe gekauft.,"das Paar, -e",B1.pdf
B1,packen,,"paketlemek, (bavul) toplamak","packt, packte, hat gepackt",Verb,Ich muss noch meinen Koffer packen.,"packen, packt, packte, hat gepackt",B1.pdf
B1,Paket,das,"paket, koli",-e,Nomen,Hast du das Paket zur Post gebracht?,"das Paket, -e",B1.pdf
B1,Panne,die,arıza,-n,Nomen,"1. Kurz vor München hatten wir eine Panne mit dem Auto. 2. Die Reise war schlecht organisiert, es gab mehrere Pannen.","die Panne, -n",B1.pdf
B1,Papier,das,kağıt,-e,Nomen,1. Hast du ein Blatt Papier für mich? 2. Bitte bringen Sie zu dem Termin alle Papiere mit.,"das Papier, -e",B1.pdf
B1,Paradeiser,der,domates,- (A) Tomate,Nomen,Kauf bitte noch Paradeiser auf dem Markt.,"der Paradeiser, - (A) Tomate",B1.pdf
B1,parallel,,paralel,,Sonstiges,Die Goethestraße ist parallel zur Hauptstraße.,parallel,B1.pdf
B1,Parfüm,das,parfüm,-s,Nomen,Zum Geburtstag habe ich von meinem Mann ein Parfüm bekommen.,"das Parfüm, -s",B1.pdf
B1,Park,der,park,-s,Nomen,Ich gehe gern im Park spazieren.,"der Park, -s",B1.pdf
B1,parken,,park etmek,"parkt, parkte, hat → geparkt (D, A) CH: parkieren parkieren, parkiert, parkierte, hat parkiert (CH) → D, A: parken",Verb,1. Hier dürfen Sie nicht parken. 2. Hier ist das Parken verboten. 1. Hier dürfen Sie nicht parkieren. 2. Hier ist das Parkieren verboten.,"parken, parkt, parkte, hat → geparkt (D, A) CH: parkieren parkieren, parkiert, parkierte, hat parkiert (CH) → D, A: parken",B1.pdf
B1,Partner,der,"partner, eş",-,Nomen,1. Wir haben das Geschäft zusammen. Wir sind Partner. 2. Beide Partner kümmern sich um die Kinder. 3. Herr Aydin ist mein Geschäftspartner.,"der Partner, -",B1.pdf
B1,Partnerin,die,"partner, eş",-nen,Nomen,1. Wir haben das Geschäft zusammen. Wir sind Partner. 2. Beide Partner kümmern sich um die Kinder. 3. Herr Aydin ist mein Geschäftspartner.,"die Partnerin, -nen",B1.pdf
B1,Party,die,parti,-s,Nomen,Letzte Woche war ich auf einer Geburtstagsparty.,"die Party, -s",B1.pdf
B1,Pass,der,pasaport,¨-e,Nomen,1. Ich muss meinen Pass verlängern lassen. 2. Im Hotel brauchst du bei der Anmeldung deinen Pass.,"der Pass, ¨-e",B1.pdf
B1,Passagier,der,yolcu (erkek),-e,Nomen,Die Passagiere Schulz und Kaufmann sollen bitte zur Information kommen.,"der Passagier, -e",B1.pdf
B1,Passagierin,die,yolcu (kadın),-nen,Nomen,Die Passagiere Schulz und Kaufmann sollen bitte zur Information kommen.,"die Passagierin, -nen",B1.pdf
B1,passen,,"uymak, uygun olmak","passt, passte, hat gepasst",Verb,1. Der Pullover passt mir nicht mehr. 2. Wann soll ich kommen? Passt es Ihnen morgen Abend? 3. Passt das T-Shirt zu diesem Rock?,"passen, passt, passte, hat gepasst",B1.pdf
B1,passieren,,"olmak, meydana gelmek","passiert, passierte, ist passiert",Verb,1. Entschuldigung! – Kein Problem. Es ist nichts passiert. 2. Wie ist der Unfall passiert? 3. Man hat mir die Brieftasche gestohlen. – Das ist mir auch schon passiert.,"passieren, passiert, passierte, ist passiert",B1.pdf
B1,passiv,,"pasif, edilgen",,Sonstiges,"Man sollte im Kurs nicht passiv sein, sondern mitdiskutieren.",passiv,B1.pdf
B1,Patient,der,hasta (erkek),-en,Nomen,Ich bin Patientin bei Dr. Hausner. Ich möchte bitte einen Termin.,"der Patient, -en",B1.pdf
B1,Patientin,die,hasta (kadın),-nen,Nomen,Ich bin Patientin bei Dr. Hausner. Ich möchte bitte einen Termin.,"die Patientin, -nen",B1.pdf
B1,pauschal,,"toptan, götürü",,Sonstiges,Sie haben die Reise pauschal gebucht.,pauschal,B1.pdf
B1,Pause,die,"mola, ara",-n,Nomen,Wir machen zehn Minuten Pause.,"die Pause, -n",B1.pdf
B1,Pech,das,"şanssızlık, kötü şans",,Nomen,1. Es regnet. Unser Picknick fällt leider aus. – So ein Pech! 2. Wir hatten im Urlaub Pech mit dem Wetter.,das Pech,B1.pdf
B1,peinlich,,"utanç verici, mahcup edici",,Sonstiges,1. Das muss dir nicht peinlich sein. 2. Das war eine peinliche Situation.,peinlich,B1.pdf
B1,Pension,die,pansiyon,-en,Nomen,Im Urlaub haben wir in einer kleinen Pension gewohnt.,"die Pension, -en",B1.pdf
B1,Pension,die,pansiyon,"-en (A, CH) → D, CH: Rente",Nomen,Sie ist 67 und bekommt jetzt eine gute Pension.,"die Pension, -en (A, CH) → D, CH: Rente",B1.pdf
B1,in Pension gehen/sein (D,,"emekliye ayrılmak, emekli olmak","A) → D: in Rente gehen/sein, D, CH: pensioniert werden/sein",Sonstiges,1. Ich gehe Ende des Jahres in Pension. 2. Mein Nachbar ist seit zehn Jahren in Pension.,"in Pension gehen/sein (D, A) → D: in Rente gehen/sein; D, CH: pensioniert werden/sein",B1.pdf
B1,pensioniert werden/sein (D,,emekli olmak,"CH) → D, A: in Pension gehen/sein, D: in Rente gehen/sein",Sonstiges,1. Ich werde Ende des Jahres pensioniert. 2. Mein Nachbar ist seit zehn Jahren pensioniert.,"pensioniert werden/sein (D, CH) → D, A: in Pension gehen/sein; D: in Rente gehen/sein",B1.pdf
B1,Pensionist,der,emekli,"-en / die → Pensionistin, -nen (A) D, CH: Rentner",Nomen,Meine Großmutter arbeitet nicht mehr. Sie ist Pensionistin.,"der Pensionist, -en / die → Pensionistin, -nen (A) D, CH: Rentner",B1.pdf
B1,per,,"ile, aracılığıyla, yoluyla",,Sonstiges,Wie kann ich mich für den Kurs anmelden? – Per Fax oder E-Mail.,per,B1.pdf
B1,perfekt,,"mükemmel, kusursuz",,Sonstiges,Die Reiseorganisation war perfekt.,perfekt,B1.pdf
B1,Perron,der,peron,"-s (CH) → D, A: Bahnsteig",Nomen,Auf Hauptbahnhöfen gibt es meist viele Perrons.,"der Perron, -s (CH) → D, A: Bahnsteig",B1.pdf
B1,Person,die,"kişi, şahıs",-en,Nomen,Eintritt pro Person: 2 Euro.,"die Person, -en",B1.pdf
B1,persönlich,,"kişisel, şahsen",,Sonstiges,1. Hier gibt es zu viele Autos. Das ist meine persönliche Meinung. 2. Ich muss Herrn Meier persönlich sprechen.,persönlich,B1.pdf
B1,Personalien,die,kimlik bilgileri,(Pl.),Nomen,Mein Kollege wird Ihre Personalien aufnehmen.,die Personalien (Pl.),B1.pdf
B1,Personenstand D,der,medeni hâl,"A: Familienstand, CH: Zivilstand",Nomen,Bei „Personenstand“ musst du „ledig“ ankreuzen.,"der Personenstand D, A: Familienstand; CH: Zivilstand",B1.pdf
B1,Personal,das,personel,,Nomen,Dieser Eingang ist nur für das Personal.,das Personal,B1.pdf
B1,Pfanne,die,tava,"-n (CH) → D, A: Topf",Nomen,Hast du keine größere Pfanne? Ich möchte Kartoffeln kochen.,"die Pfanne, -n (CH) → D, A: Topf",B1.pdf
B1,Pfeffer,der,karabiber,,Nomen,Bringen Sie uns bitte Pfeffer und Salz.,der Pfeffer,B1.pdf
B1,pflanzen,,dikmek (bitki),"pflanzt, pflanzte, hat gepflanzt",Verb,Lass uns einen Baum pflanzen!,"pflanzen, pflanzt, pflanzte, hat gepflanzt",B1.pdf
B1,Pflanze,die,bitki,-n,Nomen,"Wenn wir im Urlaub sind, gießt die Nachbarin unsere Pflanzen.","die Pflanze, -n",B1.pdf
B1,Pflaster,das,yara bandı,-,Nomen,Hast du ein Pflaster? Ich habe mich geschnitten.,"das Pflaster, -",B1.pdf
B1,Pflaume,die,erik,-n,Nomen,Ich esse gern Pflaumen und noch lieber Pflaumenkuchen.,"die Pflaume, -n",B1.pdf
B1,pflegen,,bakmak (hasta bakımı),"pflegt, pflegte, hat gepflegt",Verb,Meine Mutter ist sehr krank. Ich muss sie pflegen.,"pflegen, pflegt, pflegte, hat gepflegt",B1.pdf
B1,Pfleger,der,"bakıcı, hemşire (erkek)","die Pflegerin, -nen",Nomen,- Meine Freundin ist Pflegerin in einem Altersheim.,"der Pfleger, die Pflegerin, -nen",B1.pdf
B1,Pflicht,die,"görev, yükümlülük",-en,Nomen,Als Autofahrer müssen Sie eine Versicherung haben. Das ist Pflicht.,"die Pflicht, -en",B1.pdf
B1,Phantasie/Fantasie,die,"hayal gücü, fantezi",-n,Nomen,Mein Sohn malt sehr gut. Er hat viel Phantasie.,"die Phantasie/Fantasie, -n",B1.pdf
B1,Picknick,das,piknik,-s,Nomen,Am Sonntag machen wir ein Picknick. Der Arzt hat mir neue Pillen verschrieben.,"das Picknick, -s",B1.pdf
B1,Pille,die,hap,-n,Nomen,Am Sonntag machen wir ein Picknick. Der Arzt hat mir neue Pillen verschrieben.,"die Pille, -n",B1.pdf
B1,Pilz,der,mantar,-e → A: Schwammerl,Nomen,Haben Sie frische Pilze?,"der Pilz, -e → A: Schwammerl",B1.pdf
B1,Pizza,die,pizza,-s/Pizzen,Nomen,Lass uns eine Pizza bestellen!,"die Pizza, -s/Pizzen",B1.pdf
B1,Plakat,das,"afiş, poster",-e,Nomen,Im Unterricht haben wir ein Plakat gemacht.,"das Plakat, -e",B1.pdf
B1,planen,,planlamak,"plant, plante, hat geplant",Verb,"1. Wir haben geplant, diesmal im Urlaub nach Österreich zu fahren. 2. Unser Familientreffen ist für Juni geplant.","planen, plant, plante, hat geplant",B1.pdf
B1,Plan,der,plan,¨-e,Nomen,"1. Was macht ihr im Sommer? – Ich weiß noch nicht, wir haben noch keine Pläne. 2. Haben Sie einen Plan von Berlin?","der Plan, ¨-e",B1.pdf
B1,Planung,die,planlama,-en,Nomen,Unsere Planung für das Sommerfest steht schon lange.,"die Planung, -en",B1.pdf
B1,Plastik,das,plastik,,Nomen,Was für ein Spielzeug möchten Sie? Aus Plastik oder aus Holz?,das Plastik,B1.pdf
B1,Platz,der,"yer, meydan, alan",¨-e,Nomen,"1. In unserer Wohnung haben wir nicht genug Platz. 2. Ist dieser Platz noch frei? 3. Nehmen Sie bitte Platz. 4. Die Post ist auf dem Platz, direkt am Markt.","der Platz, ¨-e",B1.pdf
B1,plötzlich,,"aniden, birdenbire",,Sonstiges,Es war zuerst so schön. Plötzlich hat es angefangen zu regnen.,plötzlich,B1.pdf
B1,Politik,die,"siyaset, politika",,Nomen,Ich interessiere mich nicht für Politik.,die Politik,B1.pdf
B1,Politiker,der,politikacı,"die Politikerin, -nen",Nomen,"- Weißt du, wie dieser Politiker heißt?","der Politiker, die Politikerin, -nen",B1.pdf
B1,politisch,,"siyasi, politik",,Sonstiges,1. Ich diskutiere mit meinem Mann oft über politische Probleme. 2. Die politischen Meinungen zum Thema Umwelt sind sehr verschieden.,politisch,B1.pdf
B1,Polizei,die,polis,,Nomen,1. Rufen Sie bitte die Polizei. 2. Er arbeitet bei der Polizei.,die Polizei,B1.pdf
B1,Polizist,der,polis memuru (erkek),-en,Nomen,Die Ampel war kaputt. Ein Polizist hat den Verkehr geregelt.,"der Polizist, -en",B1.pdf
B1,Polizistin,die,polis memuru (kadın),-nen,Nomen,Die Ampel war kaputt. Ein Polizist hat den Verkehr geregelt.,"die Polizistin, -nen",B1.pdf
B1,Pommes frites (Pl.),die,patates kızartması,,Nomen,Die Kinder essen gern Würstchen mit Pommes frites.,die Pommes frites (Pl.),B1.pdf
B1,populär,,popüler,,Sonstiges,Diese Musik ist bei Jugendlichen populär.,populär,B1.pdf
B1,Portemonnaie/Port- → monee,das,cüzdan,"-s (D, CH) Brieftasche, A: Geldbörse",Nomen,Ich habe nur Kleingeld in meinem Portemonnaie.,"das Portemonnaie/Port- → monee, -s (D, CH) Brieftasche; A: Geldbörse",B1.pdf
B1,Portion,die,porsiyon,-en,Nomen,"Bitte, eine große Portion Sahne!","die Portion, -en",B1.pdf
B1,positiv,,"olumlu, pozitif",,Sonstiges,1. Wir haben eine positive Nachricht für Sie. Sie bekommen die Stelle. 2. Man muss positiv denken.,positiv,B1.pdf
B1,Post,die,"postane, posta",,Nomen,1. Die Post macht erst um 8 Uhr auf. 2. Meine Frau arbeitet bei der Post. 3. Ist Post für mich da?,die Post,B1.pdf
B1,Postleitzahl,die,posta kodu,-en,Nomen,Weißt du die Postleitzahl der Kollwitzstraße in Berlin?,"die Postleitzahl, -en",B1.pdf
B1,Pöstler,der,postacı,"- / die Pöstlerin, -nen (CH) → Briefträger",Nomen,War die Pöstlerin schon da?,"der Pöstler, - / die Pöstlerin, -nen (CH) → Briefträger",B1.pdf
B1,Poulet,das,tavuk,"-s (CH) → D: Hähnchen/Hühnchen, A: Hend(e)l",Nomen,Zum Mittagessen gibt es Poulet mit Reis.,"das Poulet, -s (CH) → D: Hähnchen/Hühnchen; A: Hend(e)l",B1.pdf
B1,Praktikum,das,staj,Praktika,Nomen,Ich mache diesen Sommer drei Monate ein Praktikum bei einer Firma.,"das Praktikum, Praktika",B1.pdf
B1,Praktikant,der,stajyer (erkek),-en,Nomen,Bei dieser Firma habe ich zwei Jahre als Praktikantin gearbeitet.,"der Praktikant, -en",B1.pdf
B1,Praktikantin,die,stajyer (kadın),-nen,Nomen,Bei dieser Firma habe ich zwei Jahre als Praktikantin gearbeitet.,"die Praktikantin, -nen",B1.pdf
B1,praktisch,,"pratik, kullanışlı",,Sonstiges,"1. Ich finde diese Küchenmaschine sehr praktisch. 2. Ich habe letzte Woche den Führerschein gemacht. Jetzt fehlt mir noch praktische Erfahrung. 3. Dieses Handy kann praktisch alles, was ein Computer kann.",praktisch,B1.pdf
B1,präsentieren,,sunmak,,Sonstiges,Präsentieren Sie Ihre Ergebnisse bitte im Kurs.,präsentieren,B1.pdf
B1,Präsentation,die,sunum,-en,Nomen,Die Schülerin hat für ihre Präsentation eine gute Note bekommen.,"die Präsentation, -en",B1.pdf
B1,Praxis,die,muayenehane,,Nomen,Das ist die Theorie. In der Praxis ist vieles ganz anders.,die Praxis,B1.pdf
B1,Praxis,die,muayenehane,Praxen → A: Ordination,Nomen,Die Arztpraxis bleibt bis zum 7. Januar geschlossen.,"die Praxis, Praxen → A: Ordination",B1.pdf
B1,Preis,der,fiyat,-e,Nomen,1. Die Preise sind schon wieder gestiegen. 2. Wer hat den ersten Preis gewonnen?,"der Preis, -e",B1.pdf
B1,preiswert,,"uygun fiyatlı, ucuz",,Sonstiges,Die Jacke ist sehr preiswert.,preiswert,B1.pdf
B1,Presse,die,basın,,Nomen,Darüber konnte sich jeder in der Presse informieren.,die Presse,B1.pdf
B1,prima,,"harika, mükemmel",,Sonstiges,Mit diesen Leuten verstehe ich mich prima.,prima,B1.pdf
B1,privat,,özel,,Sonstiges,1. Hier meine Nummer im Büro und meine private Nummer. 2. Über meine Probleme möchte ich nicht sprechen. Das ist privat. 3. Ich treffe meine Arbeitskollegen auch privat.,privat,B1.pdf
B1,pro,,"başına, her biri için",,Sonstiges,Eintritt pro Person: zwei Euro.,pro,B1.pdf
B1,probieren,,"denemek, tatmak","probiert, probierte, hat probiert",Verb,"1. Haben Sie dieses Waschmittel schon einmal probiert? 2. Ich habe probiert, die Zeitung zu lesen, aber es war zu schwer. 3. Darf ich die Schuhe anprobieren?","probieren, probiert, probierte, hat probiert",B1.pdf
B1,probieren,,"denemek, tatmak","probiert, probierte, hat probiert (D, → CH) A: kosten",Verb,Möchten Sie den Käse mal probieren?,"probieren, probiert, probierte, hat probiert (D, → CH) A: kosten",B1.pdf
B1,Problem,das,"sorun, problem",-e,Nomen,José spricht nicht gern über seine Probleme.,"das Problem, -e",B1.pdf
B1,produzieren,,üretmek,"produziert, produzierte, hat produziert",Verb,Unsere Firma produziert Feuerzeuge.,"produzieren, produziert, produzierte, hat produziert",B1.pdf
B1,Produkt,das,ürün,-e,Nomen,"1. Unsere Produkte haben eine hohe Qualität. 2. Der Arzt sagt, ich soll keine fertigen Produkte essen.","das Produkt, -e",B1.pdf
B1,Produktion,die,üretim,,Nomen,Die Produktion von Käse dauert oft viele Wochen.,die Produktion,B1.pdf
B1,Professor,der,profesör (erkek),-en,Nomen,Unsere Nachbarin ist Professorin an der Universität.,"der Professor, -en",B1.pdf
B1,Professorin,die,profesör (kadın),-nen,Nomen,Unsere Nachbarin ist Professorin an der Universität.,"die Professorin, -nen",B1.pdf
B1,Profi,der,"profesyonel, uzman",-s,Nomen,Keine Angst. Mein Bruder kann die Heizung bestimmt reparieren. Er ist doch ein Profi.,"der Profi, -s",B1.pdf
B1,Profisportler,der,profesyonel sporcu,"die Profisportlerin, -nen",Nomen,- Mein Sohn möchte Profisportler werden.,"der Profisportler, die Profisportlerin, -nen",B1.pdf
B1,Programm,das,program,-e,Nomen,1. Hast du schon ins Programm geguckt? Gibt es heute im Fernsehen einen schönen Film? 2. Mit welchen Programmen arbeitest du am Computer?,"das Programm, -e",B1.pdf
B1,Projekt,das,proje,-e,Nomen,Der Staat fördert Projekte für Kinder und Jugendliche.,"das Projekt, -e",B1.pdf
B1,Prospekt,der,"broşür, katalog",-e,Nomen,Bitte schicken Sie mir einen Prospekt von Ihrem Hotel.,"der Prospekt, -e",B1.pdf
B1,Prost,,Şerefe!,,Sonstiges,Wir trinken auf Ihre Gesundheit! Prost!,Prost,B1.pdf
B1,protestieren,,protesto etmek,"protestiert, protestierte, hat protestiert",Verb,Wir protestieren gegen den Bau der Autobahn.,"protestieren, protestiert, protestierte, hat protestiert",B1.pdf
B1,Protest,der,protesto,-e,Nomen,Alle Proteste haben nichts genützt.,"der Protest, -e",B1.pdf
B1,Prozess,der,"dava, süreç",-e,Nomen,Der Prozess wird direkt aus dem Gerichtssaal im Fernsehen übertragen.,"der Prozess, -e",B1.pdf
B1,prüfen,,"kontrol etmek, incelemek","prüft, prüfte, hat geprüft",Verb,"Bitte prüfen Sie sofort, ob die Rechnung stimmt.","prüfen, prüft, prüfte, hat geprüft",B1.pdf
B1,Prüfung,die,sınav,-en,Nomen,Mein Freund hat die Prüfung bestanden.,"die Prüfung, -en",B1.pdf
B1,Publikum,das,"seyirci, izleyici",,Nomen,Es war ein tolles Konzert. Das Publikum war begeistert.,das Publikum,B1.pdf
B1,Pullover,der,kazak,-,Nomen,Ich habe mir einen Pullover gekauft.,"der Pullover, -",B1.pdf
B1,Punkt,der,"nokta, konu, madde",-e,Nomen,1. Das Konzert beginnt um Punkt 20 Uhr. 2. Beim letzten Satz fehlt der Punkt. 3. Diesen Punkt haben wir noch nicht besprochen.,"der Punkt, -e",B1.pdf
B1,pünktlich,,"dakik, tam zamanında",,Sonstiges,1. Seien Sie bitte pünktlich. 2. Der Bus fährt pünktlich um acht Uhr.,pünktlich,B1.pdf
B1,Puppe,die,oyuncak bebek,-n,Nomen,Unsere kleine Tochter bekommt zum Geburtstag eine Puppe.,"die Puppe, -n",B1.pdf
B1,putzen,,temizlemek,"putzt, putzte, hat geputzt",Verb,1. Ich muss heute noch die Wohnung putzen. 2. Hast du dir schon die Zähne geputzt?,"putzen, putzt, putzte, hat geputzt",B1.pdf
B1,Qualifikation,die,"nitelik, yeterlilik",-en,Nomen,Für diese Arbeit haben Sie gute Qualifikationen.,"die Qualifikation, -en",B1.pdf
B1,Qualität,die,kalite,-en,Nomen,"Für mich ist nicht nur der Preis wichtig, sondern auch die Qualität.","die Qualität, -en",B1.pdf
B1,Quartier,das,"semt, mahalle","-e (CH) → D, A: Viertel",Nomen,Wir wohnen in einem schönen Quartier.,"das Quartier, -e (CH) → D, A: Viertel",B1.pdf
B1,quer,,"çaprazına, boydan boya",,Sonstiges,Ich muss zu meiner Arbeit quer durch die ganze Stadt fahren.,quer,B1.pdf
B1,Quittung,die,"fiş, makbuz",-en,Nomen,Brauchen Sie eine Quittung?,"die Quittung, -en",B1.pdf
B1,Quiz,das,bilgi yarışması,,Nomen,Er hat beim Quiz gewonnen.,das Quiz,B1.pdf
B1,Rabatt,der,indirim,-e,Nomen,Sie bekommen zehn Prozent Rabatt.,"der Rabatt, -e",B1.pdf
B1,Rad,das,"bisiklet, tekerlek",¨-er,Nomen,Hast du noch ein Rad? Ich bin durch Glas gefahren und jetzt ist mein Rad kaputt.,"das Rad, ¨-er",B1.pdf
B1,Rad,das,"bisiklet, tekerlek","¨-er (D, A) → Fahrrad, CH: Velo",Nomen,1. Sie fährt jeden Morgen mit dem Rad zur Arbeit. 2. Am Sonntag fahren wir oft Rad.,"das Rad, ¨-er (D, A) → Fahrrad; CH: Velo",B1.pdf
B1,Radfahrer,der,bisikletçi,"die Radfahrerin, -nen",Nomen,- Achtung! Da kommt eine Radfahrerin.,"der Radfahrer, die Radfahrerin, -nen",B1.pdf
B1,Radio,das,radyo,-s,Nomen,1. Ich möchte mir ein neues Radio kaufen. 2. Ich höre gern Radio.,"das Radio, -s",B1.pdf
B1,(Schlag-)Rahm (CH) → D: (Schlag-)Sahne,der,"krema, kaymak",A: (Schlag-)Obers,Nomen,Ich hätte gern ein Stück Torte mit (Schlag-)Rahm.,"der (Schlag-)Rahm (CH) → D: (Schlag-)Sahne, A: (Schlag-)Obers",B1.pdf
B1,Rand,der,kenar,¨-er,Nomen,Wir wohnen am Rand der Innenstadt. Dort ist es billiger und ruhiger.,"der Rand, ¨-er",B1.pdf
B1,Rasen,der,"çim, çimen",-,Nomen,Bitte den Rasen nicht betreten!,"der Rasen, -",B1.pdf
B1,sich rasieren,,tıraş olmak,"rasiert, rasierte, hat rasiert",Verb,Dein Bart ist aber lang! Du solltest dich mal wieder rasieren.,"(sich) rasieren, rasiert, rasierte, hat rasiert",B1.pdf
B1,raten,,tahmin etmek,"rät, riet, hat geraten",Verb,"1. Ich möchte billig Urlaub machen. Was raten Sie mir? 2. Rate mal, wen ich heute getroffen habe! Deinen Lehrer.","raten, rät, riet, hat geraten",B1.pdf
B1,Rat,der,"öğüt, tavsiye",,Nomen,Was soll ich machen? Können Sie mir einen Rat geben?,der Rat,B1.pdf
B1,Ratschlag,,"öğüt, tavsiye",¨-e,Sonstiges,Meine Tochter nimmt meine Ratschläge nicht an.,"Ratschlag, ¨-e",B1.pdf
B1,Rätsel,das,bilmece,,Nomen,- Ich kann dieses Rätsel nicht lösen.,"das Rätsel,",B1.pdf
B1,Rathaus,das,"belediye binası, belediye",¨-er,Nomen,1. Hier links sehen Sie das Rathaus. 2. Die Wahl findet im Rathaus statt.,"das Rathaus, ¨-er",B1.pdf
B1,rauchen,,sigara içmek,"raucht, rauchte, hat geraucht",Verb,"1. Hier ist das Rauchen verboten! 2. Stört es Sie, wenn ich rauche?","rauchen, raucht, rauchte, hat geraucht",B1.pdf
B1,Raucher,der,sigara içen kişi,"die Raucherin, -nen",Nomen,- 1. Gibt es hier ein Zimmer für Raucher? 2. Ich bin keine Raucherin. Ich bin Nichtraucherin.,"der Raucher, die Raucherin, -nen",B1.pdf
B1,Raum,der,"oda, mekân",¨-e,Nomen,Getränke gibt es im Raum nebenan.,"der Raum, ¨-e",B1.pdf
B1,rauf/rauf-,,yukarı,,Sonstiges,"1. Hier ist die Treppe, also los, schnell rauf! 2. Möchtest du nicht raufkommen?",rauf/rauf-,B1.pdf
B1,raus/raus-,,dışarı,,Sonstiges,1. Willst du rein oder raus? 2. Er ist gerade rausgelaufen.,raus/raus-,B1.pdf
B1,reagieren,,tepki vermek,"reagiert, reagierte, hat reagiert",Verb,"Ich habe dem Vermieter geschrieben, aber er hat noch nicht reagiert.","reagieren, reagiert, reagierte, hat reagiert",B1.pdf
B1,Reaktion,die,"tepki, reaksiyon",-en,Nomen,Diese Reaktion ist typisch für ihn.,"die Reaktion, -en",B1.pdf
B1,realisieren,,"gerçekleştirmek, farkına varmak","realisiert, realisierte, hat realisiert",Verb,"1. Diese Pläne sind nicht zu realisieren. 2. Ich habe nicht realisiert, dass die Zeit schon um ist.","realisieren, realisiert, realisierte, hat realisiert",B1.pdf
B1,Realität,die,"gerçeklik, gerçek",-en,Nomen,Das gefällt dir nicht? Aber das ist die Realität.,"die Realität, -en",B1.pdf
B1,realistisch,,gerçekçi,,Sonstiges,"Ich glaube nicht, dass du für das Auto noch so viel Geld bekommst. Das ist nicht realistisch.",realistisch,B1.pdf
B1,Recherche,die,araştırma,-n,Nomen,Für diesen Bericht waren viele Recherchen nötig.,"die Recherche, -n",B1.pdf
B1,rechnen,,hesaplamak,"rechnet, rechnete, hat gerechnet",Verb,1. Meine Tochter kann gut rechnen. 2. Im/In Rechnen hat sie eine Eins. 3. Mit solchen Schwierigkeiten hatten wir nicht gerechnet.,"rechnen, rechnet, rechnete, hat gerechnet",B1.pdf
B1,Rechner,der,"bilgisayar, hesap makinesi",,Nomen,- Mein Rechner ist kaputt.,"der Rechner,",B1.pdf
B1,Rechnung,die,"hesap, fatura",-en,Nomen,"1. Bitte, die Rechnung! 2. Brauchen Sie für diese Reparatur eine Rechnung?","die Rechnung, -en",B1.pdf
B1,Recht,das,"hak, hukuk",-e,Nomen,"1. Nach deutschem Recht kann er dafür nicht bestraft werden. 2. Ich hatte Vorfahrt. Ich war im Recht. 3. Die Rechnung stimmt nicht? Dann haben Sie das Recht, das Geld zurückzubekommen.","das Recht, -e",B1.pdf
B1,rechtlich,,"hukuki, yasal",,Sonstiges,Wir beraten Sie in rechtlichen Fragen.,rechtlich,B1.pdf
B1,recht,,"haklı, uygun",,Sonstiges,"1. Ist es Ihnen recht, wenn ich morgen vorbeikomme? 2. Da haben Sie recht. 3. Da muss ich Ihnen recht geben.",recht,B1.pdf
B1,rechts,,"sağda, sağa",,Sonstiges,1. An der nächsten Kreuzung müssen Sie rechts abbiegen. 2. Der Bahnhof ist da vorne rechts.,rechts,B1.pdf
B1,recht-,,sağ,,Sonstiges,Ich habe mir den rechten Arm gebrochen.,recht-,B1.pdf
B1,rechtzeitig,,"zamanında, vaktinde",,Sonstiges,Bitte weck mich rechtzeitig. Ich muss pünktlich sein.,rechtzeitig,B1.pdf
B1,reden,,konuşmak,"redet, redete, hat geredet",Verb,Worüber habt ihr gestern geredet?,"reden, redet, redete, hat geredet",B1.pdf
B1,Rede,die,"konuşma, nutuk",-n,Nomen,Der Präsident hat eine Rede gehalten.,"die Rede, -n",B1.pdf
B1,reduzieren,,"azaltmak, indirmek","reduziert, reduzierte, hat reduziert",Verb,1. Wir haben jetzt unsere Preise reduziert. 2. Ist dieser Pullover auch reduziert?,"reduzieren, reduziert, reduzierte, hat reduziert",B1.pdf
B1,Referat,das,"sunum, rapor",-e,Nomen,Vielen Dank für dieses interessante Referat.,"das Referat, -e",B1.pdf
B1,Reform,die,reform,-en,Nomen,Die Regierung plant für nächstes Jahr eine Reform. Die Steuern sollen steigen.,"die Reform, -en",B1.pdf
B1,Regal,das,raf,-e,Nomen,Das Buch steht im Regal oben rechts.,"das Regal, -e",B1.pdf
B1,Regel,die,kural,-n,Nomen,1. Im Straßenverkehr sind viele Regeln zu beachten. 2. Wie geht dieses Spiel? Kennst du die Regeln? 3. In der Regel geht sie um sieben Uhr aus dem Haus.,"die Regel, -n",B1.pdf
B1,regelmäßig,,düzenli,,Sonstiges,Sie müssen die Tabletten regelmäßig nehmen.,regelmäßig,B1.pdf
B1,regeln,,"düzenlemek, yönetmek","regelt, regelte, hat geregelt",Verb,Die Ampel ist kaputt. Ein Polizist regelt den Verkehr.,"regeln, regelt, regelte, hat geregelt",B1.pdf
B1,regnen,,yağmur yağmak,"es regnet, es regnete, es hat geregnet",Verb,Es hat gestern den ganzen Tag geregnet.,"regnen, es regnet, es regnete, es hat geregnet",B1.pdf
B1,Regen,der,yağmur,,Nomen,Bei Regen fällt das Konzert aus.,der Regen,B1.pdf
B1,Region,die,bölge,-en,Nomen,1. In der Rhein-Main-Region sind die Mieten sehr hoch. 2. Die Milch ist aus der Region.,"die Region, -en",B1.pdf
B1,regional,,bölgesel,,Sonstiges,Du kannst mit einer Regionalbahn fahren. Das ist billiger.,regional,B1.pdf
B1,reich,,zengin,,Sonstiges,"Wenn ich reich wäre, würde ich eine Weltreise machen.",reich,B1.pdf
B1,reichen,,"yetmek, dayanmak","reicht, reichte, hat gereicht",Verb,"1. Ich nehme nur eine Suppe. Das reicht mir. 2. Wie lange reicht das Papier noch? Ich glaube, wir müssen neues bestellen.","reichen, reicht, reichte, hat gereicht",B1.pdf
B1,reif,,olgun,,Sonstiges,Die Banane kannst du nicht essen. Sie ist noch nicht reif.,reif,B1.pdf
B1,Reifen,der,lastik,-,Nomen,Ihr Wagen braucht neue Reifen.,"der Reifen, -",B1.pdf
B1,Reihe,die,sıra,-n,Nomen,1. Ich habe Karten für das Konzert. Wir sitzen in der dritten Reihe. 2. Wer ist jetzt an der Reihe?,"die Reihe, -n",B1.pdf
B1,Reihenfolge,die,"sıra, sıralama",-n,Nomen,Achten Sie auf die Reihenfolge der Inhaltspunkte.,"die Reihenfolge, -n",B1.pdf
B1,rein,,"saf, temiz",,Sonstiges,"1. Der Pullover ist aus reiner Wolle. 2. Es war reiner Zufall, dass ich die Uhr wiedergefunden habe. 3. Das Wasser ist so rein, dass man es trinken kann.",rein,B1.pdf
B1,reinigen,,temizlemek,"reinigt, reinigte, hat gereinigt",Verb,Ich möchte diesen Anzug reinigen lassen.,"reinigen, reinigt, reinigte, hat gereinigt",B1.pdf
B1,Reinigung,die,kuru temizleme; temizlik,-en,Nomen,1. Die Reinigung des Büros ist nicht teuer. 2. Kannst du bitte die Bluse in die Reinigung bringen?,"die Reinigung, -en",B1.pdf
B1,Reis,der,pirinç,,Nomen,"Eine Portion Huhn mit Reis, bitte.",der Reis,B1.pdf
B1,reisen,,seyahat etmek,"reist, reiste, ist gereist",Verb,Ich reise gern nach Spanien.,"reisen, reist, reiste, ist gereist",B1.pdf
B1,Reise,die,"yolculuk, seyahat",-n,Nomen,1. Wir haben eine Reise nach Österreich gebucht. 2. Auf der Reise haben wir nette Leute kennengelernt.,"die Reise, -n",B1.pdf
B1,Reisebüro,das,seyahat acentesi,-s,Nomen,Wir haben die Reise im Reisebüro gebucht.,"das Reisebüro, -s",B1.pdf
B1,reiten,,at binmek,"reitet, ritt, ist geritten",Verb,Möchtest du gerne reiten lernen?,"reiten, reitet, ritt, ist geritten",B1.pdf
B1,Reklame,die,reklam,-n,Nomen,Ich möchte keine Reklame im Briefkasten.,"die Reklame, -n",B1.pdf
B1,Rekord,der,rekor,-e,Nomen,Es gibt einen neuen Rekord im Schwimmen.,"der Rekord, -e",B1.pdf
B1,relativ,,"nispeten, oldukça",,Sonstiges,"Die Wohnung ist relativ groß, aber sehr teuer.",relativ,B1.pdf
B1,Religion,die,din,-en,Nomen,Religion ist für manche Menschen sehr wichtig.,"die Religion, -en",B1.pdf
B1,rennen,,koşmak,"rennt, rannte, ist gerannt",Verb,"Ich bin sehr schnell gerannt, aber der Bus war schon weg.","rennen, rennt, rannte, ist gerannt",B1.pdf
B1,Rente,die,emekli maaşı,"-n (D, CH) → A, CH: Pension",Nomen,Sie ist 67 und bekommt jetzt eine gute Rente.,"die Rente, -n (D, CH) → A, CH: Pension",B1.pdf
B1,in Rente gehen/sein (D) → D,,emekli olmak,"A: in Pension gehen/sein, CH, D: pensioniert werden/sein",Sonstiges,1. Ich gehe Ende des Jahres in Rente. 2. Mein Nachbar ist seit zehn Jahren in Rente.,"in Rente gehen/sein (D) → D, A: in Pension gehen/sein; CH, D: pensioniert werden/sein",B1.pdf
B1,Rentner,der,emekli,"die Rentnerin, -nen (D, CH) → A: Pensionist",Nomen,- Meine Großmutter arbeitet nicht mehr. Sie ist Rentnerin.,"der Rentner, die Rentnerin, -nen (D, CH) → A: Pensionist",B1.pdf
B1,reparieren,,"tamir etmek, onarmak","repariert, reparierte, hat repariert",Verb,Das Fahrrad kann man leider nicht mehr reparieren.,"reparieren, repariert, reparierte, hat repariert",B1.pdf
B1,Reparatur,die,"tamir, onarım",-en,Nomen,Eine Reparatur wäre zu teuer.,"die Reparatur, -en",B1.pdf
B1,Reportage,die,"röportaj, haber",-n,Nomen,Hast du die Reportage über Afrika gesehen?,"die Reportage, -n",B1.pdf
B1,Reporter,der,muhabir,"die Reporterin, -nen",Nomen,- Die Reporterin macht gerade ein Interview.,"der Reporter, die Reporterin, -nen",B1.pdf
B1,reservieren,,"rezervasyon yapmak, ayırtmak","reserviert, reservierte, hat reserviert",Verb,1. Dieser Tisch ist reserviert. 2. Bitte reservieren Sie mir ein Doppelzimmer.,"reservieren, reserviert, reservierte, hat reserviert",B1.pdf
B1,Reservierung,die,rezervasyon,-en,Nomen,Was kostet eine Reservierung?,"die Reservierung, -en",B1.pdf
B1,Respekt,der,saygı,,Nomen,1. Ich habe großen Respekt vor meinem Lehrer. 2. Du solltest ihr mehr Respekt entgegenbringen. 3. Ich habe bei der Prüfung alle Punkte erreicht! – Respekt!,der Respekt,B1.pdf
B1,Rest,der,"geri kalan, kalan kısım, artık",-e,Nomen,1. Hier sind 100 Euro. Den Rest gebe ich dir später. 2. Es ist noch ein Rest Wein da. Möchtest du noch?,"der Rest, -e",B1.pdf
B1,Restaurant,das,restoran,-s,Nomen,Wir essen heute im Restaurant.,"das Restaurant, -s",B1.pdf
B1,retten,,kurtarmak,"rettet, rettete, hat gerettet",Verb,Der Arzt konnte das Kind noch retten.,"retten, rettet, rettete, hat gerettet",B1.pdf
B1,Rezept,das,tarif; reçete,-e,Nomen,1. Diese Schmerztabletten gibt es nur auf Rezept. 2. Weißt du ein gutes Rezept für Gemüsesuppe?,"das Rezept, -e",B1.pdf
B1,Rezeption/Reception,die,resepsiyon,en,Nomen,- Geben Sie bitte den Schlüssel an der Rezeption ab.,"die Rezeption/Reception, en",B1.pdf
B1,Richter,der,hakim,-,Nomen,Der Richter hat noch kein Urteil gesprochen.,"der Richter, -",B1.pdf
B1,Richterin,die,kadın hakim,-nen,Nomen,Der Richter hat noch kein Urteil gesprochen.,"die Richterin, -nen",B1.pdf
B1,richtig,,doğru,,Sonstiges,"1. Was Sie da sagen, ist richtig. 2. Geht Ihre Uhr richtig? 3. Das ist nicht die richtige Größe.",richtig,B1.pdf
B1,Richtung,die,yön,-en,Nomen,1. Der Zug in Richtung Köln hat Verspätung. 2. Wo ist der Bahnhof? In welche Richtung muss ich fahren?,"die Richtung, -en",B1.pdf
B1,riechen,,"koklamak, kokmak","riecht, roch, hat gerochen",Verb,1. Dieses Parfüm riecht sehr gut. 2. Im ganzen Haus riecht es nach Farbe. 3. Ich bin erkältet. Ich kann nichts riechen.,"riechen, riecht, roch, hat gerochen",B1.pdf
B1,riesig,,"devasa, kocaman",,Sonstiges,1. Die Stadt ist riesig. 2. Ich habe mich über das Geschenk riesig gefreut.,riesig,B1.pdf
B1,Rind,das,"sığır, sığır eti",-er,Nomen,Ich esse nur Fleisch vom Rind.,"das Rind, -er",B1.pdf
B1,Ring,der,yüzük,-e,Nomen,Ich habe meinen Ring verloren.,"der Ring, -e",B1.pdf
B1,Risiko,das,risk,Risiken,Nomen,Ich nehme keinen Kredit auf. Das Risiko ist mir zu hoch.,"das Risiko, Risiken",B1.pdf
B1,Rock,der,etek,¨-e,Nomen,Diese Bluse passt nicht zu meinem Rock.,"der Rock, ¨-e",B1.pdf
B1,roh,,çiğ,,Sonstiges,Du kannst das nicht essen. Das Fleisch ist noch roh.,roh,B1.pdf
B1,(Back-)Rohr,das,fırın,"-e (A) → D, CH: (Back-)Ofen",Nomen,Ich habe gerade eine Pizza gemacht. Sie ist ganz frisch aus dem Rohr.,"das (Back-)Rohr, -e (A) → D, CH: (Back-)Ofen",B1.pdf
B1,Rolle,die,rol,-n,Nomen,1. Die Schauspielerin hat ihre Rolle sehr gut gespielt. 2. Geld spielt in diesem Fall keine Rolle.,"die Rolle, -n",B1.pdf
B1,Roman,der,roman,-e,Nomen,Ich lese gern Romane.,"der Roman, -e",B1.pdf
B1,Rose,die,gül,-n,Nomen,Rote Rosen sind ein schönes Geschenk.,"die Rose, -n",B1.pdf
B1,Rucksack,der,sırt çantası,¨-e,Nomen,Ich brauche nicht viel. Ich nehme nur meinen Rucksack mit.,"der Rucksack, ¨-e",B1.pdf
B1,rückdie Rückfahrt,,dönüş yolculuğu,-en,Sonstiges,Auf der Rückfahrt besuche ich meine Eltern.,"rückdie Rückfahrt, -en",B1.pdf
B1,Rückkehr,die,"dönüş, geri dönüş",,Nomen,Nach meiner Rückkehr haben wir ein großes Fest gefeiert.,die Rückkehr,B1.pdf
B1,rückwärts,,geriye doğru,,Sonstiges,Ich bin rückwärts aus der Garage gefahren.,rückwärts,B1.pdf
B1,Rücken,der,sırt,-,Nomen,Mir tut der Rücken weh.,"der Rücken, -",B1.pdf
B1,Rücksicht,die,"saygı, anlayış",-en,Nomen,Nehmen Sie bitte Rücksicht auf die anderen Gäste.,"die Rücksicht, -en",B1.pdf
B1,Rüebli,das,havuç,"- (CH) → Karotte, D: Möhre",Nomen,Hasen fressen gern Rüebli.,"das Rüebli, - (CH) → Karotte; D: Möhre",B1.pdf
B1,rufen,,"çağırmak, seslenmek","ruft, rief, hat gerufen",Verb,"1. Ich habe die Kinder gerufen, aber sie haben mich nicht gehört. 2. Wir haben sofort einen Arzt gerufen.","rufen, ruft, rief, hat gerufen",B1.pdf
B1,Rufnummer,die,telefon numarası,-n,Nomen,Wir möchten Sie gerne anrufen. Wie ist Ihre Rufnummer?,"die Rufnummer, -n",B1.pdf
B1,Ruhe,die,"sessizlik, huzur, dinlenme",,Nomen,"1. Ruhe, bitte! 2. Lass mich jetzt endlich in Ruhe! 3. Ich brauche meine Ruhe.",die Ruhe,B1.pdf
B1,ruhig,,sakin,,Sonstiges,1. Ich suche ein ruhiges Zimmer. 2. Nachts ist es hier in der Straße sehr ruhig. 3. Du kannst ruhig rauchen.,ruhig,B1.pdf
B1,rund,,yuvarlak; yaklaşık,,Sonstiges,1. Wir haben für unser Wohnzimmer einen runden Tisch gekauft. 2. Bis Berlin sind es noch rund 40 Kilometer.,rund,B1.pdf
B1,Runde,die,"tur, devir",-n,Nomen,1. Ich laufe jeden Tag fünf Runden im Park. 2. Wir müssen über die Probleme sprechen. Am besten mit allen in einer Runde.,"die Runde, -n",B1.pdf
B1,Rundfahrt,die,"tur, gezi",-en,Nomen,Am zweiten Tag haben wir eine Rundfahrt durch den Hafen gemacht.,"die Rundfahrt, -en",B1.pdf
B1,Saal,der,"salon, büyük salon",Säle,Nomen,Für unsere Familienfeier haben wir einen kleinen Saal gemietet.,"der Saal, Säle",B1.pdf
B1,Sache,die,"şey, eşya",-n,Nomen,1. Wir haben unsere Sachen im Hotel gelassen. 2. Er hat zum Geburtstag viele Sachen bekommen. 3. Das geht mich nichts an. Das ist Ihre Sache.,"die Sache, -n",B1.pdf
B1,Sack,der,"çuval, torba",¨-e,Nomen,1. Ich hätte gern einen Sack Kartoffeln. 2. Wo soll ich die Säcke mit dem Müll hinstellen?,"der Sack, ¨-e",B1.pdf
B1,Saft,der,meyve suyu,¨-e,Nomen,Ich trinke gern Apfelsaft.,"der Saft, ¨-e",B1.pdf
B1,sagen,,"söylemek, demek","sagt, sagte, hat gesagt",Verb,"1. Entschuldigung! Was haben Sie gesagt? 2. Können Sie mir bitte sagen, wo hier ein Geldautomat ist? 3. Wie sagt man „sorry“ auf Deutsch? 4. Sag mal, wie geht’s dir denn?","sagen, sagt, sagte, hat gesagt",B1.pdf
B1,(Schlag-)Sahne (D) → A: (Schlag-)Obers,die,"krema, çırpılmış krema",CH: (Schlag-)Rahm,Nomen,Ich hätte gern ein Stück Torte mit Sahne.,die (Schlag-)Sahne (D) → A: (Schlag-)Obers; CH: (Schlag-)Rahm,B1.pdf
B1,Saison,die,sezon,-s,Nomen,Urlaub in den Schulferien ist immer teurer. Das ist die Saison mit den höchsten Preisen.,"die Saison, -s",B1.pdf
B1,Salat,der,salata,-e,Nomen,Möchten Sie zum Fisch einen Salat?,"der Salat, -e",B1.pdf
B1,Salbe,die,merhem,-n,Nomen,Diese Salbe gibt es nur auf Rezept.,"die Salbe, -n",B1.pdf
B1,Salon,der,salon,-s,Nomen,Sie arbeitet als Friseurin in einem Salon.,"der Salon, -s",B1.pdf
B1,Salz,das,tuz,-e,Nomen,Gib mir bitte mal das Salz!,"das Salz, -e",B1.pdf
B1,salzig,,tuzlu,,Sonstiges,Dieses Essen ist zu salzig für mich.,salzig,B1.pdf
B1,sammeln,,"toplamak, biriktirmek","sammelt, sammelte, hat gesammelt",Verb,1. Mein Bruder sammelt Briefmarken. 2. Im Herbst sammeln wir im Wald Pilze.,"sammeln, sammelt, sammelte, hat gesammelt",B1.pdf
B1,sämtliche,,"bütün, tüm",,Sonstiges,Sämtliche Fenster müssen geschlossen bleiben.,sämtliche,B1.pdf
B1,Sand,der,kum,,Nomen,Die Kinder spielen gern im Sand.,der Sand,B1.pdf
B1,Sänger,der,şarkıcı,-,Nomen,Wie findest du diesen Sänger? − Ich finde seine Stimme toll.,"der Sänger, -",B1.pdf
B1,Sängerin,die,kadın şarkıcı,-nen,Nomen,Wie findest du diesen Sänger? − Ich finde seine Stimme toll.,"die Sängerin, -nen",B1.pdf
B1,satt,,"tok, doymuş",,Sonstiges,"Möchten Sie noch etwas? – Nein danke, ich bin satt.",satt,B1.pdf
B1,Satz,der,cümle,¨-e,Nomen,Den letzten Satz verstehe ich nicht.,"der Satz, ¨-e",B1.pdf
B1,sauber,,temiz,,Sonstiges,1. Bringen Sie mir bitte ein sauberes Glas! 2. Ich muss noch das Bad sauber machen.,sauber,B1.pdf
B1,sauer,,"ekşi; kızgın, sinirli",,Sonstiges,1. Die Äpfel sind mir zu sauer. 2. Die Milch ist sauer. 3. Immer kommst du zu spät. Ich bin wirklich sauer auf dich.,sauer,B1.pdf
B1,Schachtel,die,kutu,-n,Nomen,1. Ich hätte gern eine Schachtel Zigaretten. 2. Meiner Mutter schenke ich eine Schachtel Pralinen.,"die Schachtel, -n",B1.pdf
B1,schade,,yazık,,Sonstiges,"1. Ich kann leider nicht mitkommen. – Das ist aber schade! 2. Schade, dass du nicht mitkommen kannst.",schade,B1.pdf
B1,schaden,,zarar vermek,"schadet, schadete, hat geschadet",Verb,Ein kleines Glas Wein kann nicht schaden.,"schaden, schadet, schadete, hat geschadet",B1.pdf
B1,Schaden,der,"zarar, hasar",¨-,Nomen,Ich hatte einen Unfall mit dem Auto. Jetzt muss ich den Schaden der Versicherung melden.,"der Schaden, ¨-",B1.pdf
B1,schädlich,,zararlı,,Sonstiges,Rauchen ist schädlich für die Gesundheit.,schädlich,B1.pdf
B1,schaffen,,"başarmak, becermek","schafft, schaffte, hat geschafft",Verb,"Kannst du mir helfen, die Party vorzubereiten? Ich schaffe das nicht allein.","schaffen, schafft, schaffte, hat geschafft",B1.pdf
B1,schalten,,"açmak, kapatmak","schaltet, schaltete, hat geschaltet",Verb,"1. Schalten Sie bitte das Licht aus, wenn Sie gehen. 2. Kannst du bitte den Fernseher einschalten. Jetzt kommen gleich die Nachrichten. 3. Du musst jetzt in den ersten Gang schalten.","schalten, schaltet, schaltete, hat geschaltet",B1.pdf
B1,Schalter,der,gişe,,Nomen,- 1. Der Lichtschalter ist rechts neben der Tür. 2. Briefmarken bekommen Sie am Schalter 3.,"der Schalter,",B1.pdf
B1,scharf,,acı (baharatlı); keskin,,Sonstiges,1. Bei uns zu Hause essen wir immer sehr scharf. 2. Hast du kein schärferes Messer?,scharf,B1.pdf
B1,Schatten,der,gölge,-,Nomen,Gestern hatten wir 25 Grad im Schatten.,"der Schatten, -",B1.pdf
B1,schätzen,,"tahmin etmek, takdir etmek","schätzt, schätzte, hat geschätzt",Verb,"1. Wie alt ist der Chef? – Ich weiß nicht, ich schätze, um die Fünfzig. 2. Ich schätze deine gute Arbeit.","schätzen, schätzt, schätzte, hat geschätzt",B1.pdf
B1,schauen,,bakmak,"schaut, schaute, hat geschaut",Verb,Schau mal! Da vorne ist noch ein Platz frei.,"schauen, schaut, schaute, hat geschaut",B1.pdf
B1,zuschauen,,"seyretmek, izlemek",,Sonstiges,Möchtest du beim Fußballspiel zuschauen?,zuschauen,B1.pdf
B1,Schaufenster,das,vitrin,,Nomen,- Ich habe im Schaufenster eine schicke Bluse gesehen.,"das Schaufenster,",B1.pdf
B1,Schauspieler,der,"oyuncu, aktör",-,Nomen,Der Film war toll. Die Schauspieler waren sehr gut.,"der Schauspieler, -",B1.pdf
B1,Schauspielerin,die,"kadın oyuncu, aktris",-nen,Nomen,Der Film war toll. Die Schauspieler waren sehr gut.,"die Schauspielerin, -nen",B1.pdf
B1,Scheibe,die,"dilim, cam",-n,Nomen,"1. Fünf Scheiben Käse, bitte. 2. Die Scheiben sind ganz schmutzig. Ich muss die Fenster putzen.","die Scheibe, -n",B1.pdf
B1,sich scheiden lassen,,boşanmak,"lässt sich scheiden, ließ sich scheiden, hat sich scheiden lassen",Verb,Meine Nachbarn haben sich scheiden lassen.,"sich scheiden lassen, lässt sich scheiden, ließ sich scheiden, hat sich scheiden lassen",B1.pdf
B1,geschieden,,boşanmış,,Sonstiges,Meine Kollegin ist geschieden.,geschieden,B1.pdf
B1,Scheidung,die,boşanma,-en,Nomen,Wann war die Scheidung?,"die Scheidung, -en",B1.pdf
B1,Schein,der,banknot,-e,Nomen,1. Kannst du einen Schein in Kleingeld wechseln? 2. Hast du Kleingeld für den Automaten? Ich habe nur Scheine.,"der Schein, -e",B1.pdf
B1,scheinen,,"parlamak, görünmek","scheint, schien, hat geschienen",Verb,1. Gestern hat es geregnet. Heute scheint wieder die Sonne. 2. Mein Kollege scheint krank zu sein. Er war heute nicht im Büro.,"scheinen, scheint, schien, hat geschienen",B1.pdf
B1,schenken,,hediye etmek,"schenkt, schenkte, hat geschenkt",Verb,Wir wollen dir zum Geburtstag etwas schenken.,"schenken, schenkt, schenkte, hat geschenkt",B1.pdf
B1,Schere,die,makas,-n,Nomen,Die Schere hier schneidet schlecht. Hast du noch eine andere?,"die Schere, -n",B1.pdf
B1,schicken,,göndermek,"schickt, schickte, hat geschickt",Verb,1. Ich habe meinen Freunden eine Einladung zur Hochzeit geschickt. 2. Schick mir doch eine E-Mail. 3. Ich habe die Kinder einkaufen geschickt. Wir haben keine Milch mehr zu Hause.,"schicken, schickt, schickte, hat geschickt",B1.pdf
B1,schieben,,itmek,"schiebt, schob, hat geschoben",Verb,1. Leider ist mein Fahrrad kaputtgegangen. Ich musste es nach Hause schieben. 2. Wir können den Schrank links an die Wand schieben; dann haben wir mehr Platz.,"schieben, schiebt, schob, hat geschoben",B1.pdf
B1,schief,,"eğri, çarpık",,Sonstiges,Der Spiegel hängt ganz schief.,schief,B1.pdf
B1,schießen,,"ateş etmek, gol atmak","schießt, schoss, hat geschossen",Verb,Unsere Mannschaft hat ein Tor geschossen.,"schießen, schießt, schoss, hat geschossen",B1.pdf
B1,Schiff,das,gemi,-e,Nomen,Sind Sie mit dem Schiff oder mit dem Flugzeug gekommen?,"das Schiff, -e",B1.pdf
B1,Schild,das,"tabela, levha",-er,Nomen,"1. Kannst du lesen, was dort auf dem Schild steht? 2. Machen Sie bitte das Schild ab? Der Pullover ist ein Geschenk.","das Schild, -er",B1.pdf
B1,schimpfen,,"yakınmak, söylenmek; azarlamak","schimpft, schimpfte, hat geschimpft",Verb,"1. Der Arzt hat mit mir geschimpft, weil ich zu wenig Sport mache. 2. Alle schimpfen über/auf das Wetter.","schimpfen, schimpft, schimpfte, hat geschimpft",B1.pdf
B1,Schinken,der,jambon,-,Nomen,"Bitte, ein Brötchen mit Schinken.","der Schinken, -",B1.pdf
B1,Schirm,der,şemsiye,"-e schlafen, schläft, schlief, hat geschlafen",Nomen,"Es regnet. Hast du einen Schirm dabei? 1. Haben Sie gut geschlafen? 2. Wenn Sie mal nach München kommen, können Sie bei uns schlafen.","der Schirm, -e schlafen, schläft, schlief, hat geschlafen",B1.pdf
B1,Schlaf,der,uyku,,Nomen,1. Das Kind macht jeden Tag nach dem Mittagessen einen kurzen Schlaf. 2. Genügend Schlaf ist wichtig für die Gesundheit.,der Schlaf,B1.pdf
B1,schlagen,,"vurmak, yenmek, çakmak","schlägt, schlug, hat geschlagen",Verb,1. Wer hat den Weltmeister geschlagen? 2. Ich muss einen Nagel in die Wand schlagen. Wo ist der Hammer? 3. Das Herz schlug mir bis zum Hals.,"schlagen, schlägt, schlug, hat geschlagen",B1.pdf
B1,der/das (Schlag-)Obers (A) → D: (Schlag-)Sahne,,"krema, çırpılmış krema",CH: (Schlag-)Rahm,Sonstiges,Ich hätte gern ein Stück Torte mit Schlagobers.,der/das (Schlag-)Obers (A) → D: (Schlag-)Sahne; CH: (Schlag-)Rahm,B1.pdf
B1,Schlange,die,"yılan, kuyruk",-n,Nomen,Auf der Post gibt es immer eine lange (Warte-)Schlange.,"die Schlange, -n",B1.pdf
B1,schlank,,"ince, zayıf",,Sonstiges,In diesem Kleid siehst du sehr schlank aus.,schlank,B1.pdf
B1,schlecht,,"kötü, fena",,Sonstiges,1. Das Wetter ist schlecht. 2. Du siehst aber schlecht aus. Bist du krank? 3. Es geht mir schlecht. Ich habe Fieber. 4. Ich habe zu viel gegessen. Jetzt ist mir schlecht. 5. Hier ist schlechte Luft. Mach bitte das Fenster auf. 6. Stell die Milch in den Kühlschrank. Sonst wird sie schlecht. 7. Die Bezahlung in dieser Firma ist schlecht. 8. Die Verbindung ist schlecht. Ich höre dich nicht gut. 9. Der Film war nicht schlecht. Er hat mir ganz gut gefallen.,schlecht,B1.pdf
B1,schließen,,kapatmak,"schließt, schloss, hat geschlossen",Verb,"1. Bitte, schließen Sie die Tür. 2. Die Tür schließt automatisch. 3. Die Banken sind am Samstag geschlossen. 4. Wir schließen um 20.00 Uhr. 5. Wann können wir den Mietvertrag abschließen? 6. Ich hatte die Papiere in den Schreibtisch eingeschlossen.","schließen, schließt, schloss, hat geschlossen",B1.pdf
B1,schließlich,,"sonunda, nihayet",,Sonstiges,7. Du kannst die Datei schließen. Ich bin fertig. 8. Sie mussten die Firma leider schließen. 1. Ich musste lange warten. Aber schließlich habe ich den Job doch noch bekommen. 2. Ich helfe dir natürlich. Du bist schließlich mein Freund.,schließlich,B1.pdf
B1,schlimm,,"kötü, ciddi",,Sonstiges,1. Die Wunde sieht schlimm aus. 2. Keine Angst. Das ist nicht so schlimm.,schlimm,B1.pdf
B1,Schloss,das,"şato, kale; kilit",¨-er,Nomen,1. An unserer Wohnungstür ist das Schloss kaputt. 2. Wir haben am Wochenende ein Schloss besichtigt.,"das Schloss, ¨-er",B1.pdf
B1,Schluss,der,"son, bitiş",,Nomen,1. Ich muss jetzt Schluss machen. Es klingelt an der Tür. 2. Zum Schluss nochmals herzlichen Dank.,der Schluss,B1.pdf
B1,Schlüssel,der,anahtar,-,Nomen,Ich kann meine Schlüssel nicht finden.,"der Schlüssel, -",B1.pdf
B1,schmal,,dar,,Sonstiges,Hier kannst du nicht parken. Die Straße ist zu schmal.,schmal,B1.pdf
B1,schmecken,,"tadı olmak, lezzetli olmak","schmeckt, schmeckte, hat geschmeckt",Verb,1. Hat es Ihnen geschmeckt? 2. Die Suppe schmeckt nach Knoblauch.,"schmecken, schmeckt, schmeckte, hat geschmeckt",B1.pdf
B1,Schmerz,der,"ağrı, acı",-en,Nomen,1. Haben Sie Schmerzen? 2. Ich kann vor Schmerzen nicht laufen.,"der Schmerz, -en",B1.pdf
B1,Schmerzmittel,das,ağrı kesici,,Nomen,- Sie haben Zahnschmerzen? Ich verschreibe Ihnen ein Schmerzmittel.,"das Schmerzmittel,",B1.pdf
B1,schminken,,makyaj yapmak,"schminkt, schminkte, hat geschminkt",Verb,Du bist heute sehr schön geschminkt.,"schminken, schminkt, schminkte, hat geschminkt",B1.pdf
B1,Schmuck,der,"takı, mücevher",,Nomen,Dieser Schmuck ist von meiner Großmutter.,der Schmuck,B1.pdf
B1,Schmutz,der,"kir, pislik",,Nomen,Du hast Schmutz an deinen Schuhen.,der Schmutz,B1.pdf
B1,schmutzig,,kirli,,Sonstiges,1. Leg bitte die schmutzige Wäsche in die Waschmaschine. 2. Das Handtuch ist schmutzig.,schmutzig,B1.pdf
B1,verschmutzen,,kirletmek,"verschmutzt, verschmutzte, hat verschmutzt",Verb,Die Fabrik verschmutzt den Fluss.,"verschmutzen, verschmutzt, verschmutzte, hat verschmutzt",B1.pdf
B1,Schnee,der,kar,,Nomen,Im Februar gibt es oft viel Schnee.,der Schnee,B1.pdf
B1,schneien,,kar yağmak,"es schneit, es schneite, es hat geschneit",Verb,Heute Nacht hat es geschneit.,"schneien, es schneit, es schneite, es hat geschneit",B1.pdf
B1,sich schneiden,,"kendini kesmek, kesmek","schneidet, schnitt, hat geschnitten",Verb,1. Das Messer schneidet nicht. 2. Hast du ein Pflaster? Ich habe mich geschnitten.,"(sich) schneiden, schneidet, schnitt, hat geschnitten",B1.pdf
B1,schnell,,"hızlı, çabuk",,Sonstiges,"3. Wann lässt du deine Haare schneiden? 1. Warum fährst du so schnell? 2. Bitte sagen Sie mir so schnell wie möglich Bescheid. 3. Ich bin gleich fertig, ich muss nur noch schnell telefonieren.",schnell,B1.pdf
B1,Schnitzel,das,şnitzel,-,Nomen,Bitte ein Schnitzel mit Kartoffeln und Salat.,"das Schnitzel, -",B1.pdf
B1,Schnupfen,der,nezle,,Nomen,Ich habe Schnupfen. Welches Medikament empfehlen Sie?,der Schnupfen,B1.pdf
B1,Schokolade,die,çikolata,,Nomen,1. Ich habe eine Tafel Schokolade gegessen. 2. Bringen Sie mir bitte eine Tasse heiße Schokolade.,die Schokolade,B1.pdf
B1,schon,,"zaten, bile",,Sonstiges,"1. Ist das Essen schon fertig? 2. Mirko ist erst fünf. Aber er kann schon lesen. 3. Karl ist schon über 60. Aber er ist noch sehr fit. 4. Mach schon, ich kann nicht länger warten. 5. Keine Sorge. Es wird schon klappen. 6. Kommst du mit spazieren? – Ich hätte schon Lust, aber ich muss arbeiten. 7. Ich mag keine Kartoffeln. Und du? – Ich schon.",schon,B1.pdf
B1,schön,,güzel,,Sonstiges,"1. Ich finde eure Wohnung sehr schön. 2. Es ist schön heute. 3. Wir wünschen Ihnen einen schönen Aufenthalt in Kiel. 4. Schöne Grüße von Herrn Meier. 5. Möchten Sie noch eine Tasse Kaffee? – Nein, danke schön. 6. Schön, dass du kommst. 7. Ich muss noch arbeiten. – Schön, dann bleiben wir zu Hause.",schön,B1.pdf
B1,Schrank,der,dolap,"¨-e (D, CH) → A, CH: Kasten",Nomen,Die Handtücher liegen im Schrank.,"der Schrank, ¨-e (D, CH) → A, CH: Kasten",B1.pdf
B1,Schreck(en),der,"korku, dehşet",,Nomen,Ich habe einen großen Schreck bekommen.,der Schreck(en),B1.pdf
B1,schrecklich,,"korkunç, berbat",,Sonstiges,1. Heute ist eine schreckliche Hitze. 2. Das Restaurant war schrecklich voll. 3. Ich finde dieses Kleid schrecklich. 4. Auf der Autobahn ist ein schrecklicher Unfall passiert.,schrecklich,B1.pdf
B1,schreiben,,yazmak,"schreibt, schrieb, hat geschrieben",Verb,1. Ich habe dir einen Brief geschrieben. 2. Ich schreibe dir eine E-Mail. 3. Mein Kugelschreiber schreibt nicht mehr.,"schreiben, schreibt, schrieb, hat geschrieben",B1.pdf
B1,aufschreiben,,"yazmak, not almak",,Sonstiges,Ich habe mir deine Telefonnummer aufgeschrieben.,aufschreiben,B1.pdf
B1,Schreiben,das,"yazı, mektup",,Nomen,- Haben Sie mein Schreiben vom 3. März erhalten?,"das Schreiben,",B1.pdf
B1,schreien,,"bağırmak, çığlık atmak","schreit, schrie, hat geschrien",Verb,"1. Kinder, hört bitte auf, so laut zu schreien. – Ich muss arbeiten. 2. Unser Baby hat heute Nacht viel geschrien.","schreien, schreit, schrie, hat geschrien",B1.pdf
B1,Schrift,die,yazı,-en,Nomen,Ich kann leider deine Schrift nicht lesen.,"die Schrift, -en",B1.pdf
B1,schriftlich,,yazılı,,Sonstiges,1. Die schriftliche Prüfung dauert einen halben Tag. 2. Wir brauchen von Ihnen eine schriftliche Bestätigung. 3. Sie müssen sich schriftlich anmelden.,schriftlich,B1.pdf
B1,Schriftsteller,der,yazar,"die Schriftstellerin, -nen",Nomen,- Kennst du diese Schriftstellerin? Ich liebe ihre Bücher.,"der Schriftsteller, die Schriftstellerin, -nen",B1.pdf
B1,Schritt,der,adım,-e,Nomen,1. Die Sprachschule ist nur ein paar Schritte von hier. 2. Du musst der Anleitung Schritt für Schritt folgen.,"der Schritt, -e",B1.pdf
B1,Schuh,der,ayakkabı,-e,Nomen,Die neuen Schuhe sind mir zu eng.,"der Schuh, -e",B1.pdf
B1,Schuld,die,"suç, kabahat, kusur",,Nomen,"Es ist nicht meine Schuld, dass das nicht geklappt hat.",die Schuld,B1.pdf
B1,schuld,,"suçlu, kabahatli",,Sonstiges,Ich hatte einen Unfall. Aber ich war nicht schuld.,schuld,B1.pdf
B1,Schulden,die,borçlar,(Pl.),Nomen,Jetzt habe ich alle meine Schulden bezahlt.,die Schulden (Pl.),B1.pdf
B1,schuldig,,"borçlu, suçlu",,Sonstiges,"Was bin ich Ihnen schuldig? – 50 Euro, bitte.",schuldig,B1.pdf
B1,Schule,die,okul,-n,Nomen,1. Meine Tochter geht schon in die Schule. 2. Nächste Woche fängt die Schule wieder an. 3. Die Schule ist gleich hier um die Ecke.,"die Schule, -n",B1.pdf
B1,Schularbeit,die,"sınav, yazılı sınav",-en (A) → D: Klassenarbeit,Nomen,Mein Sohn schreibt bei Schularbeiten immer gute Noten.,"die Schularbeit, -en (A) → D: Klassenarbeit",B1.pdf
B1,Schüler,der,öğrenci,"die Schülerin, -nen",Nomen,- In der Klasse sind 25 Schülerinnen.,"der Schüler, die Schülerin, -nen",B1.pdf
B1,Schulter,die,omuz,-n,Nomen,Ich habe Schmerzen in der rechten Schulter.,"die Schulter, -n",B1.pdf
B1,Schüssel,die,"kase, çanak",-n,Nomen,Gibst du mir bitte eine Schüssel für den Salat?,"die Schüssel, -n",B1.pdf
B1,schütteln,,"sallamak, çalkalamak","schüttelt, schüttelte, hat geschüttelt",Verb,Die Flasche muss man vor dem Öffnen schütteln.,"schütteln, schüttelt, schüttelte, hat geschüttelt",B1.pdf
B1,schützen,,korumak,"schützt, schützte, hat geschützt",Verb,Diese Impfung schützt vor Grippe.,"schützen, schützt, schützte, hat geschützt",B1.pdf
B1,Schutz,der,koruma,,Nomen,1. Das ist ein guter Schutz gegen Kälte. 2. Alle reden heute über den Schutz der Umwelt.,der Schutz,B1.pdf
B1,schwach,,"zayıf, güçsüz",,Sonstiges,1. Ich bin noch nicht gesund. Ich fühle mich noch sehr schwach. 2. Die Tabletten sind zu schwach. Sie helfen nicht.,schwach,B1.pdf
B1,Schwammerl,das,mantar,-n (A) → Pilz schwanger,Nomen,Haben Sie frische Schwammerln? Meine Frau ist im dritten Monat schwanger.,"das Schwammerl, -n (A) → Pilz schwanger",B1.pdf
B1,Schwangerschaft,die,hamilelik,-en,Nomen,Sie dürfen während der Schwangerschaft nicht rauchen.,"die Schwangerschaft, -en",B1.pdf
B1,schweigen,,susmak,"schweigt, schwieg, hat geschwiegen",Verb,"Sie sprach viel, aber ihr Mann schwieg den ganzen Abend lang.","schweigen, schweigt, schwieg, hat geschwiegen",B1.pdf
B1,schwer,,"zor, ağır",,Sonstiges,1. Der Koffer ist viel zu schwer. 2. Die Prüfung war schwer. 3. Das ist eine schwere Arbeit. 4. Dieses Wort ist schwer zu erklären.,schwer,B1.pdf
B1,Schwester,die,kız kardeş,-n,Nomen,1. Ich habe eine ältere Schwester und einen jüngeren Bruder. 2. Schwester Anna hat mir eine Schmerztablette gegeben.,"die Schwester, -n",B1.pdf
B1,Schwieger-,,kayın-,,Sonstiges,1. Wir besuchen morgen meine Schwiegereltern. 2. Mein Schwiegervater ist Lehrer. 3. Ich verstehe mich gut mit meiner Schwiegertochter.,Schwieger-,B1.pdf
B1,schwierig,,zor,,Sonstiges,Die Prüfung war sehr schwierig.,schwierig,B1.pdf
B1,Schwierigkeit,die,"zorluk, güçlük",-en,Nomen,Ich hatte große Schwierigkeiten einen Parkplatz zu bekommen.,"die Schwierigkeit, -en",B1.pdf
B1,schwimmen,,yüzmek,"schwimmt, schwamm, ist geschwommen",Verb,1. Ich gehe regelmäßig schwimmen. 2. Kannst du schwimmen?,"schwimmen, schwimmt, schwamm, ist geschwommen",B1.pdf
B1,Schwimmbad,das,yüzme havuzu,¨-er,Nomen,Kommst du mit ins Schwimmbad?,"das Schwimmbad, ¨-er",B1.pdf
B1,schwitzen,,terlemek,"schwitzt, schwitzte, hat geschwitzt",Verb,Es war sehr heiß. Wir haben alle sehr geschwitzt.,"schwitzen, schwitzt, schwitzte, hat geschwitzt",B1.pdf
B1,See,der,göl,-n,Nomen,Unser Hotel war direkt am See.,"der See, -n",B1.pdf
B1,See,die,deniz,,Nomen,Im Sommer fahren wir immer an die See.,die See,B1.pdf
B1,Nord-/Ostsee,die,"deniz, Kuzey Denizi/Baltık Denizi",,Nomen,Im Sommer fahren wir immer an die See.,die Nord-/Ostsee,B1.pdf
B1,sehen,,görmek,"sieht, sah, hat gesehen",Verb,Warst du schon mal an der Nord/Ostsee? 1. Ich sehe nicht gut. Ich brauche eine Brille. 2. Ich habe einen schönen Film gesehen. 3. Wir haben uns lange nicht gesehen. 4. Darf ich mal Ihren Ausweis sehen?,"sehen, sieht, sah, hat gesehen",B1.pdf
B1,Sehenswürdigkeit,die,"görülmeye değer yer, turistik yer",-en,Nomen,"5. Sieh mal! Es schneit. 6. Ich komme gleich wieder, ich muss mal schnell nach dem Essen sehen. 7. Was machst du im Urlaub? – Ich weiß noch nicht. Mal sehen. 9. Du siehst deiner Mutter sehr ähnlich. Welche Sehenswürdigkeiten gibt es hier?","die Sehenswürdigkeit, -en",B1.pdf
B1,sehr,,çok,,Sonstiges,1. Ich habe mich sehr über Ihren Besuch gefreut. 2. Hier ist Ihr Essen. - Danke sehr. 3. Das Wetter ist heute sehr schön.,sehr,B1.pdf
B1,Seife,die,sabun,-n,Nomen,Hier gibt es keine Seife.,"die Seife, -n",B1.pdf
B1,sein,,olmak,"ist, war, ist gewesen",Verb,1. Ich bin Mechaniker. 2. Das sind meine Kollegen. 3. Ich bin müde. 4. Das Auto ist jetzt fünfzehn Jahre alt. 5. Heute ist Montag. 6. Der Termin beim Zahnarzt ist erst übermorgen. 7. Um 11 Uhr ist Pause. 8. Herr Müller ist in seinem Zimmer. 9. Das Auto ist mir zu teuer. 10.Das ist schwer zu verstehen. 11. Mir ist kalt. 12.Mit Präposition wie: Das Licht ist an/aus.,"sein, ist, war, ist gewesen",B1.pdf
B1,seit,,-den beri,,Sonstiges,"1. Wir wohnen seit dem 1. März in Dortmund. 2. Seit ich in Deutschland wohne, lerne ich Deutsch.",seit,B1.pdf
B1,seitdem,,o zamandan beri,,Sonstiges,Ich bin vor zwei Jahren nach Deutschland gekommen. Seitdem lerne ich Deutsch.,seitdem,B1.pdf
B1,Seite,die,sayfa,-n,Nomen,1. Das hier ist die Goethestraße. Ich wohne auf der linken Seite. 2. Der Text steht auf Seite 20.,"die Seite, -n",B1.pdf
B1,Sekretär,der,sekreter,-e,Nomen,Der neue Sekretär hat sich gestern vorgestellt.,"der Sekretär, -e",B1.pdf
B1,Sekretärin,die,sekreter,-nen,Nomen,Der neue Sekretär hat sich gestern vorgestellt.,"die Sekretärin, -nen",B1.pdf
B1,selb-,,aynı,,Sonstiges,Ich habe am selben Tag Geburtstag wie du.,selb-,B1.pdf
B1,selbst,,"kendisi, kendi",,Sonstiges,Den Kuchen habe ich selbst gebacken.,selbst,B1.pdf
B1,selber,,"kendisi, bizzat",,Sonstiges,Sie will das selber machen.,selber,B1.pdf
B1,selbstständig,,"bağımsız, serbest meslek sahibi",,Sonstiges,"1. Jetzt bin ich angestellt. Früher war ich selbstständig. 2. Wir suchen eine Sekretärin, die selbstständig arbeiten kann.",selbstständig,B1.pdf
B1,selbstverständlich,,"tabii ki, kuşkusuz",,Sonstiges,Selbstverständlich sagen wir Ihnen sofort Bescheid.,selbstverständlich,B1.pdf
B1,selten,,"nadiren, seyrek",,Sonstiges,Ich gehe ganz selten ins Kino.,selten,B1.pdf
B1,seltsam,,"garip, tuhaf",,Sonstiges,"1. Es ist seltsam, dass mein Bruder noch nicht hier ist. 2. Sie hörte ein seltsames Geräusch.",seltsam,B1.pdf
B1,Semester,das,"dönem, sömestr",-,Nomen,Mein Neffe studiert im 7. Semester Medizin.,"das Semester, -",B1.pdf
B1,Seminar,das,seminer,-e,Nomen,Ich möchte dieses Seminar unbedingt besuchen.,"das Seminar, -e",B1.pdf
B1,Semmel,die,"küçük ekmek, sandviç ekmeği","-n (A) D: Brötchen, CH: Brötli",Nomen,Ich hole schnell ein paar Semmeln zum Frühstück.,"die Semmel, -n (A) D: Brötchen; CH: Brötli",B1.pdf
B1,senden,,göndermek,"sendet, sendete/sandte, hat gesendet/gesandt",Verb,1. Bitte senden Sie uns die Unterlagen per E-Mail. 2. Können Sie uns die Post bitte nachsenden?,"senden, sendet, sendete/sandte, hat gesendet/gesandt",B1.pdf
B1,Sender,der,"kanal, yayın istasyonu",,Nomen,- 1. Welchen Sender siehst du am liebsten? 2. Ich höre im Radio am liebsten Sender mit moderner Musik.,"der Sender,",B1.pdf
B1,Sendung,die,"yayın, program",-en,Nomen,1. Wir wiederholen die Sendung am 11. Mai. 2. Ich warte auf eine Postsendung.,"die Sendung, -en",B1.pdf
B1,Senioren,die,yaşlılar,(Pl.),Nomen,Dieser Computerkurs ist für Senioren.,die Senioren (Pl.),B1.pdf
B1,senkrecht,,dikey,,Sonstiges,Ziehen Sie bitte eine senkrechte Linie.,senkrecht,B1.pdf
B1,Serie,die,dizi,-n,Nomen,"Meine Tochter liebt es, im Fernsehen Serien zu schauen.","die Serie, -n",B1.pdf
B1,Service,der,"hizmet, servis",,Nomen,1. Rufst du beim Pizza-Service an? 2. Ich war mit dem Service in der Werkstatt nicht zufrieden.,der Service,B1.pdf
B1,Serviceangestellte,der,"servis görevlisi, garson","-n / die Serviceangestellte, - n (CH) → Kellner, D, A: Ober",Nomen,Ich bin Serviceangestellte von Beruf.,"der Serviceangestellte, -n / die Serviceangestellte, - n (CH) → Kellner; D, A: Ober",B1.pdf
B1,Sessel,der,koltuk,"- (D, CH) → A, CH: Fauteuil",Nomen,Ich hätte gern einen bequemen Sessel.,"der Sessel, - (D, CH) → A, CH: Fauteuil",B1.pdf
B1,Sessel,der,koltuk,"- (A) → D, CH: Stuhl",Nomen,Da hinten ist noch ein Sessel frei.,"der Sessel, - (A) → D, CH: Stuhl",B1.pdf
B1,sich setzen,,oturmak,"setzt, setzte, hat gesetzt",Verb,"1. Darf ich mich zu Ihnen setzen? 2. Bitte setzen Sie sich, wohin Sie wollen!","(sich) setzen, setzt, setzte, hat gesetzt",B1.pdf
B1,sicher,,"emin, kesin, güvenli",,Sonstiges,"1. Dieses Auto ist besonders sicher. 2. Bist du sicher, dass die Bank heute geöffnet ist? 3. Das weiß ich ganz sicher. 4. Du bist jetzt sicher müde.",sicher,B1.pdf
B1,Sicherheit,die,güvenlik,-en,Nomen,Sicherheit ist für mich sehr wichtig.,"die Sicherheit, -en",B1.pdf
B1,sichern,,"yedeklemek, güvence altına almak","sichert, sicherte, hat gesichert",Verb,Du musst immer alle Daten im Computer sichern.,"sichern, sichert, sicherte, hat gesichert",B1.pdf
B1,sichtbar,,görünür,,Sonstiges,Es gibt keine sichtbaren Verletzungen. Aber wir müssen das Bein trotzdem untersuchen.,sichtbar,B1.pdf
B1,siegen,,"kazanmak, galip gelmek","siegt, siegte, hat gesiegt",Verb,Die Mannschaft siegte mit 2:0.,"siegen, siegt, siegte, hat gesiegt",B1.pdf
B1,Sieg,der,"zafer, galibiyet",-e,Nomen,Unsere Mannschaft hat gewonnen. Wir freuen uns über den Sieg.,"der Sieg, -e",B1.pdf
B1,Sieger,der,"kazanan, galip","die Siegerin, -nen",Nomen,- Wer hat gewonnen? Wie heißt die Siegerin?,"der Sieger, die Siegerin, -nen",B1.pdf
B1,sich siezen,,"resmi hitap etmek, siz demek","siezt, siezte, hat gesiezt",Verb,"Obwohl sie sich schon lange kennen, siezen sie sich.","(sich) siezen, siezt, siezte, hat gesiezt",B1.pdf
B1,singen,,şarkı söylemek,"singt, sang, hat gesungen",Verb,"1. Ich singe gern. 2. Ich kann heute nicht singen, ich bin erkältet.","singen, singt, sang, hat gesungen",B1.pdf
B1,sinken,,"batmak, düşmek, azalmak","sinkt, sank, ist gesunken",Verb,1. Das Schiff ist vor der Küste gesunken. 2. Der Preis ist um 3 % gesunken.,"sinken, sinkt, sank, ist gesunken",B1.pdf
B1,Sinn,der,anlam,,Nomen,"Es hat keinen Sinn, noch ein Spiel zu beginnen. Es ist schon spät.",der Sinn,B1.pdf
B1,sinnlos,,anlamsız,,Sonstiges,So ein sinnloses Buch habe ich schon lange nicht mehr gelesen.,sinnlos,B1.pdf
B1,sinnvoll,,"anlamlı, mantıklı",,Sonstiges,"Es funktioniert einfach nicht. Es ist sinnvoll, es noch einmal zu versuchen.",sinnvoll,B1.pdf
B1,Situation,die,durum,-en,Nomen,Ich bin in einer schwierigen Situation.,"die Situation, -en",B1.pdf
B1,sitzen,,oturmak,"sitzt, saß, hat/ist gesessen",Verb,1. Wo möchten Sie sitzen? – Bitte ganz hinten. 2. Die Jacke sitzt sehr gut.,"sitzen, sitzt, saß, hat/ist gesessen",B1.pdf
B1,Sitz,der,"koltuk, oturak",-e,Nomen,Ich suche für meinen Sohn einen Sitz fürs Auto. Erst ist erst drei Jahre alt.,"der Sitz, -e",B1.pdf
B1,Ski/Schi,der,kayak,-er/-,Nomen,1. Gehen wir am Wochenende Ski laufen? 2. Das sind aber schöne Skier!,"der Ski/Schi, -er/-",B1.pdf
B1,so,,"böyle, bu kadar, o kadar",,Sonstiges,"1. Wie macht man das? – So! 2. Sie müssen das so machen. Nicht so! 3. Sie sind auch hier! So ein Zufall! 4. Ich melde mich, so schnell ich kann. 5. Wann treffen wir uns? – So gegen 10 Uhr. Ist dir das recht? 6. Dauert es lange? – Eine Stunde oder so kann es schon dauern. 7. Ich hatte kein Geld dabei. Da haben sie mich so hineingelassen. 8. So, jetzt bin ich fertig. Was machen wir jetzt? 9. Fahren Sie bitte nicht so schnell! 10.Meine Frau ist so groß wie ich. 11. Was macht ihr denn so?",so,B1.pdf
B1,sobald,,"-er -mez, hemen",,Sonstiges,"Sobald ich den Termin weiß, gebe ich Ihnen Bescheid.",sobald,B1.pdf
B1,Socke,die,çorap,-n,Nomen,Im Winter brauche ich warme Socken.,"die Socke, -n",B1.pdf
B1,sodass,,"böylece, bu yüzden",,Sonstiges,"Der Zug hatte zwei Stunden Verspätung, sodass ich erst um 23 Uhr nach Hause kam.",sodass,B1.pdf
B1,Sofa,das,kanepe,-s,Nomen,Wir hätten gern ein modernes Sofa.,"das Sofa, -s",B1.pdf
B1,sofort,,"hemen, derhal",,Sonstiges,1. Warum sind Sie nicht sofort zum Arzt gegangen? 2. Karten für das Konzert bekommen Sie ab sofort im Kartenbüro.,sofort,B1.pdf
B1,sogenannt-,,"sözde, denilen",,Sonstiges,"1. Studenten, die lange studieren, sind sogenannte Langzeitstudierende. 2. Wo bleiben denn deine sogenannten Freunde?",sogenannt-,B1.pdf
B1,sogar,,hatta,,Sonstiges,Auf dem Berg war es so kalt. Es hat sogar geschneit.,sogar,B1.pdf
B1,Sohn,der,oğul,¨-e,Nomen,Mein jüngster Sohn ist vier.,"der Sohn, ¨-e",B1.pdf
B1,solange,,-dığı sürece,,Sonstiges,"Solange Sie Fieber haben, dürfen Sie auf keinen Fall arbeiten gehen.",solange,B1.pdf
B1,solch-,,"böyle, bu tür",,Sonstiges,Solche Schuhe finde ich toll.,solch-,B1.pdf
B1,sollen,,"gerekmek, -meli","soll, sollte, hat gesollt (hat sollen als Modalverb)",Verb,"1. Wann soll ich kommen? 2. Ich habe im Radio gehört, es soll morgen regnen. 3. Sollten Sie mit dem Vorschlag nicht einverstanden sein, rufen Sie mich an.","sollen, soll, sollte, hat gesollt (hat sollen als Modalverb)",B1.pdf
B1,Sonderdas Sonderangebot,,"özel teklif, indirim",-e,Sonstiges,Das ist ein Sonderangebot: 25 % reduziert.,"Sonderdas Sonderangebot, -e",B1.pdf
B1,sondern,,"aksine, tersine",,Sonstiges,"Unser Besuch kommt nicht heute, sondern morgen.",sondern,B1.pdf
B1,Sonne,die,güneş,,Nomen,1. Das Wetter ist schön. Die Sonne scheint. 2. Ich habe zu lange in der Sonne gelegen.,die Sonne,B1.pdf
B1,sonnig,,güneşli,,Sonstiges,Das Wetter morgen: sonnig und warm.,sonnig,B1.pdf
B1,sonst,,"yoksa, aksi takdirde",,Sonstiges,"1. Haben sie sonst noch einen Wunsch? – Nein, danke. Das ist alles. 2. Wir müssen jetzt gehen, sonst wird es zu spät. 3. Heute ist der Chef nicht mehr da. Sonst ist er um diese Zeit immer im Büro.",sonst,B1.pdf
B1,sorgen,,"bakmak, ilgilenmek, sağlamak","sorgt, sorgte, hat gesorgt",Verb,"1. Wer sorgt denn für die Kinder? 2. Können Sie bitte dafür sorgen, dass die Heizung funktioniert?","sorgen, sorgt, sorgte, hat gesorgt",B1.pdf
B1,Sorge,die,"endişe, kaygı",-n,Nomen,Um Ihre Zukunft brauchen Sie sich keine Sorgen zu machen.,"die Sorge, -n",B1.pdf
B1,Soße/Sauce,die,sos,-n,Nomen,Gibst du mir bitte mal die Soße?,"die Soße/Sauce, -n",B1.pdf
B1,Souvenir,das,hediyelik eşya,-s,Nomen,Ich habe ein paar Souvenirs aus dem Urlaub mitgebracht.,"das Souvenir, -s",B1.pdf
B1,soviel,,bildiğim kadarıyla,,Sonstiges,"Soviel ich weiß, hat dieses Restaurant heute Ruhetag.",soviel,B1.pdf
B1,so viel/so viel wie,,"o kadar çok, kadar",,Sonstiges,1. Ich habe so viel gegessen. Jetzt ist mir schlecht. 2. Ich verdiene nur halb so viel wie er.,so viel/so viel wie,B1.pdf
B1,sowieso,,"zaten, nasıl olsa",,Sonstiges,Willst du mir den Brief mitgeben? Ich gehe sowieso zur Post.,sowieso,B1.pdf
B1,sowohl … als auch,,hem ... hem de,,Sonstiges,Sowohl Sie als auch Ihre Frau müssen unterschreiben.,sowohl … als auch,B1.pdf
B1,sozial,,"sosyal, toplumsal",,Sonstiges,1. Das System ist nicht sozial. 2. Es gibt viele soziale Probleme.,sozial,B1.pdf
B1,Sozialarbeiter,der,"sosyal hizmet uzmanı, sosyal çalışmacı","die Sozialarbeiterin, -nen",Nomen,- Die Sozialarbeiterin kommt einmal in der Woche.,"der Sozialarbeiter, die Sozialarbeiterin, -nen",B1.pdf
B1,spannend,,"heyecanlı, gerilimli",,Sonstiges,Das Spiel war spannend bis zur letzten Minute.,spannend,B1.pdf
B1,sparen,,"tasarruf etmek, biriktirmek","spart, sparte, hat gespart",Verb,"1. Ein Auto ist mir zu teuer, ich muss sparen. 2. Um Strom zu sparen, schalten wir die Heizung nachts aus.","sparen, spart, sparte, hat gespart",B1.pdf
B1,sparsam,,"tutumlu, ekonomik",,Sonstiges,1. Wir haben fünf Kinder. Wir müssen sehr sparsam sein. 2. Mein Auto ist sehr sparsam. Es verbraucht nur 5 Liter auf 100 km.,sparsam,B1.pdf
B1,Spaß,der,"eğlence, zevk",,Nomen,1. Meine Arbeit macht mir viel Spaß. 2. Viel Spaß bei der Party!,der Spaß,B1.pdf
B1,spät,,geç,,Sonstiges,"1. Wie spät ist es? 2. Es ist schon spät, ich muss gehen. 3. Ich muss mich beeilen. Sonst komme ich zu spät. 4. Sonntags stehen wir immer spät auf. 5. Am späten Nachmittag ist der Verkehr besonders stark. 6. Können Sie später noch mal anrufen? 7. Was willst du denn später mal werden?",spät,B1.pdf
B1,spätestens,,en geç,,Sonstiges,Ich muss spätestens um 9 Uhr bei der Arbeit sein.,spätestens,B1.pdf
B1,spazieren gehen,,yürüyüşe çıkmak,"geht spazieren, ging spazieren, ist spazieren gegangen",Verb,Wir gehen sonntags immer spazieren.,"spazieren gehen, geht spazieren, ging spazieren, ist spazieren gegangen",B1.pdf
B1,Spaziergang,der,yürüyüş,¨-e,Nomen,Abends mache ich oft einen Spaziergang durch das Viertel.,"der Spaziergang, ¨-e",B1.pdf
B1,speichern,,kaydetmek,"speichert, speicherte, hat gespeichert",Verb,Sie müssen die Datei speichern.,"speichern, speichert, speicherte, hat gespeichert",B1.pdf
B1,Speise-/-speise,,yemek,-n,Sonstiges,"Als Vorspeise nehme ich eine Suppe, aber dafür nehme ich keine Nachspeise. (D, A)","Speise-/-speise, -n",B1.pdf
B1,Speisekarte,die,"yemek listesi, menü",-n,Nomen,"Bitte, die Speisekarte.","die Speisekarte, -n",B1.pdf
B1,Speisewagen,der,yemekli vagon,Spezial-,Nomen,- Wo ist der Speisewagen? Ich brauche eine Spezialpflege für trockenes Haar.,"der Speisewagen, Spezial-",B1.pdf
B1,Spezialist,der,uzman,-en,Nomen,Mein Arzt hat mich zur Spezialistin geschickt.,"der Spezialist, -en",B1.pdf
B1,Spezialistin,die,uzman,-nen,Nomen,Mein Arzt hat mich zur Spezialistin geschickt.,"die Spezialistin, -nen",B1.pdf
B1,speziell,,özel,,Sonstiges,Ich suche einen ganz speziellen Ring für meine Freundin.,speziell,B1.pdf
B1,Spiegel,der,ayna,-,Nomen,"Ich möchte gerne sehen, wie mein Kleid sitzt. Hast du einen Spiegel?","der Spiegel, -",B1.pdf
B1,spielen,,oynamak,"spielt, spielte, hat gespielt",Verb,"1. Wir haben einen großen Garten, da können die Kinder spielen. 2. Am Sonntag spielen wir gegen die Fußballmannschaft der Nachbarschule. 3. Spielen Sie ein Instrument? 4. Spielen Sie Karten?","spielen, spielt, spielte, hat gespielt",B1.pdf
B1,Spiel,das,oyun,-e,Nomen,1. Monopoly ist ein ganz bekanntes Spiel. 2. Nach 20 Minuten stand das Spiel 2:1.,"das Spiel, -e",B1.pdf
B1,Spieler,der,oyuncu,"die Spielerin, -nen",Nomen,- 1. Für dieses Spiel braucht man zwei bis vier Spieler. 2. Beim Fußball gibt es elf Spieler.,"der Spieler, die Spielerin, -nen",B1.pdf
B1,Spielplatz,der,"oyun alanı, oyun parkı",¨-e,Nomen,Die Kinder sind auf dem Spielplatz.,"der Spielplatz, ¨-e",B1.pdf
B1,Spielzeug,das,oyuncak,-e,Nomen,Zu Weihnachten wünschen sich die Kinder vor allem Spielzeug.,"das Spielzeug, -e",B1.pdf
B1,spitz,,sivri,,Sonstiges,Der Bleistift ist nicht spitz.,spitz,B1.pdf
B1,Sport,der,spor,,Nomen,1. Für Sport interessiere ich mich sehr. 2. Ich mache viel Sport.,der Sport,B1.pdf
B1,Sportart,die,spor dalı,-en,Nomen,Welche Sportart findest du am besten?,"die Sportart, -en",B1.pdf
B1,Sportler,der,sporcu,"die Sportlerin, -nen",Nomen,- Sie ist eine gute Sportlerin.,"der Sportler, die Sportlerin, -nen",B1.pdf
B1,sportlich,,sportif,,Sonstiges,1. Ich bin nicht sehr sportlich. 2. Ich mag bequeme und sportliche Kleidung.,sportlich,B1.pdf
B1,Sprache,die,dil,-n,Nomen,Franco spricht mehrere Sprachen.,"die Sprache, -n",B1.pdf
B1,Fremdsprache,die,yabancı dil,-n,Nomen,Ich spreche drei Fremdsprachen.,"die Fremdsprache, -n",B1.pdf
B1,Muttersprache,die,anadil,-n,Nomen,Was ist Ihre Muttersprache?,"die Muttersprache, -n",B1.pdf
B1,Zweitsprache,die,ikinci dil,-n,Nomen,Deutsch ist seine Zweitsprache.,"die Zweitsprache, -n",B1.pdf
B1,sprechen,,konuşmak,"spricht, sprach, hat gesprochen",Verb,1. Können Sie bitte etwas lauter sprechen? 2. Jean spricht sehr gut Deutsch.,"sprechen, spricht, sprach, hat gesprochen",B1.pdf
B1,Sprechstunde,die,"muayene saati, görüşme saati",-n A: Ordination,Nomen,3. Ich möchte nicht darüber sprechen. 4. Die Bundeskanzlerin spricht heute Abend im Fernsehen. 5. Kann ich bitte Herrn Müller sprechen? Frau Dr. Berger hat von 8 bis 12 Uhr Sprechstunde.,"die Sprechstunde, -n A: Ordination",B1.pdf
B1,springen,,"atlamak, sıçramak","springt, sprang, ist gesprungen",Verb,"1. Wir waren im Schwimmbad. Mein Sohn ist immer wieder ins Wasser gesprungen. 2. Wie weit bist du heute gesprungen? – 3,40 m.","springen, springt, sprang, ist gesprungen",B1.pdf
B1,Spritze,die,"iğne, enjeksiyon",-n,Nomen,Ich habe heute vom Arzt eine Spritze gegen die Schmerzen bekommen.,"die Spritze, -n",B1.pdf
B1,spülen,,"çalkalamak, yıkamak","spült, spülte, hat gespült",Verb,1. Hast du das Geschirr gespült? 2. Spülen Sie bitte jetzt den Mund aus.,"spülen, spült, spülte, hat gespült",B1.pdf
B1,Spur,die,"şerit, iz",-en,Nomen,"Fahren Sie bitte auf der linken Spur, wenn Sie schneller fahren.","die Spur, -en",B1.pdf
B1,spüren,,hissetmek,"spürt, spürte, hat gespürt",Verb,Wo tut es weh? Spüren Sie das hier?,"spüren, spürt, spürte, hat gespürt",B1.pdf
B1,Stadion,das,stadyum,Stadien,Nomen,Ich möchte am Samstag ins Stadion gehen. Da spielt meine Mannschaft.,"das Stadion, Stadien",B1.pdf
B1,Stadt,die,"şehir, kent",¨-e,Nomen,1. Heidelberg ist eine alte Stadt. 2. Ich wohne lieber auf dem Land als in der Stadt. 3. Gehst du mit mir in die Stadt?,"die Stadt, ¨-e",B1.pdf
B1,städtisch,,"kentsel, belediyeye ait",,Sonstiges,Ich gehe gern in die städtische Bibliothek.,städtisch,B1.pdf
B1,Stadtplan,der,"şehir planı, şehir haritası",¨-e,Nomen,Haben Sie einen Stadtplan?,"der Stadtplan, ¨-e",B1.pdf
B1,stammen,,"-den gelmek, kökeni olmak","stammt, stammte, hat gestammt",Verb,Ich stamme aus einer kleinen Stadt an der Donau.,"stammen, stammt, stammte, hat gestammt",B1.pdf
B1,ständig,,"sürekli, devamlı",,Sonstiges,Ich habe schon ein paar Mal bei meiner Freundin angerufen. Es ist ständig besetzt.,ständig,B1.pdf
B1,Standpunkt,der,"bakış açısı, görüş",-e,Nomen,Von seinem Standpunkt aus hat er recht.,"der Standpunkt, -e",B1.pdf
B1,Star,der,"yıldız, ünlü",-s,Nomen,Diese Sängerin ist ein großer Star in Deutschland.,"der Star, -s",B1.pdf
B1,stark,,"güçlü, kuvvetli, şiddetli",,Sonstiges,1. Der Kaffee ist sehr stark. 2. Am späten Nachmittag ist der Verkehr besonders stark. 3. Ich habe starke Kopfschmerzen. 4. Können Sie mir kein stärkeres Mittel verschreiben? 5. Es hat stark geregnet.,stark,B1.pdf
B1,starten,,"kalkmak, başlamak","startet, startete, ist gestartet",Verb,Das Flugzeug ist pünktlich gestartet.,"starten, startet, startete, ist gestartet",B1.pdf
B1,Start,der,"kalkış, başlangıç",-s,Nomen,Bleiben Sie bitte während des Starts sitzen.,"der Start, -s",B1.pdf
B1,Station,die,"durak, istasyon, servis",-en,Nomen,1. Sie müssen an der nächsten Station aussteigen. 2. Meine Nachbarin liegt auf Station III.,"die Station, -en",B1.pdf
B1,Statistik,die,istatistik,-en,Nomen,"Die Statistik zeigt, dass jeder zweite ein Fahrrad besitzt.","die Statistik, -en",B1.pdf
B1,statistisch,,istatistiksel,,Sonstiges,Die statistischen Ergebnisse zeigen eine gute Entwicklung.,statistisch,B1.pdf
B1,statt,,yerine,,Sonstiges,Kann ich diese Woche statt Donnerstag am Freitag kommen?,statt,B1.pdf
B1,stattfinden,,"gerçekleşmek, yapılmak","findet statt, fand statt, hat stattgefunden",Verb,Das Spiel findet auch bei Regen statt.,"stattfinden, findet statt, fand statt, hat stattgefunden",B1.pdf
B1,Stau,der,trafik sıkışıklığı,-s,Nomen,1. Auf der A3 gibt es wegen eines Unfalls 5 km Stau. 2. Wir standen eine Stunde im Stau.,"der Stau, -s",B1.pdf
B1,Staub,der,toz,,Nomen,Ich habe überall Staub gewischt.,der Staub,B1.pdf
B1,staubsaugen,,elektrikli süpürgeyle temizlemek,"staubsaugt, staubsaugte, hat gestaubsaugt",Verb,Ich muss heute in meiner Wohnung noch staubsaugen.,"staubsaugen, staubsaugt, staubsaugte, hat gestaubsaugt",B1.pdf
B1,stechen,,sokmak,"sticht, stach, hat gestochen",Verb,Stefan wird beim Zelten immer von den Mücken gestochen.,"stechen, sticht, stach, hat gestochen",B1.pdf
B1,stecken,,"sokmak, koymak","steckt, steckte, hat gesteckt",Verb,1. Wo ist denn mein Pass? Ich hatte ihn doch in die Handtasche gesteckt. 2. Du kannst reingehen. Der Schlüssel steckt. 3. Die Zeitung steckt im Briefkasten.,"stecken, steckt, steckte, hat gesteckt",B1.pdf
B1,Steckdose,die,priz,-n,Nomen,Es gibt drei Steckdosen in diesem Zimmer.,"die Steckdose, -n",B1.pdf
B1,Stecker,der,fiş,-,Nomen,Der Stecker passt nicht in diese Steckdose.,"der Stecker, -",B1.pdf
B1,stehen,,"durmak, yazılı olmak","steht, stand, hat/ist gestanden",Verb,"1. In meinem Beruf muss ich viel stehen. 2. Als wir kamen, stand das Essen schon auf dem Tisch. 3. Der Bus steht schon an der Haltestelle. 4. Was steht heute in der Zeitung? 5. Nach 20 Minuten stand das Spiel 1:1. 6. Die neue Bluse steht dir gut.","stehen, steht, stand, hat/ist gestanden",B1.pdf
B1,stehen bleiben,,durmak,,Sonstiges,1. Bitte bleiben Sie stehen. 2. Meine Uhr ist stehen geblieben.,stehen bleiben,B1.pdf
B1,stehlen,,çalmak,"stiehlt, stahl, hat gestohlen",Verb,Gestern hat mir jemand im Zug meine Uhr gestohlen.,"stehlen, stiehlt, stahl, hat gestohlen",B1.pdf
B1,steigen,,"yükselmek, artmak, çıkmak","steigt, stieg, ist gestiegen",Verb,1. Die Preise für Milch und Gemüse sind schon wieder gestiegen. 2. Gegen Abend ist das Fieber wieder gestiegen.,"steigen, steigt, stieg, ist gestiegen",B1.pdf
B1,steil,,dik,,Sonstiges,Die Straße zu unserem Haus ist sehr steil.,steil,B1.pdf
B1,Stein,der,taş,-e,Nomen,Die Kinder werfen Steine ins Wasser.,"der Stein, -e",B1.pdf
B1,Stelle,die,"iş, mevki",-n,Nomen,1. Wir treffen uns hier an dieser Stelle. 2. Ich habe eine neue Stelle. 3. Diese Stelle in seinem Brief ist mir nicht ganz klar. 4. An Ihrer Stelle würde ich den Vertrag nicht unterschreiben.,"die Stelle, -n",B1.pdf
B1,stellen,,"koymak, yerleştirmek","stellt, stellte, hat gestellt",Verb,1. Stell das Bier in den Kühlschrank! 2. Ich hole noch Milch. Stell dich bitte schon mal in die Schlange an der Kasse. 3. Wo kann ich mein Auto hinstellen? 4. Würden Sie das Radio bitte etwas leiser stellen. 5. Haben Sie einen Moment Zeit? Wir möchten Ihnen ein paar Fragen stellen. 6. Ich habe den Wecker auf 5 Uhr gestellt.,"stellen, stellt, stellte, hat gestellt",B1.pdf
B1,Stempel,der,"mühür, damga",-,Nomen,Der Poststempel trägt das Datum von letzter Woche. Das Paket war lange unterwegs.,"der Stempel, -",B1.pdf
B1,sterben,,ölmek,"stirbt, starb, ist gestorben",Verb,Mein Kollege kommt heute nicht. Sein Vater ist gestern gestorben.,"sterben, stirbt, starb, ist gestorben",B1.pdf
B1,Stern,der,yıldız,-e,Nomen,Heute sieht man viele Sterne am Himmel.,"der Stern, -e",B1.pdf
B1,Steuer,die,vergi,-n,Nomen,Wir müssen immer mehr Steuern zahlen.,"die Steuer, -n",B1.pdf
B1,Steward,der,"erkek hostes, kabin memuru",-s,Nomen,Die Stewardess bringt das Mittagessen.,"der Steward, -s",B1.pdf
B1,Stewardess,die,"hostes, kabin memuresi",-en,Nomen,Die Stewardess bringt das Mittagessen.,"die Stewardess, -en",B1.pdf
B1,Stift,der,kalem,-e,Nomen,Kannst du mir bitte einen Stift geben?,"der Stift, -e",B1.pdf
B1,Stil,der,"stil, tarz",-e,Nomen,1. Ihr Stil ist sehr elegant. 2. Das Gebäude gefällt mir. Welcher Baustil ist das?,"der Stil, -e",B1.pdf
B1,stilistisch,,"biçemsel, üslupla ilgili",,Sonstiges,Der Text ist stilistisch sehr schön.,stilistisch,B1.pdf
B1,still,,"sessiz, sakin",,Sonstiges,1. Sei doch mal einen Moment still! 2. Maria kann nicht still sitzen.,still,B1.pdf
B1,Stiefel,der,çizme,-,Nomen,Ich habe mir für den Winter ein Paar warme Stiefel gekauft.,"der Stiefel, -",B1.pdf
B1,Stiege,die,merdiven,"-n (A) → D, CH: Treppe",Nomen,1. Wo ist die Toilette? – Die Stiege hoch und dann links. 2. Meine Oma kann nicht gut Stiegen steigen.,"die Stiege, -n (A) → D, CH: Treppe",B1.pdf
B1,Stiegenhaus,das,merdiven boşluğu,"¨-er (A) → D, CH: Treppenhaus",Nomen,Im Stiegenhaus ist kein Licht.,"das Stiegenhaus, ¨-er (A) → D, CH: Treppenhaus",B1.pdf
B1,Stimme,die,ses,-n,Nomen,Ich habe dich sofort an der Stimme erkannt.,"die Stimme, -n",B1.pdf
B1,stimmen,,"doğru olmak, uymak, oy vermek","stimmt, stimmte, hat gestimmt",Verb,1. Meine Adresse stimmt nicht mehr. 2. Das Wetter in Deutschland könnte besser sein. – Das stimmt.,"stimmen, stimmt, stimmte, hat gestimmt",B1.pdf
B1,Stimmung,die,"hava, ruh hali, ortam",-en,Nomen,Es war eine tolle Party. Die Stimmung war sehr gut.,"die Stimmung, -en",B1.pdf
B1,stinken,,kokmak,"stinkt, stank, hat gestunken",Verb,Was stinkt denn hier so? – Das ist der Fisch. Er ist nicht mehr frisch.,"stinken, stinkt, stank, hat gestunken",B1.pdf
B1,Stock → D,der,kat,CH: Etage,Nomen,"Das Büro ist im 3. Stock, Zimmer 305.","der Stock → D, CH: Etage",B1.pdf
B1,Stockwerk,das,kat,-e,Nomen,Das Gebäude hat zwanzig Stockwerke.,"das Stockwerk, -e",B1.pdf
B1,Stoff,der,"kumaş, madde",-e,Nomen,1. Was für ein Stoff ist das? – Wolle. 2. In manchen Farben sind giftige Stoffe.,"der Stoff, -e",B1.pdf
B1,stolz,,gururlu,,Sonstiges,Ich bin stolz auf dich. Das hast du sehr gut gemacht.,stolz,B1.pdf
B1,stoppen,,durdurmak,"stoppt, stoppte, hat gestoppt",Verb,"Die Polizei hat mich gestoppt, weil ich bei Rot über die Ampel gefahren bin.","stoppen, stoppt, stoppte, hat gestoppt",B1.pdf
B1,stören,,rahatsız etmek,"stört, störte, hat gestört",Verb,1. Darf ich Sie einen Augenblick stören? 2. Du kannst das Radio anlassen. Das stört mich nicht.,"stören, stört, störte, hat gestört",B1.pdf
B1,Störung,die,"arıza, rahatsızlık, kesinti",-en,Nomen,Entschuldigen Sie bitte die Störung.,"die Störung, -en",B1.pdf
B1,sich stoßen,,"çarpmak, kendini vurmak","stößt, stieß, hat gestoßen",Verb,Wie haben Sie sich denn verletzt? – Ich habe mich an der Autotür gestoßen.,"(sich) stoßen, stößt, stieß, hat gestoßen",B1.pdf
B1,Strafe,die,ceza,-n,Nomen,Schwarzfahren kostet 60 Euro Strafe.,"die Strafe, -n",B1.pdf
B1,strafbar,,"cezalandırılabilir, suç teşkil eden",,Sonstiges,"Was du da machst, ist strafbar.",strafbar,B1.pdf
B1,Strafzettel,der,park cezası,,Nomen,- So ein Pech! Ich habe einmal falsch geparkt und sofort einen Strafzettel bekommen.,"der Strafzettel,",B1.pdf
B1,Strand,der,"plaj, kumsal",¨-e,Nomen,Im Urlaub bin ich am liebsten am Strand.,"der Strand, ¨-e",B1.pdf
B1,Straße,die,"sokak, cadde",-n,Nomen,1. Wir wohnen in einer sehr kleinen Straße. 2. Unser Haus ist eine Straße weiter.,"die Straße, -n",B1.pdf
B1,Straßenbahn,die,tramvay,"-en (D, → A) CH: Tram",Nomen,Fahren wir mit der Straßenbahn oder der U-Bahn?,"die Straßenbahn, -en (D, → A) CH: Tram",B1.pdf
B1,Strecke,die,"mesafe, yol, güzergah",-n,Nomen,"1. Sind Sie die ganze Strecke zu Fuß gegangen? 2. Auf der Strecke München – Salzburg: 8 km Stau. 3. Ich möchte nach Hamburg fahren. Können Sie mir sagen, welche Strecke am besten ist?","die Strecke, -n",B1.pdf
B1,Streichholz,das,kibrit,"¨-er → Zündholz, A: Zünder",Nomen,Ich hätte gern eine Schachtel Streichhölzer.,"das Streichholz, ¨-er → Zündholz; A: Zünder",B1.pdf
B1,streiken,,grev yapmak,"streikt, streikte, hat gestreikt",Verb,Die Arbeiter streiken für höhere Löhne.,"streiken, streikt, streikte, hat gestreikt",B1.pdf
B1,Streik,der,grev,-s,Nomen,Es gab einen Streik am Flughafen. Deshalb hatte unsere Maschine Verspätung.,"der Streik, -s",B1.pdf
B1,sich streiten,,"kavga etmek, tartışmak","streitet, stritt, hat gestritten",Verb,Die Kinder streiten sich oft.,"(sich) streiten, streitet, stritt, hat gestritten",B1.pdf
B1,Streit,der,"kavga, tartışma",,Nomen,Ich möchte keinen Streit mit den Nachbarn.,der Streit,B1.pdf
B1,streng,,"sert, katı",,Sonstiges,Unsere Tochter hat einen sehr strengen Lehrer.,streng,B1.pdf
B1,Stress,der,stres,,Nomen,Ich habe bei der Arbeit viel Stress.,der Stress,B1.pdf
B1,Strom,der,"elektrik, akım",,Nomen,Wie kann ich im Haushalt Strom sparen?,der Strom,B1.pdf
B1,Strumpf,der,çorap,¨-e,Nomen,Wo sind meine roten Strümpfe?,"der Strumpf, ¨-e",B1.pdf
B1,Stück/-stück,das,"parça, tane, adet",-e,Nomen,1. Ich nehme zwei Stück Zucker in den Kaffee. 2. Möchten Sie noch ein Stück Kuchen? 3. Was kosten die Kulis? – Ein Euro pro Stück. 4. Ich begleite dich ein Stück. 5. Er spielt in dem Stück die Hauptrolle.,"das Stück/-stück, -e",B1.pdf
B1,Studie,die,"araştırma, çalışma, inceleme",-n,Nomen,"1. Wir führen eine Studie über Arbeitslosigkeit durch. 2. Eine aktuelle Studie zeigt, dass die Umweltverschmutzung zunimmt.","die Studie, -n",B1.pdf
B1,studieren,,"üniversitede okumak, öğrenim görmek","studiert, studierte, hat studiert",Verb,1. Mein Sohn will Medizin studieren. 2. Ich studiere in Mainz.,"studieren, studiert, studierte, hat studiert",B1.pdf
B1,Student,der,üniversite öğrencisi,-en,Nomen,Schüler und Studenten zahlen die Hälfte.,"der Student, -en",B1.pdf
B1,Studentin,die,kadın öğrenci,-nen,Nomen,Schüler und Studenten zahlen die Hälfte.,"die Studentin, -nen",B1.pdf
B1,Studierende,der,öğrenci,-n,Nomen,Zehn Studierende besuchen das Seminar.,"der Studierende, -n",B1.pdf
B1,Studierende,die,öğrenci,-n,Nomen,Zehn Studierende besuchen das Seminar.,"die Studierende, -n",B1.pdf
B1,Studium,das,"üniversite eğitimi, öğrenim",Studien,Nomen,Sie brauchen für diese Stelle ein abgeschlossenes Studium.,"das Studium, Studien",B1.pdf
B1,Studio,das,stüdyo,-s,Nomen,Zu Gast im Studio sind heute ...,"das Studio, -s",B1.pdf
B1,Stufe,die,"basamak, seviye, aşama",-n,Nomen,"1. Vorsicht, Stufe! 2. Die Volkshochschule bietet Sprachkurse auf verschiedenen Stufen an.","die Stufe, -n",B1.pdf
B1,Stuhl,der,sandalye,¨-e,Nomen,Da hinten ist noch ein Stuhl frei.,"der Stuhl, ¨-e",B1.pdf
B1,stumm,,"sessiz, sesi kapalı",,Sonstiges,Stell bitte dein Handy leise oder auf stumm.,stumm,B1.pdf
B1,Stunde,die,"saat, ders saati",-n,Nomen,1. Ich bin in einer Stunde wieder zurück. 2. Wir haben heute nur vier Stunden Schule. 3. Ich warte seit zwei Stunden auf dich.,"die Stunde, -n",B1.pdf
B1,Sturm,der,fırtına,¨-e,Nomen,Im Radio haben sie Regen und Sturm angesagt.,"der Sturm, ¨-e",B1.pdf
B1,stürzen,,düşmek,"stürzt, stürzte, ist gestürzt",Verb,"1. Ich bin auf der Straße gestürzt und habe mir den Fuß gebrochen. 2. Bitte pass auf der Treppe auf, dass du nicht hinunterstürzt!","stürzen, stürzt, stürzte, ist gestürzt",B1.pdf
B1,suchen,,aramak,"sucht, suchte, hat gesucht",Verb,1. Ich suche meine Brille. 2. Wir suchen eine größere Wohnung. 3. Wen suchen Sie?,"suchen, sucht, suchte, hat gesucht",B1.pdf
B1,Sucht,die,"bağımlılık, tutku",¨-e,Nomen,1. Die Sucht nach Medikamenten nimmt zu. 2. Er kämpft gegen seine Alkoholsucht. 3. Das Internet kann zur Sucht werden.,"die Sucht, ¨-e",B1.pdf
B1,süchtig,,"bağımlı, tutkun",,Sonstiges,1. Ich bin süchtig nach Schokolade. 2. Fernsehen kann süchtig machen.,süchtig,B1.pdf
B1,Suchtmittel,das,bağımlılık yapan madde,,Nomen,- Manche Medikamente sind auch Suchtmittel.,"das Suchtmittel,",B1.pdf
B1,Summe,die,"toplam, meblağ, tutar",-n,Nomen,Die Summe scheint mir zu hoch!,"die Summe, -n",B1.pdf
B1,super,,"harika, süper",,Sonstiges,1. Das war ein super Film! 2. Er kann super tanzen. 3. Weißt du was? Ich komme mit. – Super!,super,B1.pdf
B1,Supermarkt,der,süpermarket,¨-e,Nomen,Donnerstags gehe ich immer in den Supermarkt.,"der Supermarkt, ¨-e",B1.pdf
B1,Suppe,die,çorba,-n,Nomen,Schmeckt dir die Suppe?,"die Suppe, -n",B1.pdf
B1,süß,,tatlı,,Sonstiges,1. Ich esse gern süße Sachen. 2. Das ist aber ein süßes Baby!,süß,B1.pdf
B1,Symbol,das,"sembol, simge",-e,Nomen,1. Das Herz ist ein Symbol für die Liebe. 2. Auf dem Bildschirm finden Sie viele Symbole.,"das Symbol, -e",B1.pdf
B1,sympathisch,,"sempatik, sevimli",,Sonstiges,Ich finde unsere neue Kollegin sehr sympathisch.,sympathisch,B1.pdf
B1,System,das,sistem,-e,Nomen,1. Welches Betriebssystem hast du? 2. Ich kenne Ihr System nicht. Können Sie es mir erklären?,"das System, -e",B1.pdf
B1,Szene,die,sahne,-n,Nomen,1. In dieser Szene des Films stirbt der Held. 2. Ich kenne mich in der Szene nicht aus. Ich bin zu alt. 3. Bitte mach keine Szene!,"die Szene, -n",B1.pdf
B1,Tabelle,die,"tablo, çizelge",-n,Nomen,Tragen Sie die richtige Information in die Tabelle ein.,"die Tabelle, -n",B1.pdf
B1,Tablette,die,hap,-n,Nomen,Nehmen Sie dreimal täglich eine Tablette.,"die Tablette, -n",B1.pdf
B1,Tafel,die,"tahta, levha",-n,Nomen,1. Der Lehrer schreibt das neue Wort an die Tafel. 2. Sie finden am Eingang eine Tafel mit Informationen. 3. Ich hätte gern zwei Tafeln Schokolade.,"die Tafel, -n",B1.pdf
B1,Tagesablauf,der,"günlük program, gün akışı",¨-e,Nomen,Wie ist Ihr Tagesablauf?,"der Tagesablauf, ¨-e",B1.pdf
B1,Tal,das,vadi,¨-er,Nomen,Unser Dorf liegt in einem Tal.,"das Tal, ¨-er",B1.pdf
B1,Talent,das,yetenek,-e,Nomen,Sie hat großes Talent für Musik.,"das Talent, -e",B1.pdf
B1,tanken,,"benzin almak, yakıt almak","tankt, tankte, hat getankt",Verb,1. Wir müssen unbedingt tanken. Wir haben fast kein Benzin mehr. 2. Bitte einmal volltanken!,"tanken, tankt, tankte, hat getankt",B1.pdf
B1,Tankstelle,die,benzin istasyonu,-n,Nomen,Wo ist die nächste Tankstelle?,"die Tankstelle, -n",B1.pdf
B1,Tante,die,"teyze, hala",-n,Nomen,"Die Familie meiner Mutter ist sehr groß, daher habe ich viele Tanten.","die Tante, -n",B1.pdf
B1,tanzen,,dans etmek,"tanzt, tanzte, hat getanzt",Verb,Auf der Hochzeit haben wir viel getanzt.,"tanzen, tanzt, tanzte, hat getanzt",B1.pdf
B1,Tanz,der,dans,¨-e,Nomen,Diese modernen Tänze kann ich nicht.,"der Tanz, ¨-e",B1.pdf
B1,Tasche,die,çanta,-n,Nomen,"1. Ich habe nicht viel Gepäck, nur eine Tasche. 2. Meine Jacke hat keine Taschen.","die Tasche, -n",B1.pdf
B1,Taschengeld,das,harçlık,-er,Nomen,Wie viel Taschengeld bekommst du im Monat?,"das Taschengeld, -er",B1.pdf
B1,Taschentuch,das,mendil,¨-er,Nomen,Hast du ein Taschentuch für mich?,"das Taschentuch, ¨-er",B1.pdf
B1,Tasse,die,fincan,-n,Nomen,1. Die Tassen sind von meiner Großmutter. 2. Möchten Sie eine Tasse Kaffee?,"die Tasse, -n",B1.pdf
B1,Tastatur,die,klavye,-en,Nomen,Die Tastatur an meinem Computer ist ganz neu.,"die Tastatur, -en",B1.pdf
B1,Taste,die,"tuş, düğme",-n,Nomen,1. An der Fernbedienung ist eine Taste kaputt. 2. Du musst jetzt die Stopp-Taste drücken.,"die Taste, -n",B1.pdf
B1,Tat,die,"eylem, davranış",-en,Nomen,Dieser Mensch hat mit vielen guten Taten geholfen.,"die Tat, -en",B1.pdf
B1,Täter,der,"fail, suçlu","die Täterin, -nen",Nomen,Die Polizei hat den Täter endlich - gefasst.,"der Täter, die Täterin, -nen",B1.pdf
B1,Tätigkeit,die,"faaliyet, iş, meşguliyet",-en,Nomen,Welche Tätigkeit würde Ihnen Spaß machen?,"die Tätigkeit, -en",B1.pdf
B1,Tatsache,die,"gerçek, olgu",-n,Nomen,Das widerspricht den Tatsachen.,"die Tatsache, -n",B1.pdf
B1,tatsächlich,,"gerçekten, gerçekte",,Sonstiges,"Die Hose ist tatsächlich zu klein, obwohl sie so groß aussieht.",tatsächlich,B1.pdf
B1,taub,,sağır,,Sonstiges,"1. Sie hört schlecht, sie ist schon fast taub. 2. Bist du taub? Ich spreche mit dir!",taub,B1.pdf
B1,tauchen,,dalmak,"taucht, tauchte, ist/hat getaucht",Verb,Ich möchte im Urlaub wieder tauchen gehen.,"tauchen, taucht, tauchte, ist/hat getaucht",B1.pdf
B1,tauschen,,"değiştirmek, takas etmek","tauscht, tauschte, hat getauscht",Verb,1. Ich würde meinen Kuchen gegen dein Brot tauschen. 2. Wollen wir die Plätze tauschen?,"tauschen, tauscht, tauschte, hat getauscht",B1.pdf
B1,Technik,die,"teknik, teknoloji",-en,Nomen,"1. Ich verstehe nicht viel von Technik. 2. Um die Aufgaben zu lösen, brauchst du eine gute Arbeitstechnik.","die Technik, -en",B1.pdf
B1,technisch,,teknik,,Sonstiges,1. Es gab ein technisches Problem. 2. Sind Sie technisch interessiert?,technisch,B1.pdf
B1,Technologie,die,teknoloji,-n,Nomen,Große Fortschritte gab es in der Technologie.,"die Technologie, -n",B1.pdf
B1,Tee,der,çay,,Nomen,1. Bitte einen Tee mit Zitrone. 2. Was kostet dieser Tee hier?,der Tee,B1.pdf
B1,Tee ziehen lassen,,çayı demlenmeye bırakmak,,Sonstiges,Diesen Tee sollte man 10 Minuten ziehen lassen.,Tee ziehen lassen,B1.pdf
B1,teilen,,"paylaşmak, bölmek","teilt, teilte, hat geteilt",Verb,1. Mein Mann und ich teilen uns die Arbeit. 2. Wollen wir uns eine Pizza teilen? 3. Was machst du mit dem Gewinn? – Ich teile ihn mit meiner Familie.,"teilen, teilt, teilte, hat geteilt",B1.pdf
B1,Teil,das,parça,-e,Nomen,Dieses Teil müssen wir erst bestellen.,"das Teil, -e",B1.pdf
B1,Teil,der,"parça, bölüm",-e,Nomen,1. Was steht in dem Brief? Ich habe den ersten Teil nicht verstanden 2. Der Film hat zwei Teile. Heute kommt Teil 1. 3. Gefällt dir der neue Job? – Nur zum Teil.,"der Teil, -e",B1.pdf
B1,Teilzeit,die,yarı zamanlı çalışma,,Nomen,Ich arbeite im Moment nur Teilzeit.,die Teilzeit,B1.pdf
B1,teilnehmen,,katılmak,"nimmt teil, nahm teil, hat teilgenommen",Verb,Leider konnte ich an dem Kurs nicht regelmäßig teilnehmen.,"teilnehmen, nimmt teil, nahm teil, hat teilgenommen",B1.pdf
B1,Teilnahme,die,katılım,-n,Nomen,Die Teilnahme am Gewinnspiel ist kostenlos.,"die Teilnahme, -n",B1.pdf
B1,Teilnehmer,der,katılımcı,"die Teilnehmerin, -nen",Nomen,- Die Teilnehmerinnen aus unserem Kurs kommen aus verschiedenen Ländern.,"der Teilnehmer, die Teilnehmerin, -nen",B1.pdf
B1,telefonieren,,telefonla konuşmak,"telefoniert, telefonierte, hat telefoniert",Verb,1. Ich muss kurz telefonieren. 2. Mein Mann telefoniert gerade. Können Sie später noch einmal anrufen?,"telefonieren, telefoniert, telefonierte, hat telefoniert",B1.pdf
B1,Telefon,das,telefon,-e,Nomen,1. Darf ich bitte Ihr Telefon benutzen? 1. Stell bitte schon mal die Teller auf den Tisch! 2. Willst du noch einen Teller Suppe?,"das Telefon, -e",B1.pdf
B1,Teller,der,tabak,-,Nomen,1. Darf ich bitte Ihr Telefon benutzen? 1. Stell bitte schon mal die Teller auf den Tisch! 2. Willst du noch einen Teller Suppe?,"der Teller, -",B1.pdf
B1,Temperatur,die,"sıcaklık, ısı derecesi",-en,Nomen,Die Temperaturen steigen heute um 10 Grad.,"die Temperatur, -en",B1.pdf
B1,Tempo,das,"hız, tempo",,Nomen,"1. Hier darfst du nur Tempo 30 fahren. 2. Achtung, hier ist eine Tempo-30-Zone!",das Tempo,B1.pdf
B1,Tennis,das,tenis,,Nomen,Ich spiele gern Tennis.,das Tennis,B1.pdf
B1,Teppich,der,halı,-e,Nomen,1. Ich habe mir einen neuen Teppich gekauft. 2. Habt ihr in eurer neuen Wohnung Teppich oder einen Holzfußboden?,"der Teppich, -e",B1.pdf
B1,Termin,der,randevu,-e,Nomen,Als Termin schlage ich den 3. Mai vor.,"der Termin, -e",B1.pdf
B1,Terminkalender,der,"ajanda, randevu defteri",,Nomen,- Hast du unser Treffen schon in deinen Terminkalender eingetragen?,"der Terminkalender,",B1.pdf
B1,Terrasse,die,teras,-n,Nomen,Setzen wir uns auf die Terrasse!,"die Terrasse, -n",B1.pdf
B1,testen,,"test etmek, denemek","testet, testete, hat getestet",Verb,Testen Sie unsere Angebote kostenlos.,"testen, testet, testete, hat getestet",B1.pdf
B1,Test,der,"test, sınav",-s,Nomen,Ich bin ganz sicher: Du wirst den Test schaffen.,"der Test, -s",B1.pdf
B1,teuer,,pahalı,,Sonstiges,Ich finde das Geschäft nicht teuer.,teuer,B1.pdf
B1,Text,der,metin,-e,Nomen,Lesen Sie den Text.,"der Text, -e",B1.pdf
B1,Theater,das,tiyatro,-,Nomen,Wir gehen nächste Woche ins Theater.,"das Theater, -",B1.pdf
B1,Thema,das,konu,Themen,Nomen,Wir haben im Kurs viel über das Thema Umwelt gesprochen.,"das Thema, Themen",B1.pdf
B1,theoretisch,,"teorik, kuramsal",,Sonstiges,Ich habe die theoretische Prüfung bestanden. Nach der praktischen habe ich den Führerschein.,theoretisch,B1.pdf
B1,Theorie,die,"teori, kuram",-n,Nomen,Das ist die Theorie. In der Praxis ist vieles ganz anders.,"die Theorie, -n",B1.pdf
B1,Therapie,die,"tedavi, terapi",-n,Nomen,Die Therapie hat geholfen. Es geht mir schon viel besser.,"die Therapie, -n",B1.pdf
B1,Ticket,das,bilet,-s,Nomen,1. Wir müssen die Tickets für unseren Flug ausdrucken. 2. Ich kaufe heute Tickets für das Konzert.,"das Ticket, -s",B1.pdf
B1,tief,,derin,,Sonstiges,"1. Vorsicht, Kinder! Das Wasser ist hier sehr tief. 2. Der Schrank ist drei Meter breit und 60 Zentimeter tief. 3. Bitte jetzt tief einatmen!",tief,B1.pdf
B1,Tier,das,hayvan,-e,Nomen,Er mag Tiere sehr und geht darum oft in den Zoo.,"das Tier, -e",B1.pdf
B1,Haustier,das,evcil hayvan,-e,Nomen,"Hat deine Familie ein Haustier? − Ja, wir haben einen Hund.","das Haustier, -e",B1.pdf
B1,Tierpark,der,hayvanat bahçesi,-s,Nomen,Wollen wir am Samstag mit den Kindern in den Tierpark gehen?,"der Tierpark, -s",B1.pdf
B1,Tipp,der,"tavsiye, ipucu",-s,Nomen,Kannst du mir einen Tipp geben? Wo finde ich billige Möbel?,"der Tipp, -s",B1.pdf
B1,tippen,,"yazmak, daktilo etmek","tippt, tippte, hat getippt",Verb,Wie schnell kannst du tippen?,"tippen, tippt, tippte, hat getippt",B1.pdf
B1,Tisch,der,masa,-e,Nomen,Das Essen steht schon auf dem Tisch.,"der Tisch, -e",B1.pdf
B1,Titel,der,"başlık, unvan",-,Nomen,"1. Wie heißt der Film? – Ich weiß den Titel nicht mehr. 2. Haben Sie einen Titel? – Ja, Doktor.","der Titel, -",B1.pdf
B1,Tochter,die,kız evlat,¨-,Nomen,Das ist meine Tochter Katharina.,"die Tochter, ¨-",B1.pdf
B1,Tod,der,ölüm,,Nomen,Ich habe ihn vor seinem Tod noch einmal gesehen.,der Tod,B1.pdf
B1,tödlich,,ölümcül,,Sonstiges,Dieses Gift kann für den Menschen tödlich sein.,tödlich,B1.pdf
B1,Toilette,die,tuvalet,-n,Nomen,"Wo ist die Toilette, bitte?","die Toilette, -n",B1.pdf
B1,tolerant,,"hoşgörülü, tolerant",,Sonstiges,Die Nachbarn hören oft laut Musik. Wir müssen sehr tolerant sein.,tolerant,B1.pdf
B1,toll,,"harika, muhteşem",,Sonstiges,1. Ich habe mir ein tolles Kleid gekauft. 2. Unser Urlaub war toll.,toll,B1.pdf
B1,Tomate,die,domates,-n → A: Paradeiser,Nomen,Kauf bitte noch Tomaten auf dem Markt.,"die Tomate, -n → A: Paradeiser",B1.pdf
B1,Topf,der,tencere,"¨-e (D, A) → CH: Pfanne",Nomen,1. Dieses Jahr haben wir keine Töpfe mit Blumen auf dem Balkon. 2. Hast du keinen größeren Topf? Ich möchte Kartoffeln kochen. → (CH: Pfanne),"der Topf, ¨-e (D, A) → CH: Pfanne",B1.pdf
B1,Tor,das,"kapı, gol",-e,Nomen,1. Hinter dem Tor geht es zur Fabrik. 2. Die Mannschaft konnte vier Tore schießen.,"das Tor, -e",B1.pdf
B1,Torte,die,"pasta, turta",-n,Nomen,Zum Geburtstag backe ich dir eine Torte.,"die Torte, -n",B1.pdf
B1,tot,,ölü,,Sonstiges,Meine Großeltern sind schon lange tot.,tot,B1.pdf
B1,Tote,der,"ölü, ölen kişi",-n,Nomen,Bei dem Unfall gab es zwei Tote.,"der Tote, -n",B1.pdf
B1,Tote,die,"ölü, ölen kişi",-n,Nomen,Bei dem Unfall gab es zwei Tote.,"die Tote, -n",B1.pdf
B1,total,,"tamamen, son derece",,Sonstiges,Der Film war total langweilig.,total,B1.pdf
B1,Tourismus,der,turizm,,Nomen,In dieser Gegend gibt es viel Tourismus.,der Tourismus,B1.pdf
B1,Tourist,der,turist,-en,Nomen,Es kommen immer mehr Touristen in unsere Stadt.,"der Tourist, -en",B1.pdf
B1,Touristin,die,kadın turist,-nen,Nomen,Es kommen immer mehr Touristen in unsere Stadt.,"die Touristin, -nen",B1.pdf
B1,Tradition,die,gelenek,-en,Nomen,Eine große Hochzeit mit vielen Leuten ist bei uns Tradition.,"die Tradition, -en",B1.pdf
B1,traditionell,,geleneksel,,Sonstiges,Ich mag die traditionelle Küche.,traditionell,B1.pdf
B1,tragen,,"taşımak, giymek","trägt, trug, hat getragen",Verb,1. Lass mich den Koffer tragen. Der ist zu schwer für dich. 2. Mein Bruder trägt eine Brille. 3. Die Kosten trägt die Krankenkasse.,"tragen, trägt, trug, hat getragen",B1.pdf
B1,trainieren,,"antrenman yapmak, çalışmak","trainiert, trainierte, hat trainiert",Verb,Wir trainieren einmal pro Woche im Sportverein.,"trainieren, trainiert, trainierte, hat trainiert",B1.pdf
B1,Trainer,der,"antrenör, çalıştırıcı","die Trainerin, -nen",Nomen,- Ich finde unseren Trainer sehr nett.,"der Trainer, die Trainerin, -nen",B1.pdf
B1,Training,das,antrenman,-s,Nomen,1. Jeden Dienstag ist Training. 2. Ich gehe jede Woche zum Training.,"das Training, -s",B1.pdf
B1,Tram,das,tramvay,"-s → D, A: Straßenbahn",Nomen,Fahren wir mit dem Tram oder dem Bus?,"das Tram, -s → D, A: Straßenbahn",B1.pdf
B1,Träne,die,gözyaşı,"-n transportieren, transportiert, transportierte, hat transportiert",Nomen,Sie trocknet dem Kind die Tränen. Wie willst du die Möbel denn transportieren?,"die Träne, -n transportieren, transportiert, transportierte, hat transportiert",B1.pdf
B1,Transport,der,"taşıma, nakliye",-e,Nomen,Was kostet der Transport?,"der Transport, -e",B1.pdf
B1,träumen,,"hayal kurmak, rüya görmek","träumt, träumte, hat geträumt",Verb,1. Ich habe schlecht geträumt. 2. Ich träume von einem großen Haus mit Garten.,"träumen, träumt, träumte, hat geträumt",B1.pdf
B1,Traum,der,"hayal, rüya",¨-e,Nomen,Mein Traum ist ein eigenes Geschäft.,"der Traum, ¨-e",B1.pdf
B1,Traum-,,"hayal-, rüya-",,Sonstiges,Mein Traumberuf ist Feuerwehrmann.,Traum-,B1.pdf
B1,traurig,,üzgün,,Sonstiges,1. Ich bin traurig. Ich darf nicht mitfahren. 2. Das war ein sehr trauriger Film.,traurig,B1.pdf
B1,treffen,,"buluşmak, karşılaşmak","trifft, traf, hat getroffen",Verb,1. Wir treffen uns immer freitags. 2. Ich habe Petra zufällig in der Stadt getroffen.,"treffen, trifft, traf, hat getroffen",B1.pdf
B1,Treffpunkt,der,"buluşma noktası, buluşma yeri",-e,Nomen,Unser Treffpunkt ist um 17 Uhr am Hauptbahnhof.,"der Treffpunkt, -e",B1.pdf
B1,treiben,,"yapmak, uğraşmak","treibt, trieb, hat getrieben",Verb,Welchen Sport treibst du?,"treiben, treibt, trieb, hat getrieben",B1.pdf
B1,sich trennen,,ayrılmak,"trennt, trennte, hat getrennt",Verb,1. Wir leben getrennt. 2. Meine Freundin und ihr Mann haben sich getrennt. 3. Wir müssen den Müll trennen. Das kommt zum Altpapier.,"(sich) trennen, trennt, trennte, hat getrennt",B1.pdf
B1,Trennung,die,ayrılık,-en,Nomen,"1. Die Trennung von der Familie war schwierig. 2. Meine Kollegin ist noch nicht geschieden, aber sie lebt in Trennung.","die Trennung, -en",B1.pdf
B1,getrennt leben,,ayrı yaşamak,,Sonstiges,Ich lebe getrennt von meiner Frau.,getrennt leben,B1.pdf
B1,Treppe,die,merdiven,"-n (D, CH) → A: Stiege",Nomen,1. Wo ist die Toilette? – Die Treppe hoch und dann links. 2. Meine Oma kann nicht gut Treppen steigen.,"die Treppe, -n (D, CH) → A: Stiege",B1.pdf
B1,Treppenhaus,das,merdiven boşluğu,"¨-er (D, CH) → A: Stiegenhaus",Nomen,Im Treppenhaus ist kein Licht.,"das Treppenhaus, ¨-er (D, CH) → A: Stiegenhaus",B1.pdf
B1,treten,,"basmak, adım atmak, tekme atmak","tritt, trat, hat/ist getreten",Verb,1. Ich bin in ein Stück Glas getreten. 2. Au! Du hast mich getreten!,"treten, tritt, trat, hat/ist getreten",B1.pdf
B1,treu,,sadık,,Sonstiges,Herr Maier ist ein treuer Kunde von uns.,treu,B1.pdf
B1,trinken,,içmek,"trinkt, trank, hat getrunken",Verb,Trinken Sie einen Tee mit uns?,"trinken, trinkt, trank, hat getrunken",B1.pdf
B1,Trinkgeld,das,bahşiş,-er,Nomen,Ich habe dem Kellner zwei Euro Trinkgeld gegeben.,"das Trinkgeld, -er",B1.pdf
B1,trocken,,kuru,,Sonstiges,1. Die Wäsche ist noch nicht trocken. 2. Hoffentlich regnet es bald. Alles ist ganz trocken. 3. Bitte einen trockenen Wein.,trocken,B1.pdf
B1,trocknen,,"kurutmak, kurumak","trocknet, trocknete, hat/ist getrocknet",Verb,1. Ich habe mir die Haare getrocknet. 2. Die Farbe ist schnell getrocknet.,"trocknen, trocknet, trocknete, hat/ist getrocknet",B1.pdf
B1,Tropfen,die,damla,(Pl.),Nomen,1. Hast du die Tropfen schon genommen? 2. Wegen der paar Regentropfen brauchst du doch keinen Schirm.,die Tropfen (Pl.),B1.pdf
B1,Trottoir,das,kaldırım,"-s (CH) → Gehsteig (D, A)",Nomen,Das Velofahren auf dem Trottoir ist nicht erlaubt.,"das Trottoir, -s (CH) → Gehsteig (D, A)",B1.pdf
B1,trotz,,rağmen,,Sonstiges,Trotz Grippe bin ich zur Arbeit gegangen.,trotz,B1.pdf
B1,trotzdem,,"yine de, buna rağmen",,Sonstiges,Es war ziemlich kalt. Trotzdem bin ich schwimmen gegangen.,trotzdem,B1.pdf
B1,Tuch,das,"örtü, bez, eşarp",¨-er,Nomen,1. Wo hast du dieses schöne Tuch gekauft? 2. Die Handtücher sind im Schrank ganz oben. 3. Hast du ein Taschentuch für mich?,"das Tuch, ¨-er",B1.pdf
B1,tun,,yapmak,"tut, tat, hat getan",Verb,1. Ich habe heute viel zu tun. 2. Was kann ich für Sie tun? 3. Ich habe zu viel Zucker in den Kaffee getan. 4. Es tut mir leid. Ich kann nicht kommen. 5. Der Arm tut mir weh. 6. Ich habe endlich mal ausgeschlafen. Das hat gut getan.,"tun, tut, tat, hat getan",B1.pdf
B1,Tür,die,kapı,-en,Nomen,Machen Sie bitte die Tür zu! Es zieht.,"die Tür, -en",B1.pdf
B1,Turm,der,kule,¨-e,Nomen,"Kommen Sie auf den Turm, von hier sieht man die ganze Stadt.","der Turm, ¨-e",B1.pdf
B1,Tüte,die,"poşet, torba",-n,Nomen,Brauchen Sie eine Tüte für den Salat?,"die Tüte, -n",B1.pdf
B1,Typ,der,"tip, adam",-en,Nomen,1. Mein Nachbar ist ein netter Typ. 2. Was für ein Typ bist du? Was machst du gerne? 3. Kennen Sie sich mit den verschiedenen Typen aus? Auch mit meinem Auto?,"der Typ, -en",B1.pdf
B1,typisch,,tipik,,Sonstiges,"1. Im Hotel gab es typisch deutsches Essen. 2. Er kommt wieder zu spät, das ist typisch. 3. Diese Musik ist typisch für dieses Land.",typisch,B1.pdf
B1,U-Bahn,die,metro,-en,Nomen,Ich fahre mit der U-Bahn.,"die U-Bahn, -en",B1.pdf
B1,üben,,"alıştırma yapmak, çalışmak",,Sonstiges,Ich lerne gerade Gitarre spielen. Ich übe jeden Tag zwei Stunden.,üben,B1.pdf
B1,Übung,die,"alıştırma, egzersiz, pratik",-en,Nomen,1. Diese Übung war sehr schwer. 2. Ich fahre nicht oft Auto. Mir fehlt die Übung.,"die Übung, -en",B1.pdf
B1,über,,"üzerinden, karşıdan karşıya",,Sonstiges,"1. Die Müllers wohnen direkt über uns. 2. Pass bitte auf, wenn du über die Straße gehst. 3. Fahren Sie über Stuttgart oder über Würzburg? 4. Übers Wochenende fahren wir in die Berge. 5. Kinder über zehn Jahre müssen voll bezahlen. 6. Ich suche ein Buch über die deutsche Küche.",über,B1.pdf
B1,überall,,her yerde,,Sonstiges,"Ich habe überall gesucht, aber meine Brille ist weg.",überall,B1.pdf
B1,überfahren,,"araçla ezmek, çarpmak","überfährt, überfuhr, hat überfahren",Verb,Gestern hat ein Autofahrer einen Hund überfahren.,"überfahren, überfährt, überfuhr, hat überfahren",B1.pdf
B1,überhaupt,,"hiç, zaten, genel olarak",,Sonstiges,1. Die Suppe schmeckt mir überhaupt nicht. 2. Tut mir leid. Ich habe überhaupt keine Zeit. 3. Du willst mit meinem Auto fahren? Hast du überhaupt einen Führerschein?,überhaupt,B1.pdf
B1,überholen,,"sollamak, geçmek","überholt, überholte, hat überholt",Verb,Hier dürfen Lkws nicht überholen.,"überholen, überholt, überholte, hat überholt",B1.pdf
B1,überlegen,,"düşünmek, düşünüp taşınmak","überlegt, überlegte, hat überlegt",Verb,"1. Ich kann mich nicht entscheiden. Ich muss mir das noch überlegen. 2. Ich habe mir überlegt, ein Auto zu kaufen.","überlegen, überlegt, überlegte, hat überlegt",B1.pdf
B1,übermorgen,,"öbür gün, yarından sonraki gün",,Sonstiges,Morgen kann ich nicht. Wir sehen uns übermorgen.,übermorgen,B1.pdf
B1,übernachten,,"gecelemek, konaklamak","übernachtet, übernachtete, hat übernachtet",Verb,Wir haben auf dem Campingplatz übernachtet.,"übernachten, übernachtet, übernachtete, hat übernachtet",B1.pdf
B1,Übernachtung,die,"konaklama, geceleme",-en,Nomen,In diesem Hotel kostet die Übernachtung mit Frühstück 90 Euro.,"die Übernachtung, -en",B1.pdf
B1,übernehmen,,"devralmak, üstlenmek","übernimmt, übernahm, hat übernommen.",Verb,Ich habe das Geschäft von meinem Vater übernommen.,"übernehmen, übernimmt, übernahm, hat übernommen.",B1.pdf
B1,überprüfen,,"kontrol etmek, denetlemek","überprüft, überprüfte, hat überprüft",Verb,"Bitte überprüfen Sie, ob Ihr Name richtig geschrieben ist.","überprüfen, überprüft, überprüfte, hat überprüft",B1.pdf
B1,überqueren,,karşıya geçmek,"überquert, überquerte, hat überquert",Verb,Bitte die Straße nur an der Ampel überqueren.,"überqueren, überquert, überquerte, hat überquert",B1.pdf
B1,überraschen,,şaşırtmak,"überrascht, überraschte, hat überrascht",Verb,"Ich bin ganz überrascht, dass die Wohnung so billig ist.","überraschen, überrascht, überraschte, hat überrascht",B1.pdf
B1,Überraschung,die,sürpriz,-en,Nomen,"1. Ich habe eine Überraschung für dich. 2. Das ist ja eine Überraschung. Ich dachte, du bist im Urlaub.","die Überraschung,-en",B1.pdf
B1,überreden,,ikna etmek,"überredet, überredete, hat überredet",Verb,"Zuerst wollte ich nicht, aber mein Bruder hat mich überredet, einen Englischkurs zu machen.","überreden, überredet, überredete, hat überredet",B1.pdf
B1,Überschrift,die,başlık,-en,Nomen,1. Der Artikel erschien unter der folgenden Überschrift: „…“ 2. Die Überschrift passt überhaupt nicht zum Inhalt des Artikels.,"die Überschrift, -en",B1.pdf
B1,übersetzen,,"tercüme etmek, çevirmek","übersetzt, übersetzte, hat übersetzt",Verb,Können Sie mir bitte diesen Brief übersetzen?,"übersetzen, übersetzt, übersetzte, hat übersetzt",B1.pdf
B1,Übersetzer,der,"çevirmen, tercüman","die Übersetzerin, -nen",Nomen,- Meine Tochter möchte als Übersetzerin arbeiten.,"der Übersetzer, die Übersetzerin, -nen",B1.pdf
B1,Übersetzung,die,"tercüme, çeviri",-en,Nomen,Die Übersetzung des Buches ist sehr gut.,"die Übersetzung, -en",B1.pdf
B1,Überstunde,die,fazla mesai,-n,Nomen,Ich muss heute Überstunden machen.,"die Überstunde, -n",B1.pdf
B1,überübertreiben,,abartmak,"übertreibt, übertrieb, hat übertrieben",Verb,Ein bisschen Sport ist gesund. Aber man sollte es nicht übertreiben.,"überübertreiben, übertreibt, übertrieb, hat übertrieben",B1.pdf
B1,überweisen,,havale etmek,"überweist, überwies, hat überwiesen",Verb,1. Ich überweise dir das Geld. 2. Der Arzt hat mich ins Krankenhaus überwiesen.,"überweisen, überweist, überwies, hat überwiesen",B1.pdf
B1,Überweisung,die,"havale, para transferi",- en,Nomen,1. Sie können bar oder per Überweisung bezahlen. 2. Der Hausarzt hat mir eine Überweisung fürs Krankenhaus gegeben.,"die Überweisung, - en",B1.pdf
B1,sich überzeugen,,"ikna olmak, emin olmak","überzeugt, überzeugte, hat überzeugt",Verb,"1. Ihr Vorschlag überzeugt mich gar nicht. 2. Ich bin fest davon überzeugt, dass meine Entscheidung richtig ist. Wie bist du zu dieser Überzeugung gekommen?","(sich) überzeugen, überzeugt, überzeugte, hat überzeugt",B1.pdf
B1,Überzeugung,die,"kanaat, inanç",-en,Nomen,"1. Ihr Vorschlag überzeugt mich gar nicht. 2. Ich bin fest davon überzeugt, dass meine Entscheidung richtig ist. Wie bist du zu dieser Überzeugung gekommen?","die Überzeugung, -en",B1.pdf
B1,üblich,,"alışılmış, olağan, yaygın",,Sonstiges,"In Deutschland ist es üblich, früh zu Abend zu essen.",üblich,B1.pdf
B1,übrig,,"artan, geriye kalan",,Sonstiges,Ist noch etwas zu essen übrig?,übrig,B1.pdf
B1,übrigens,,"bu arada, sırası gelmişken",,Sonstiges,"Übrigens, kennst du schon die neuen Nachbarn?",übrigens,B1.pdf
B1,Ufer,das,"kıyı, sahil",-,Nomen,1. Er schwimmt ans Ufer zurück. 2. Am Seeufer ist es schön spazieren zu gehen.,"das Ufer, -",B1.pdf
B1,Uhr,die,saat,-en,Nomen,1. Wie viel Uhr ist es? 2. Es ist vier Uhr. 3. Um wie viel Uhr müssen wir gehen? 4. Meine Uhr ist stehen geblieben.,"die Uhr, -en",B1.pdf
B1,um,,"saat ...'de, etrafında, çevresinde",,Sonstiges,1. Wir treffen uns um 8 Uhr. 2. Die Apotheke ist gleich um die Ecke. 3. Die Benzinpreise sind schon wieder um 3 % gestiegen.,um,B1.pdf
B1,umarmen,,"kucaklamak, sarılmak","umarmt, umarmte, hat umarmt",Verb,Lass dich zum Abschied umarmen.,"umarmen, umarmt, umarmte, hat umarmt",B1.pdf
B1,um … zu,,-mek için,,Sonstiges,"Um gesund zu bleiben, musst du Sport machen und Gemüse essen.",um … zu,B1.pdf
B1,sich umdrehen,,"dönmek, çevirmek","dreht um, drehte um, hat umgedreht",Verb,1. Dreh dich mal um. Da hinten liegt das Buch doch. 2. Dreh das Blatt um; die Lösung steht auf der Rückseite.,"(sich) umdrehen, dreht um, drehte um, hat umgedreht",B1.pdf
B1,Umfrage,die,anket,-n,Nomen,Wir machen eine Umfrage zum Thema Umweltschutz.,"die Umfrage, -n",B1.pdf
B1,Umgebung,die,"çevre, civar",-en,Nomen,In der Umgebung von Berlin kann man schöne Ausflüge machen.,"die Umgebung, -en",B1.pdf
B1,umgehen,,"idare etmek, davranmak","geht um, ging um, ist umgegangen",Verb,Er kann sehr gut mit Kindern umgehen.,"umgehen, geht um, ging um, ist umgegangen",B1.pdf
B1,umgekehrt,,"tam tersi, tersine",,Sonstiges,"Nein, umgekehrt: erst der Vorname, dann der Nachname.",umgekehrt,B1.pdf
B1,Umleitung,die,"trafik yönlendirmesi, alternatif yol",-en,Nomen,Es gibt wegen des Unfalls eine Umleitung.,"die Umleitung, -en",B1.pdf
B1,umso,,"o kadar daha, ne kadar... o kadar",,Sonstiges,"1. Je früher wir dort sind, umso besser sind unsere Chancen auf einen guten Sitzplatz. 2. Ich kann dir nicht nur heute, sondern auch morgen helfen. – Umso besser!",umso,B1.pdf
B1,umsonst,,"bedava, boşuna",,Sonstiges,1. Ich musste nichts bezahlen. Die Reparatur war umsonst.,umsonst,B1.pdf
B1,umsteigen,,aktarma yapmak,"steigt um, stieg um, ist umgestiegen",Verb,"2. Nichts hat geholfen, es war alles umsonst. In Ulm müssen Sie umsteigen.","umsteigen, steigt um, stieg um, ist umgestiegen",B1.pdf
B1,umtauschen,,değiştirmek,"tauscht um, tauschte um, hat umgetauscht",Verb,1. Ich möchte diese Bluse umtauschen. Sie passt mir nicht. 2. Wo kann ich Geld umtauschen?,"umtauschen, tauscht um, tauschte um, hat umgetauscht",B1.pdf
B1,Umtausch,der,"değişim, iade",¨-e,Nomen,Ein Umtausch ist leider nicht möglich.,"der Umtausch, ¨-e",B1.pdf
B1,Umwelt,die,çevre,,Nomen,Alte Autos sind ein Problem für die Umwelt.,die Umwelt,B1.pdf
B1,Umweltschutz,der,çevre koruma,,Nomen,Das Land muss mehr Geld für Umweltschutz ausgeben.,der Umweltschutz,B1.pdf
B1,Umweltverschmutzung,die,çevre kirliliği,-en,Nomen,Die Umweltverschmutzung nimmt weiter zu.,"die Umweltverschmutzung, -en",B1.pdf
B1,umziehen,,taşınmak,"zieht um, zog um, ist umgezogen",Verb,Familie Meier ist letzten Monat umgezogen. Sie wohnen nicht mehr hier.,"umziehen, zieht um, zog um, ist umgezogen",B1.pdf
B1,Umzug,der,taşınma,¨-e,Nomen,Der Umzug ist nächste Woche.,"der Umzug, ¨-e",B1.pdf
B1,sich umziehen,,"üstünü değiştirmek, kıyafet değiştirmek","zieht sich um, zog sich um, hat sich umgezogen",Verb,"Bevor wir zur Party gehen, möchte ich mich umziehen.","sich umziehen, zieht sich um, zog sich um, hat sich umgezogen",B1.pdf
B1,un-,,olumsuzluk öneki,,Sonstiges,1. Der Verkäufer war sehr unfreundlich. 2. Dieses Geräusch ist mir unangenehm. 3. Er kam wie immer unpünktlich.,un-,B1.pdf
B1,unbedingt,,"mutlaka, kesinlikle",,Sonstiges,Ich muss unbedingt mit dir sprechen.,unbedingt,B1.pdf
B1,und,,ve,,Sonstiges,1. Ich habe heute und morgen frei. 2. Ich kaufe ein und mein Mann kocht.,und,B1.pdf
B1,Unfall,der,kaza,¨-e,Nomen,Ich hatte letzte Woche einen Unfall.,"der Unfall, ¨-e",B1.pdf
B1,ungefähr,,"yaklaşık, aşağı yukarı",,Sonstiges,"Wie weit ist es bis zum Bahnhof? – Nicht weit, ungefähr zehn Minuten zu Fuß.",ungefähr,B1.pdf
B1,ungewöhnlich,,"alışılmadık, olağandışı",,Sonstiges,"Ich finde diese Speise ungewöhnlich, aber sie schmeckt gut.",ungewöhnlich,B1.pdf
B1,unglaublich,,inanılmaz,,Sonstiges,Es ist unglaublich. Schon wieder so ein Unglück.,unglaublich,B1.pdf
B1,Unglück,das,"kaza, felaket, talihsizlik",-e,Nomen,Bei dem Unglück gab es viele Verletzte.,"das Unglück, -e",B1.pdf
B1,unheimlich,,"ürkütücü, tekinsiz",,Sonstiges,1. Ich mag dieses Haus nicht. Es sieht unheimlich aus. 2. Diese Person ist mir unheimlich. 3. Lass uns umkehren. Mir wird im Dunkeln unheimlich. 4. Die Prüfung war unheimlich schwer.,unheimlich,B1.pdf
B1,Uniform,die,üniforma,-en,Nomen,"In der Schule, die sie besucht, trägt man Uniformen.","die Uniform, -en",B1.pdf
B1,Universität,die,üniversite,-en unten,Nomen,"Mein Sohn studiert an der Universität. 1. Wir wohnen im 3. Stock, meine Eltern unten im 1. Stock. 2. Sie ist mal kurz nach unten gegangen.","die Universität, -en unten",B1.pdf
B1,unter,,altında,,Sonstiges,1. Unter uns wohnt eine Familie mit drei Kindern. 2. Die CDs sind im Regal unter dem Fernseher.,unter,B1.pdf
B1,unter-,,alt-,,Sonstiges,Mein Pass ist im unteren Regal.,unter-,B1.pdf
B1,unterbrechen,,"kesmek, sözünü kesmek, ara vermek","unterbricht, unterbrach, hat unterbrochen",Verb,"1. Wir unterbrechen die Sendung für eine wichtige Nachricht. 2. Bitte unterbrich mich nicht, wenn ich spreche.","unterbrechen, unterbricht, unterbrach, hat unterbrochen",B1.pdf
B1,sich unterhalten,,"sohbet etmek, eğlenmek","unterhält, unterhielt, hat unterhalten",Verb,1. Wir haben uns über das Fußballspiel unterhalten. 2. Ich habe mich bei der Party sehr gut unterhalten.,"(sich) unterhalten, unterhält, unterhielt, hat unterhalten",B1.pdf
B1,Unterhaltung,die,"sohbet, eğlence",-en,Nomen,Wir wünschen Ihnen gute Unterhaltung.,"die Unterhaltung, -en",B1.pdf
B1,Unterkunft,die,"konaklama yeri, kalacak yer",¨-e,Nomen,1. Ich komme drei Tage nach Hamburg und suche eine günstige Unterkunft. 2. Ist dieser Preis inklusive Unterkunft und Essen?,"die Unterkunft, ¨-e",B1.pdf
B1,Unterlagen,die,"belgeler, evraklar",(Pl.),Nomen,Ich schicke Ihnen alle Unterlagen mit der Post zu.,die Unterlagen (Pl.),B1.pdf
B1,unterlassen,,"kaçınmak, yapmamak","unterlässt, unterließ, hat unterlassen",Verb,Das Rauchen auf den Gängen ist zu unterlassen.,"unterlassen, unterlässt, unterließ, hat unterlassen",B1.pdf
B1,unternehmen,,"bir şey yapmak, girişimde bulunmak","unternimmt, unternahm, hat unternommen",Verb,Wollen wir heute Abend noch etwas unternehmen?,"unternehmen, unternimmt, unternahm, hat unternommen",B1.pdf
B1,Unternehmer,der,"girişimci, işadamı","die Unternehmerin, -nen",Nomen,- Sie ist erfolgreiche Unternehmerin.,"der Unternehmer, die Unternehmerin, -nen",B1.pdf
B1,unterrichten,,"ders vermek, öğretmek","unterrichtet, unterrichtete, hat unterrichtet",Verb,Meine Frau unterrichtet Spanisch.,"unterrichten, unterrichtet, unterrichtete, hat unterrichtet",B1.pdf
B1,Unterricht,der,ders,,Nomen,Der Unterricht dauert von 17 bis 19 Uhr.,der Unterricht,B1.pdf
B1,untersagt,,yasak,,Sonstiges,"Es ist untersagt, hier zu rauchen.",untersagt,B1.pdf
B1,unterscheiden,,"ayırt etmek, ayırmak","unterscheidet, unterschied, hat unterschieden",Verb,Ihr seid euch sehr ähnlich. Auf dem Foto kann man euch beide nicht unterscheiden.,"unterscheiden, unterscheidet, unterschied, hat unterschieden",B1.pdf
B1,Unterschied,der,fark,-e,Nomen,"Können Sie mir sagen, was der Unterschied ist? Welche Fahrkarte ist günstiger?","der Unterschied, -e",B1.pdf
B1,unterschiedlich,,"farklı, değişik",,Sonstiges,"Mein Bruder und ich sind sehr unterschiedlich. Er interessiert sich für Mathematik, ich mich für Sprachen.",unterschiedlich,B1.pdf
B1,unterschreiben,,imzalamak,"unterschreibt, unterschrieb, hat unterschrieben",Verb,Unterschreiben Sie bitte hier unten rechts.,"unterschreiben, unterschreibt, unterschrieb, hat unterschrieben",B1.pdf
B1,Unterschrift,die,imza,-en,Nomen,Auf dem Schreiben fehlt die Unterschrift.,"die Unterschrift, -en",B1.pdf
B1,unterstreichen,,altını çizmek,"unterstreicht, unterstrich, hat unterstrichen",Verb,Wir sollen alle wichtigen Wörter unterstreichen.,"unterstreichen, unterstreicht, unterstrich, hat unterstrichen",B1.pdf
B1,unterstützen,,desteklemek,"unterstützt, unterstützte, hat unterstützt",Verb,"Sie unterstützen mich, wo sie nur können.","unterstützen, unterstützt, unterstützte, hat unterstützt",B1.pdf
B1,Unterstützung,die,destek,-en,Nomen,Ich nehme Ihre Unterstützung gern an.,"die Unterstützung, -en",B1.pdf
B1,untersuchen,,"muayene etmek, incelemek","untersucht, untersuchte, hat untersucht",Verb,Sie sollten sich vom Arzt untersuchen lassen.,"untersuchen, untersucht, untersuchte, hat untersucht",B1.pdf
B1,Untersuchung,die,"muayene, inceleme",-en,Nomen,Ich habe morgen eine Untersuchung im Krankenhaus.,"die Untersuchung, -en",B1.pdf
B1,unterwegs,,yolda,,Sonstiges,"1. Warte auf mich. Ich bin unterwegs und komme gleich. 2. Unterwegs können wir noch etwas essen. 3. Stell dir vor, der Brief war zwei Wochen unterwegs.",unterwegs,B1.pdf
B1,Urkunde,die,"belge, sertifika, diploma",-n,Nomen,"Wenn wir das Spiel gewinnen, bekommen wir eine Urkunde.","die Urkunde, -n",B1.pdf
B1,Urlaub,der,"tatil, izin","-e (D, A) → CH: Ferien",Nomen,Ich habe noch drei Tage Urlaub.,"der Urlaub, -e (D, A) → CH: Ferien",B1.pdf
B1,Ursache,die,"neden, sebep",-n,Nomen,1. Kennt man schon die Unfallursache? 2. Vielen Dank! – Keine Ursache!,"die Ursache, -n",B1.pdf
B1,verursachen,,"neden olmak, sebep olmak","verursacht, verursachte, hat verursacht",Verb,Dieser Busfahrer verursachte den Unfall.,"verursachen, verursacht, verursachte, hat verursacht",B1.pdf
B1,ursprünglich,,"başlangıçta, aslında",,Sonstiges,Ursprünglich wollte ich in einem Restaurant arbeiten. Aber dann bin ich Busfahrerin geworden.,ursprünglich,B1.pdf
B1,Urteil,das,"karar, hüküm, yargı",-e,Nomen,1. Dein Urteil ist für mich sehr wichtig. 2. Das Urteil des Gerichts erscheint mir zu hart.,"das Urteil, -e",B1.pdf
B1,Vase,die,vazo,-n,Nomen,Hast du eine Vase für die Blumen?,"die Vase, -n",B1.pdf
B1,Vater,der,baba,¨-,Nomen,1. Mein Vater arbeitet in einem Restaurant. 2. Herr Müller ist Vater geworden.,"der Vater, ¨-",B1.pdf
B1,vegetarisch,,vejetaryen,,Sonstiges,1. Ich mag kein Fleisch. Ich esse am liebsten vegetarisch. 2. Haben Sie auch vegetarische Gerichte?,vegetarisch,B1.pdf
B1,Velo,das,bisiklet,"-s (CH) → Fahrrad, D, A: Rad",Nomen,1. Sie fährt jeden Morgen mit dem Velo zur Arbeit. 2. Am Sonntag fahren wir oft Velo.,"das Velo, -s (CH) → Fahrrad; D, A: Rad",B1.pdf
B1,sich verabreden,,"buluşmak üzere sözleşmek, randevulaşmak","verabredet, verabredete, hat verabredet",Verb,Wir haben uns mit Freunden verabredet. Wir wollen zusammen essen.,"(sich) verabreden, verabredet, verabredete, hat verabredet",B1.pdf
B1,verabredet,,"randevusu olan, sözleşmiş",,Sonstiges,"Tut mir leid, ich habe keine Zeit. Ich bin mit meiner Freundin verabredet.",verabredet,B1.pdf
B1,Verabredung,die,"randevu, buluşma",-en,Nomen,Ich habe um 15 Uhr eine Verabredung mit Klaus.,"die Verabredung, -en",B1.pdf
B1,sich verabschieden,,vedalaşmak,"verabschiedet, verabschiedete, hat verabschiedet",Verb,1. Ich wurde von meinen Freunden sehr nett verabschiedet. 2. Es ist schon 23 Uhr. Ich möchte mich verabschieden.,"(sich) verabschieden, verabschiedet, verabschiedete, hat verabschiedet",B1.pdf
B1,Abschied,der,veda,-e,Nomen,Der Abschied von meinen Freunden fiel mir schwer.,"der Abschied, -e",B1.pdf
B1,sich verändern,,değişmek,"verändert, veränderte, hat verändert",Verb,1. Das geht so nicht. Wir müssen die Organisation verändern. 2. Wir haben uns lange nicht gesehen. Aber du hast dich gar nicht verändert.,"(sich) verändern, verändert, veränderte, hat verändert",B1.pdf
B1,Veranstaltung,die,etkinlik,-en,Nomen,Am Samstag ist unser Lokal geschlos - sen. Wir haben eine Veranstaltung.,"die Veranstaltung, -en",B1.pdf
B1,verantwortlich,,sorumlu,,Sonstiges,Sie sind für Ihre Kinder verantwortlich.,verantwortlich,B1.pdf
B1,Verantwortung,die,sorumluluk,,Nomen,Sie tragen die Verantwortung für Ihre Kinder.,die Verantwortung,B1.pdf
B1,sich verbessern,,"kendini geliştirmek, ilerlemek, düzelmek","verbessert, verbesserte, hat verbessert",Verb,1. Ich habe mein Deutsch verbessert. 2. Meine Kinder haben sich in der Schule verbessert.,"(sich) verbessern, verbessert, verbesserte, hat verbessert",B1.pdf
B1,verbieten,,yasaklamak,"verbietet, verbot, hat verboten",Verb,Ich werde meinen Kindern das Rauchen verbieten.,"verbieten, verbietet, verbot, hat verboten",B1.pdf
B1,Verbot,das,yasak,-e,Nomen,Ich bin für das Verbot dieses neuen Videospiels.,"das Verbot, -e",B1.pdf
B1,verboten,,yasak,,Sonstiges,In den meisten Restaurants ist Rauchen verboten.,verboten,B1.pdf
B1,verbinden,,"bağlamak, sarmak","verbindet, verband, hat verbunden",Verb,1. Wir müssen die Wunde sofort verbinden.,"verbinden, verbindet, verband, hat verbunden",B1.pdf
B1,Verbindung,die,bağlantı,-en,Nomen,"2. Sie sind falsch verbunden! Hier ist Müller, nicht Meyer. 1. Die Verbindung ist sehr gut. Ich kann direkt mit diesem Zug fahren und muss nicht umsteigen. 2. Kannst du bitte lauter sprechen? Die Verbindung ist sehr schlecht.","die Verbindung, -en",B1.pdf
B1,verbrauchen,,"tüketmek, harcamak","verbraucht, verbrauchte, hat verbraucht",Verb,Wie viel Benzin verbraucht dein Auto?,"verbrauchen, verbraucht, verbrauchte, hat verbraucht",B1.pdf
B1,Verbrecher,der,suçlu,-,Nomen,Die Polizei hat den Verbrecher verhaftet.,"der Verbrecher, -",B1.pdf
B1,Verbrecherin,die,suçlu,-nen,Nomen,Die Polizei hat den Verbrecher verhaftet.,"die Verbrecherin, -nen",B1.pdf
B1,sich verbrennen,,"yakmak, yanmak","verbrennt, verbrannte, hat verbrannt",Verb,1. Ich werde alle Briefe verbrennen. 2. Der Herd war noch heiß. Ich habe mich verbrannt.,"(sich) verbrennen, verbrennt, verbrannte, hat verbrannt",B1.pdf
B1,verbringen,,geçirmek,"verbringt, verbrachte, hat verbracht",Verb,Wie haben Sie Ihren Urlaub verbracht?,"verbringen, verbringt, verbrachte, hat verbracht",B1.pdf
B1,Verdacht,der,şüphe,,Nomen,"1. Wer hat das Geld aus der Kasse genommen? – Ich weiß es nicht, aber ich habe einen Verdacht. 2. Wen haben Sie in Verdacht?",der Verdacht,B1.pdf
B1,verdächtig,,şüpheli,,Sonstiges,1. Die Tür war nicht abgeschlossen. Das ist verdächtig. 2. Haben Sie etwas Verdächtiges gesehen?,verdächtig,B1.pdf
B1,verdienen,,kazanmak,"verdient, verdiente, hat verdient",Verb,1. In diesem Beruf verdient man gut. 2. Er hat den Urlaub wirklich verdient.,"verdienen, verdient, verdiente, hat verdient",B1.pdf
B1,Verein,der,"dernek, kulüp",-e,Nomen,Ich bin schon seit 15 Jahren Mitglied in diesem Verein.,"der Verein, -e",B1.pdf
B1,vereinbaren,,"kararlaştırmak, anlaşmak","vereinbart, vereinbarte, hat vereinbart",Verb,Können wir einen Termin vereinbaren?,"vereinbaren, vereinbart, vereinbarte, hat vereinbart",B1.pdf
B1,Vergangenheit,die,geçmiş,,Nomen,In der Vergangenheit war das anders.,die Vergangenheit,B1.pdf
B1,vergeblich,,"boşuna, sonuçsuz",,Sonstiges,Ich habe vergeblich versucht dich anzurufen.,vergeblich,B1.pdf
B1,vergessen,,unutmak,"vergisst, vergaß, hat vergessen",Verb,1. Ich habe den Termin ganz vergessen. 2. Ich habe meinen Pass vergessen.,"vergessen, vergisst, vergaß, hat vergessen",B1.pdf
B1,vergleichen,,karşılaştırmak,"vergleicht, verglich, hat verglichen",Verb,Vergleichen Sie die Angebote.,"vergleichen, vergleicht, verglich, hat verglichen",B1.pdf
B1,Vergleich,der,karşılaştırma,-e,Nomen,1. Ein Vergleich ist schwer möglich. 2. Im Vergleich zum Wetter letzte Woche ist es heute warm.,"der Vergleich, -e",B1.pdf
B1,sich vergnügen,,"eğlenmek, keyif almak","vergnügt sich, vergnügte sich, hat sich vergnügt",Verb,Auf der Party habe ich mich sehr vergnügt.,"sich vergnügen, vergnügt sich, vergnügte sich, hat sich vergnügt",B1.pdf
B1,Vergnügen,das,"keyif, zevk, eğlence",,Nomen,"- 1. Es ist ein Vergnügen, den Kindern beim Spielen zuzusehen. 2. Ich wünsche dir viel Vergnügen bei der Party!","das Vergnügen,",B1.pdf
B1,vergnügt,,"neşeli, keyifli",,Sonstiges,Er kam mit einem vergnügten Grinsen herein.,vergnügt,B1.pdf
B1,vergrößern,,büyütmek,"vergrößert, vergrößerte, hat vergrößert",Verb,1. Können Sie das Foto vergrößern? 2. Wir wollen unser Geschäft vergrößern.,"vergrößern, vergrößert, vergrößerte, hat vergrößert",B1.pdf
B1,verhaften,,tutuklamak,"verhaftet, verhaftete, hat verhaftet",Verb,Die Polizei hat 23 Menschen verhaftet.,"verhaften, verhaftet, verhaftete, hat verhaftet",B1.pdf
B1,sich verhalten,,davranmak,"verhält sich, verhielt sich, hat sich verhalten",Verb,Der Mann hat sich uns gegenüber merkwürdig verhalten.,"sich verhalten, verhält sich, verhielt sich, hat sich verhalten",B1.pdf
B1,Verhalten,das,davranış,,Nomen,Ich bewundere dein Verhalten in der schwierigen Situation.,das Verhalten,B1.pdf
B1,Verhältnis,das,ilişki,-se,Nomen,Ich habe ein gutes Verhältnis zu meinen Eltern.,"das Verhältnis, -se",B1.pdf
B1,verheiratet,,evli,,Sonstiges,1. Mit wem sind Sie verheiratet? 2. Meine Eltern sind seit 30 Jahren verheiratet.,verheiratet,B1.pdf
B1,verhindern,,"önlemek, engellemek","verhindert, verhinderte, hat verhindert",Verb,Wir konnten den Unfall nicht verhindern.,"verhindern, verhindert, verhinderte, hat verhindert",B1.pdf
B1,verkaufen,,satmak,"verkauft, verkaufte, hat verkauft",Verb,Ich habe unser altes Auto verkauft.,"verkaufen, verkauft, verkaufte, hat verkauft",B1.pdf
B1,Verkäufer,der,satıcı,-,Nomen,Die Verkäuferin wird Ihnen gleich helfen.,"der Verkäufer, -",B1.pdf
B1,Verkäuferin,die,"satıcı, tezgahtar",-nen,Nomen,Die Verkäuferin wird Ihnen gleich helfen.,"die Verkäuferin, -nen",B1.pdf
B1,Verkehr,der,trafik,,Nomen,Morgens ist hier immer viel Verkehr.,der Verkehr,B1.pdf
B1,Verkehrsmittel,das,ulaşım aracı,,Nomen,- Es gibt kaum Parkplätze. Sie sollten mit öffentlichen Verkehrsmitteln fahren.,"das Verkehrsmittel,",B1.pdf
B1,Verlag,der,yayınevi,-e (A: ¨-e),Nomen,Von welchem Verlag ist dieses Buch?,"der Verlag, -e (A: ¨-e)",B1.pdf
B1,verlangen,,"istemek, talep etmek","verlangt, verlangte, hat verlangt",Verb,"1. Jeden Tag Überstunden? Das können Sie nicht verlangen. 2. Wie viel verlangen Sie für das Auto? 3. Frau Müller, Sie werden am Telefon verlangt.","verlangen, verlangt, verlangte, hat verlangt",B1.pdf
B1,verlängern,,uzatmak,"verlängert, verlängerte, hat verlängert",Verb,1. Ich muss meinen Pass verlängern lassen. 2. Die U-Bahn Linie U4 wird verlängert.,"verlängern, verlängert, verlängerte, hat verlängert",B1.pdf
B1,verlassen,,"terk etmek, ayrılmak","verlässt, verließ, hat verlassen",Verb,1. Ich habe die Party um 3 Uhr verlassen. 2. Du kannst dich auf mich verlassen. Ich helfe dir auf jeden Fall.,"verlassen, verlässt, verließ, hat verlassen",B1.pdf
B1,sich verlaufen,,yolunu kaybetmek,"verläuft sich, verlief sich, hat sich verlaufen",Verb,Gestern haben wir uns im Wald verlaufen. Wir haben erst eine Stunde später den richtigen Weg gefunden.,"sich verlaufen, verläuft sich, verlief sich, hat sich verlaufen",B1.pdf
B1,sich verletzen,,yaralanmak,"verletzt, verletzte, hat verletzt",Verb,1. Ich habe mich an der Hand verletzt. 2. Ich habe mir den Arm verletzt.,"(sich) verletzen, verletzt, verletzte, hat verletzt",B1.pdf
B1,Verletzung,die,yaralanma,-en,Nomen,Keine Angst. Die Verletzung ist nicht so schlimm.,"die Verletzung, -en",B1.pdf
B1,sich verlieben,,aşık olmak,"verliebt sich, verliebte sich, hat sich verliebt",Verb,Ich habe mich verliebt.,"sich verlieben, verliebt sich, verliebte sich, hat sich verliebt",B1.pdf
B1,verliebt,,aşık,,Sonstiges,Ich bin in Francesco verliebt.,verliebt,B1.pdf
B1,verlieren,,kaybetmek,"verliert, verlor, hat verloren",Verb,1. Ich habe meine Brieftasche verloren. 2. Jennifer hat ihre Stelle verloren. 3. Sie dürfen den Mut nicht verlieren. 4. Unsere Mannschaft hat 3:5 verloren.,"verlieren, verliert, verlor, hat verloren",B1.pdf
B1,Verlierer,der,kaybeden,"die Verliererin, -nen",Nomen,- Sie ist eine gute Verliererin.,"der Verlierer, die Verliererin, -nen",B1.pdf
B1,Verlust,der,kayıp,-e,Nomen,Der Verlust meiner Uhr ärgert mich sehr.,"der Verlust, -e",B1.pdf
B1,vermeiden,,"kaçınmak, önlemek","vermeidet, vermied, hat vermieden",Verb,"Der Arzt sagt, ich soll Stress vermeiden.","vermeiden, vermeidet, vermied, hat vermieden",B1.pdf
B1,vermieten,,kiraya vermek,"vermietet, vermietete, hat vermietet",Verb,1. Bei uns im Haus ist ein Zimmer zu vermieten. 2. Die Wohnung ist schon vermietet.,"vermieten, vermietet, vermietete, hat vermietet",B1.pdf
B1,Vermieter,der,"ev sahibi, kiraya veren","die Vermieterin, -nen",Nomen,"- Unsere Vermieterin ist eine sehr nette, ältere Frau.","der Vermieter, die Vermieterin, -nen",B1.pdf
B1,Vermietung,die,"kiralama, kiraya verme",-en,Nomen,Mit der Vermietung von Wohnungen kann man viel Geld verdienen.,"die Vermietung, -en",B1.pdf
B1,vermissen,,özlemek,"vermisst, vermisste, hat vermisst",Verb,Ich vermisse meine Familie.,"vermissen, vermisst, vermisste, hat vermisst",B1.pdf
B1,Vermittlung,die,"aracılık bürosu, santral",-en,Nomen,1. Du suchst ein Zimmer? Dann frag bei der Vermittlung am Bahnhof nach. 2. Rufen Sie die Vermittlung an und fragen Sie nach der Telefonnummer von Herrn Fischer.,"die Vermittlung, -en",B1.pdf
B1,vermuten,,"sanmak, tahmin etmek, varsaymak","vermutet, vermutete, hat vermutet",Verb,"Ich vermute, sie wird heute nicht kommen.","vermuten, vermutet, vermutete, hat vermutet",B1.pdf
B1,vermutlich,,"muhtemelen, galiba",,Sonstiges,Vermutlich sagt er die Wahrheit.,vermutlich,B1.pdf
B1,vernünftig,,"makul, mantıklı, akıllıca",,Sonstiges,1. Seien Sie doch vernünftig! 2. Das ist ein ganz vernünftiger Vorschlag.,vernünftig,B1.pdf
B1,verpacken,,"paketlemek, ambalajlamak","verpackt, verpackte, hat verpackt",Verb,Hast Du die Pakete gut verpackt?,"verpacken, verpackt, verpackte, hat verpackt",B1.pdf
B1,verpassen,,kaçırmak,"verpasst, verpasste, hat verpasst",Verb,1. Ich habe den Zug verpasst. 2. Ich habe die 12-Uhr-Nachrichten verpasst.,"verpassen, verpasst, verpasste, hat verpasst",B1.pdf
B1,verpflegen,,"beslemek, yemek sağlamak","verpflegt, verpflegte, hat verpflegt",Verb,Wir werden hier sehr gut mit Essen verpflegt.,"verpflegen, verpflegt, verpflegte, hat verpflegt",B1.pdf
B1,verpflichtet,,"yükümlü, zorunlu",,Sonstiges,"Sie sind verpflichtet, den Unfall zu melden.",verpflichtet,B1.pdf
B1,verraten,,"ele vermek, açığa vurmak","verrät, verriet, hat verraten",Verb,"1. Wer hat dir das Geheimnis verraten? 2. Sein Blick verriet mir, dass er verletzt ist.","verraten, verrät, verriet, hat verraten",B1.pdf
B1,verreisen,,seyahate çıkmak,"verreist, verreiste, ist verreist",Verb,Frau Dr. Müller ist zurzeit verreist.,"verreisen, verreist, verreiste, ist verreist",B1.pdf
B1,verrückt,,"çılgın, deli",,Sonstiges,1. Bist du verrückt geworden?! 2. So eine verrückte Idee.,verrückt,B1.pdf
B1,Versammlung,die,"toplantı, meclis",-en,Nomen,Der Minister hielt bei der Versammlung eine Rede.,"die Versammlung, -en",B1.pdf
B1,versäumen,,"kaçırmak, ihmal etmek","versäumt, versäumte, hat versäumt",Verb,"Tut mir leid, ich habe die Anmeldefrist versäumt.","versäumen, versäumt, versäumte, hat versäumt",B1.pdf
B1,verschieben,,ertelemek,"verschiebt, verschob, hat verschoben",Verb,Leider muss ich den Termin verschieben.,"verschieben, verschiebt, verschob, hat verschoben",B1.pdf
B1,verschieden,,"farklı, çeşitli",,Sonstiges,1. Unsere beiden Kinder sind sehr verschieden. 2. Wir haben dieses Kleid in verschiedenen Farben.,verschieden,B1.pdf
B1,verschreiben,,"reçete etmek, reçete yazmak","verschreibt, verschrieb, hat verschrieben",Verb,Die Ärztin hat mir Tabletten verschrieben.,"verschreiben, verschreibt, verschrieb, hat verschrieben",B1.pdf
B1,verschwinden,,"kaybolmak, ortadan kaybolmak","verschwindet, verschwand, ist verschwunden",Verb,Mein Ausweis ist verschwunden. Hast du ihn vielleicht gesehen?,"verschwinden, verschwindet, verschwand, ist verschwunden",B1.pdf
B1,versichern,,"sigortalamak, temin etmek","versichert, versicherte, hat versichert",Verb,1. Wollen Sie Ihr Gepäck versichern? 2. Wie sind Sie versichert?,"versichern, versichert, versicherte, hat versichert",B1.pdf
B1,Versichertenkarte,die,"sigorta kartı, sağlık kartı",-n → (D) A: e-card,Nomen,Haben Sie Ihre Versichertenkarte dabei?,"die Versichertenkarte, -n → (D) A: e-card",B1.pdf
B1,Versicherung,die,sigorta,-en,Nomen,1. Sie sollten eine Versicherung für Ihr Gepäck abschließen. 2. Sie müssen den Unfall der Versicherung melden.,"die Versicherung, -en",B1.pdf
B1,Verspätung,die,gecikme,-en,Nomen,Unser Zug hatte 10 Minuten Verspätung.,"die Verspätung, -en",B1.pdf
B1,versprechen,,söz vermek,"verspricht, versprach, hat versprochen",Verb,"Meine Mutter hat mir versprochen, mich abzuholen.","versprechen, verspricht, versprach, hat versprochen",B1.pdf
B1,verständlich,,anlaşılır,,Sonstiges,"Nach acht Stunden Schule haben die Kinder keine Lust mehr, die Hausaufgaben zu machen. Ich finde das verständlich.",verständlich,B1.pdf
B1,Verständnis,das,anlayış,,Nomen,Wir bitten um Ihr Verständnis.,das Verständnis,B1.pdf
B1,sich verstecken,,"saklanmak, gizlenmek","versteckt, versteckte, hat versteckt",Verb,1. Ich habe das Geld hinter dem Regal versteckt. 2. Die Kinder verstecken sich im Wald.,"(sich) verstecken, versteckt, versteckte, hat versteckt",B1.pdf
B1,sich verstehen,,anlamak,"versteht, verstand, hat verstanden",Verb,1. Ich kann Sie kaum verstehen. Sprechen Sie bitte lauter. 2. Den Satz verstehe ich nicht. 3. Ich verstehe nichts von Computern. 4. Unsere beiden Kinder verstehen sich sehr gut.,"(sich) verstehen, versteht, verstand, hat verstanden",B1.pdf
B1,versuchen,,denemek,"versucht, versuchte, hat versucht",Verb,"1. Haben Sie es schon mal mit diesem Mittel versucht? 2. Ich habe immer wieder versucht, Sie zu erreichen. 3. Versuchen Sie doch mal meinen Apfelkuchen.","versuchen, versucht, versuchte, hat versucht",B1.pdf
B1,Versuch,der,"deneme, girişim, deney",-e,Nomen,"1. In der Forschung werden viele Versuche gemacht. 2. Mein Versuch, etwas zu ändern, blieb ohne Erfolg.","der Versuch, -e",B1.pdf
B1,verteilen,,dağıtmak,"verteilt, verteilte, hat verteilt",Verb,Kannst du bitte schon mal die Gläser verteilen?,"verteilen, verteilt, verteilte, hat verteilt",B1.pdf
B1,Vertrag,der,sözleşme,¨-e,Nomen,Sie beide müssen den Vertrag unterschreiben.,"der Vertrag, ¨-e",B1.pdf
B1,vertrauen,,güvenmek,"vertraut, vertraute, hat vertraut",Verb,Ich kenne dich gut. Ich vertraue dir.,"vertrauen, vertraut, vertraute, hat vertraut",B1.pdf
B1,Vertrauen,das,güven,,Nomen,Ich habe Vertrauen zu Ihnen.,das Vertrauen,B1.pdf
B1,vertreten,,"temsil etmek, vekalet etmek","vertritt, vertrat, hat vertreten",Verb,"Wer vertritt Sie, wenn Sie Urlaub machen?","vertreten, vertritt, vertrat, hat vertreten",B1.pdf
B1,Vertreter,der,"temsilci, vekil","die Vertreterin, -nen",Nomen,"- 1. Als Herr Dr. Müller in Urlaub war, bin ich zu seiner Vertreterin gegangen. 2. Die Elternvertreter treffen sich morgen Abend in der Schule.","der Vertreter, die Vertreterin, -nen",B1.pdf
B1,Vertretung,die,"vekalet, temsil",-en,Nomen,Herr Dr. Meyer macht für mich die Vertretung.,"die Vertretung, -en",B1.pdf
B1,verurteilen,,"mahkum etmek, hüküm giydirmek","verurteilt, verurteilte, hat verurteilt",Verb,Das Gericht hat den Täter zu einer Geldstrafe verurteilt.,"verurteilen, verurteilt, verurteilte, hat verurteilt",B1.pdf
B1,Verwaltung,die,"yönetim, idare",-en,Nomen,Sprechen Sie bitte mit der Verwaltung. Die können Ihnen helfen.,"die Verwaltung, -en",B1.pdf
B1,verwandt,,akraba,,Sonstiges,Sind Sie mit Frau Meyer verwandt?,verwandt,B1.pdf
B1,Verwandte,der,akraba,-n,Nomen,Zu meinem Geburtstag kommen alle Verwandten.,"der Verwandte, -n",B1.pdf
B1,Verwandte,die,akraba,-n,Nomen,Zu meinem Geburtstag kommen alle Verwandten.,"die Verwandte, -n",B1.pdf
B1,verwechseln,,karıştırmak,"verwechselt, verwechselte, hat verwechselt",Verb,"Entschuldigen Sie, ich habe Sie mit jemandem verwechselt.","verwechseln, verwechselt, verwechselte, hat verwechselt",B1.pdf
B1,verwenden,,kullanmak,"verwendet, verwendete, hat verwendet",Verb,Dieses Wort wird oft verwendet.,"verwenden, verwendet, verwendete, hat verwendet",B1.pdf
B1,verzeihen,,affetmek,"verzeiht, verzieh, hat verziehen",Verb,Das werde ich ihm nie verzeihen können.,"verzeihen, verzeiht, verzieh, hat verziehen",B1.pdf
B1,Verzeihung,,"özür dilerim, affedersiniz",,Sonstiges,Verzeihung! Ich habe die falsche Nummer gewählt.,Verzeihung,B1.pdf
B1,verzichten,,vazgeçmek,"verzichtet, verzichtete, hat verzichtet",Verb,Ich verzichte heute auf den Kaffee.,"verzichten, verzichtet, verzichtete, hat verzichtet",B1.pdf
B1,Video,das,video,-s,Nomen,1. Ich habe den Film auf Video aufgenommen. 2. Lass uns ein Video vom Fest machen!,"das Video, -s",B1.pdf
B1,viel/viele,,çok,,Sonstiges,1. Ich habe schon viel gelernt. 2. Ich wünsche Ihnen viel Spaß. 3. Hier regnet es viel. 4. Das ist mir viel zu teuer. 5. Im Winter sind viele Leute erkältet.,viel/viele,B1.pdf
B1,vielleicht,,belki,,Sonstiges,1. Kommst du mit in die Stadt? - Ich weiß noch nicht. Vielleicht. 2. Vielleicht bekomme ich den Job. 3. Die Fahrkarte war vielleicht teuer! 4. Hast du vielleicht Kleingeld für mich?,vielleicht,B1.pdf
B1,Viertel,das,"çeyrek, mahalle, semt","- (D, A) CH: Quartier",Nomen,Wir wohnen in einem schönen Viertel.,"das Viertel, - (D, A) CH: Quartier",B1.pdf
B1,virtuell,,sanal,,Sonstiges,Auf dieser Website kann man an einer virtuellen Stadtrundfahrt teilnehmen.,virtuell,B1.pdf
B1,Virus,der,virüs,Viren,Nomen,Ich habe mal wieder einen Virus auf meinem Computer.,"der Virus, Viren",B1.pdf
B1,Visitenkarte,die,kartvizit,-n,Nomen,Darf ich Ihnen meine Visitenkarte geben?,"die Visitenkarte, -n",B1.pdf
B1,Visum,das,vize,Visa,Nomen,Das Visum ist für drei Monate gültig.,"das Visum, Visa",B1.pdf
B1,Vitamin,das,vitamin,-e,Nomen,"Der Arzt sagt, ich soll viele Vitamine essen.","das Vitamin, -e",B1.pdf
B1,voll,,dolu,,Sonstiges,1. Die Flasche ist noch ganz voll. 2. Vor den Feiertagen sind die Züge immer sehr voll. 3. Bitte unterschreiben Sie mit Ihrem vollen Namen.,voll,B1.pdf
B1,Vollzeit,die,tam zamanlı,,Nomen,Ich möchte gerne Vollzeit arbeiten.,die Vollzeit,B1.pdf
B1,Volleyball,,voleybol,,Sonstiges,Im Sommer spiele ich gern Volleyball.,Volleyball,B1.pdf
B1,völlig,,"tamamen, tamamıyla",,Sonstiges,Das halte ich für völlig ausgeschlossen.,völlig,B1.pdf
B1,von,,"-den/-dan, tarafından",,Sonstiges,1. Ich komme gerade vom Zahnarzt. 2. Emil ist ein Freund von mir. 3. Haben Sie noch eine Zeitung von heute?,von,B1.pdf
B1,voneinander,,birbirinden,,Sonstiges,4. Von jetzt an müssen wir sparen. 5. Das Büro ist von 13 bis 15 Uhr geschlossen. Wir haben lange nichts voneinander gehört.,voneinander,B1.pdf
B1,vor,,"önünde, önce",,Sonstiges,1. Ich bin vor einer Woche zurückgekommen. 2. Das Auto steht vor der Tür. 3. Ich konnte vor Schmerzen nicht schlafen.,vor,B1.pdf
B1,vor allem,,"özellikle, her şeyden önce",,Sonstiges,"Grüßen Sie alle von mir, vor allem Frau Meier.",vor allem,B1.pdf
B1,voraus,,"önden, önceden",,Sonstiges,1. Gehen Sie schon voraus. 2. Ich danke Ihnen im Voraus für Ihre Mühe.,voraus,B1.pdf
B1,Voraussetzung,die,"ön koşul, şart",-en,Nomen,"1. Gesunde Ernährung ist die Voraussetzung für ein langes Leben. 2. Er will die Arbeit nur unter der Voraussetzung annehmen, dass ihm die Firma eine Wohnung organisiert.","die Voraussetzung, -en",B1.pdf
B1,voraussichtlich,,"muhtemelen, tahminen",,Sonstiges,Der Zug hat voraussichtlich 20 Minuten Verspätung.,voraussichtlich,B1.pdf
B1,vorbei/vorbei-,,"geçmiş, bitmiş, yanından geçen",,Sonstiges,1. Die Linie 8 fährt am Krankenhaus vorbei. 2. Keine Sorge! Die Schmerzen sind in ein paar Minuten vorbei. 3. Kommst du um 3 Uhr bei mir vorbei?,vorbei/vorbei-,B1.pdf
B1,sich vorbereiten,,hazırlanmak,"bereitet vor, bereitete vor, hat vorbereitet",Verb,1. Am Sonntag machen wir ein kleines Fest. Ich muss noch viel dafür vorbereiten. 2. Ich muss mich auf meine Prüfung vorbereiten.,"(sich) vorbereiten, bereitet vor, bereitete vor, hat vorbereitet",B1.pdf
B1,Vorbereitung,die,hazırlık,-en,Nomen,Nächste Woche beginnen wir mit der Vorbereitung für die Prüfung.,"die Vorbereitung, -en",B1.pdf
B1,vorder-,,ön,,Sonstiges,In den vorderen Reihen sind noch Plätze frei.,vorder-,B1.pdf
B1,Vorfahrt,die,geçiş önceliği,,Nomen,Achtung! Das Auto rechts hat Vorfahrt!,die Vorfahrt,B1.pdf
B1,vorgestern,,"önceki gün, evvelsi gün",,Sonstiges,Er hat mich vorgestern angerufen.,vorgestern,B1.pdf
B1,vorhaben,,"planlamak, niyetinde olmak","hat vor, hatte vor, hat vorgehabt",Verb,Haben Sie morgen Abend schon etwas vor?,"vorhaben, hat vor, hatte vor, hat vorgehabt",B1.pdf
B1,vorher,,"önce, daha önce",,Sonstiges,Ich komme mit ins Café. Vorher muss ich aber noch zur Bank.,vorher,B1.pdf
B1,vorhin,,"az önce, biraz önce",,Sonstiges,Vorhin hat Heidrun angerufen. Du sollst sie zurückrufen.,vorhin,B1.pdf
B1,vorkommen,,"olmak, meydana gelmek","kommt vor, kam vor, ist vorgekommen",Verb,Kein Problem. Das kann vorkommen.,"vorkommen, kommt vor, kam vor, ist vorgekommen",B1.pdf
B1,vorläufig,,"geçici, şimdilik",,Sonstiges,1. Ich habe noch keine Wohnung. Ich wohne vorläufig bei einem Freund. 2. Das ist eine vorläufige Entscheidung.,vorläufig,B1.pdf
B1,vorlesen,,yüksek sesle okumak,"liest vor, las vor, hat vorgelesen",Verb,Ich lese meinen Kindern oft etwas vor.,"vorlesen, liest vor, las vor, hat vorgelesen",B1.pdf
B1,vorn,,"önde, ön tarafta",vorne,Sonstiges,"1. Bitte vorn beim Fahrer einsteigen! 2. Zwei Kinokarten, bitte. – Wo möchten Sie sitzen, vorne oder hinten? 3. Das war noch nicht ganz richtig. Bitte noch mal von vorne.","vorn, vorne",B1.pdf
B1,Vorort,der,"banliyö, dış mahalle",-e,Nomen,Wir wohnen in einem Vorort von Köln.,"der Vorort, -e",B1.pdf
B1,vorschlagen,,"önermek, teklif etmek","schlägt vor, schlug vor, hat vorgeschlagen",Verb,"Ich schlage vor, dass wir eine Pause machen.","vorschlagen, schlägt vor, schlug vor, hat vorgeschlagen",B1.pdf
B1,Vorschlag,der,"öneri, teklif",¨-e,Nomen,"Ich mache dir einen Vorschlag: Du hilfst mir beim Deutschlernen, und ich lade dich zum Essen ein.","der Vorschlag, ¨-e",B1.pdf
B1,Vorschrift,die,"kural, yönetmelik, talimat",-en,Nomen,Beachten Sie bitte die Vorschriften für das Benutzen der Bibliothek.,"die Vorschrift, -en",B1.pdf
B1,Vorsicht,die,dikkat,,Nomen,Vorsicht! Der Teller ist heiß.,die Vorsicht,B1.pdf
B1,vorsichtig,,dikkatli,,Sonstiges,"Bitte fahr vorsichtig, die Straße ist glatt.",vorsichtig,B1.pdf
B1,sich vorstellen,,kendini tanıtmak,"stellt vor, stellte vor, hat vorgestellt",Verb,1. So schwierig habe ich mir die Arbeit nicht vorgestellt. 2. Darf ich dir meine Frau vorstellen? 3. Ich möchte mich vorstellen: Mein Name ist Schuster.,"(sich) vorstellen, stellt vor, stellte vor, hat vorgestellt",B1.pdf
B1,Vorstellung,die,"gösteri, seans",-en,Nomen,Wann läuft der Film? – Die nächste Vorstellung ist um 15 Uhr.,"die Vorstellung, -en",B1.pdf
B1,Vorstellungsgespräch,das,"iş görüşmesi, mülakat",-e,Nomen,Wann hast du dein Vorstellungsgespräch?,"das Vorstellungsgespräch, -e",B1.pdf
B1,Vorteil,der,"avantaj, yarar",-e,Nomen,"Der Vorteil von dieser Wohnung ist, dass sie direkt im Zentrum liegt.","der Vorteil, -e",B1.pdf
B1,Vortrag,der,"konuşma, sunum",¨-e,Nomen,Ihr Vortrag war sehr interessant.,"der Vortrag, ¨-e",B1.pdf
B1,Vorwahl,die,alan kodu,-en,Nomen,Wie ist die Vorwahl von Hamburg?,"die Vorwahl, -en",B1.pdf
B1,vorwärts,,ileri,,Sonstiges,Ich kann nicht vorbei. Bitte fahr noch ein Stück vorwärts.,vorwärts,B1.pdf
B1,Vorwurf,der,"suçlama, sitem",¨-e,Nomen,Eva kann nichts dafür. Mach ihr keine Vorwürfe.,"der Vorwurf, ¨-e",B1.pdf
B1,waagerecht,,yatay,,Sonstiges,Ziehen Sie bitte einen waagerechten Strich.,waagerecht,B1.pdf
B1,wach,,uyanık,,Sonstiges,1. Bist du schon lange wach? 2. Ich bin gerade wach geworden.,wach,B1.pdf
B1,wachsen,,"büyümek, uzamak","wächst, wuchs, ist gewachsen",Verb,1. Mein Sohn ist sehr gewachsen. Er ist jetzt schon größer als ich. 2. Ich will mir die Haare wachsen lassen. 3. In meinem Garten wachsen Tomaten und Kartoffeln.,"wachsen, wächst, wuchs, ist gewachsen",B1.pdf
B1,Wagen,der,"araba, vagon",-,Nomen,1. Ich habe meinen Wagen in die Werkstatt gebracht. 2. Im zweiten Wagen befindet sich das Zugrestaurant.,"der Wagen, -",B1.pdf
B1,wählen,,"seçmek, çevirmek","wählt, wählte, hat gewählt",Verb,1. Sie können wählen: Als Vorspeise gibt es Suppe oder Salat. 2. Sie müssen erst eine Null wählen. 3. Ich habe diese Partei nicht gewählt.,"wählen, wählt, wählte, hat gewählt",B1.pdf
B1,Wahl,die,seçim,-en,Nomen,1. Sie haben die Wahl: mit Vollpension oder Halbpension? 2. Die nächste Wahl ist im Herbst.,"die Wahl, -en",B1.pdf
B1,wahnsinnig,,"çılgın, deli, çok",,Sonstiges,1. Du fährst viel zu schnell. Bist du wahnsinnig?! 2. Diese Musik gefällt mir wahnsinnig gut.,wahnsinnig,B1.pdf
B1,wahr,,"doğru, gerçek",,Sonstiges,"1. Was ich sage, ist wahr. 2. Es ist eine wahre Geschichte. 3. Es ist doch schön hier, nicht wahr?",wahr,B1.pdf
B1,Wahrheit,die,"gerçek, hakikat",-en,Nomen,Sag mir bitte die Wahrheit. Hast du wieder geraucht?,"die Wahrheit, -en",B1.pdf
B1,während,,"-ken, esnasında, sırasında",,Sonstiges,"1. Während ich arbeite, höre ich oft Musik. 2. Während der Prüfung dürfen wir unsere Handys nicht benutzen.",während,B1.pdf
B1,wahrscheinlich,,muhtemelen,,Sonstiges,Wahrscheinlich mache ich im Herbst noch einen Deutschkurs.,wahrscheinlich,B1.pdf
B1,Wald,der,orman,¨-er,Nomen,1. Hinter unserem Haus fängt der Wald an. 2. Ich gehe gern im Wald spazieren.,"der Wald, ¨-er",B1.pdf
B1,Wand,die,duvar,¨-e,Nomen,1. Ich stelle das Regal rechts an die Wand. 2. Die Wände sind hier sehr dünn. Man hört alles.,"die Wand, ¨-e",B1.pdf
B1,wandern,,"yürüyüş yapmak, doğa yürüyüşüne çıkmak","wandert, wanderte, ist gewandert",Verb,Wir gehen oft wandern.,"wandern, wandert, wanderte, ist gewandert",B1.pdf
B1,Wanderung,die,"yürüyüş, doğa yürüyüşü",-en,Nomen,Wir haben in den Ferien eine schöne Wanderung gemacht.,"die Wanderung, -en",B1.pdf
B1,wann,,ne zaman,,Sonstiges,"1. Wann kommst du? 2. Wissen Sie, wann der Kurs beginnt? 3. Bis wann muss ich mich anmelden? 4. Ab wann haben Sie geöffnet?",wann,B1.pdf
B1,Ware,die,"mal, ürün",-n,Nomen,Wir liefern Ihnen die Ware direkt ins Haus.,"die Ware, -n",B1.pdf
B1,warm,,"sıcak, ılık",,Sonstiges,1. Hier ist es sehr warm. 2. Abends essen wir oft warm. 3. Du musst dich warm anziehen. 4. Mittags möchte ich gern ein warmes Essen. 5. Für den Winter brauche ich einen warmen Pullover.,warm,B1.pdf
B1,Wärme,die,"sıcaklık, ılıklık",,Nomen,Wärme ist gut gegen meine Schmerzen.,die Wärme,B1.pdf
B1,warnen,,uyarmak,"warnt, warnte, hat gewarnt",Verb,Ich warne Sie. Der Hund ist gefährlich.,"warnen, warnt, warnte, hat gewarnt",B1.pdf
B1,warten,,beklemek,"wartet, wartete, hat gewartet",Verb,1. Können Sie ein paar Minuten warten? 2. Ich warte seit einer Stunde auf den Bus.,"warten, wartet, wartete, hat gewartet",B1.pdf
B1,warum,,"neden, niçin",,Sonstiges,"1. Warum besuchst du mich nicht? 2. Ich weiß nicht, warum es hier so kalt ist.",warum,B1.pdf
B1,was,,ne,,Sonstiges,"1. Was ist das? 2. Was möchten Sie? 3. Wissen Sie, was das ist? 4. Hast du schon (et)was gegessen?",was,B1.pdf
B1,was für ein-,,"ne çeşit, nasıl bir",,Sonstiges,Ich will mir ein Auto kaufen. – Was denn für eins?,was für ein-,B1.pdf
B1,sich waschen,,yıkanmak,"wäscht, wusch, hat gewaschen",Verb,1. Ich habe die Bluse gerade frisch gewaschen. 2. Wo kann ich mir die Hände waschen?,"(sich) waschen, wäscht, wusch, hat gewaschen",B1.pdf
B1,Wäsche,die,çamaşır,,Nomen,1. Ich muss heute noch Wäsche waschen. 2. Kannst du bitte die Wäsche aufhängen?,die Wäsche,B1.pdf
B1,Waschmittel,das,deterjan,,Nomen,- Diese Bluse darfst du nicht mit jedem Waschmittel waschen.,"das Waschmittel,",B1.pdf
B1,Wasser,das,su,,Nomen,"1. Kann ich bitte ein Glas Wasser haben? 2. Eine Cola und zwei Wasser, bitte! 3. Gibt es hier kein warmes Wasser?",das Wasser,B1.pdf
B1,wechseln,,"değiştirmek, bozdurmak","wechselt, wechselte, hat gewechselt",Verb,1. Können Sie 50 Euro in Kleingeld/in Dollar wechseln? 2. Kannst du Reifen wechseln? 3. Ich werde den Arzt wechseln. Dieser hier ist zu teuer.,"wechseln, wechselt, wechselte, hat gewechselt",B1.pdf
B1,wecken,,uyandırmak,"weckt, weckte, hat geweckt",Verb,Können Sie mich morgen früh um sechs wecken?,"wecken, weckt, weckte, hat geweckt",B1.pdf
B1,Wecker,der,çalar saat,,Nomen,- Hast du den Wecker schon gestellt?,"der Wecker,",B1.pdf
B1,weder … noch,,ne … ne de,,Sonstiges,Für Urlaub haben wir weder Zeit noch Geld.,weder … noch,B1.pdf
B1,Weg,der,yol,-e,Nomen,1. Dieser Weg ist sehr breit und angenehm. 2. Wir wohnen im/am Oberweg 10. 3. Können Sie mir den Weg zum Bahnhof erklären?,"der Weg, -e",B1.pdf
B1,weg/weg-,,"kayıp, yok olmuş",,Sonstiges,1. Meine Handtasche ist weg! 2. Den Brief darfst du nicht wegwerfen.,weg/weg-,B1.pdf
B1,wegen,,"yüzünden, nedeniyle",,Sonstiges,1. Wegen Nebels konnte unser Flugzeug nicht landen. 2. Ich rufe wegen meiner Tochter an.,wegen,B1.pdf
B1,wehtun,,"acımak, canını yakmak","tut weh, tat weh, hat wehgetan",Verb,1. Wo tut es weh? 2. Mir tut der Rücken weh. 3. Hast du dir wehgetan?,"wehtun, tut weh, tat weh, hat wehgetan",B1.pdf
B1,weiblich,,"kadın, dişi",,Sonstiges,Kreuzen Sie bitte an: „weiblich“ oder „männlich“.,weiblich,B1.pdf
B1,weich,,yumuşak,,Sonstiges,1. Ich möchte zum Frühstück ein weiches Ei. 2. Das Bett im Hotel war mir zu weich.,weich,B1.pdf
B1,sich weigern,,"reddetmek, karşı çıkmak","weigert sich, weigerte sich, hat sich geweigert",Verb,Ich weigere mich diese Arbeit zu tun.,"sich weigern, weigert sich, weigerte sich, hat sich geweigert",B1.pdf
B1,weil,,çünkü,,Sonstiges,"Ich kann nicht kommen, weil ich krank bin.",weil,B1.pdf
B1,Wein,der,şarap,-e,Nomen,In diesem Restaurant gibt es sehr guten Wein.,"der Wein, -e",B1.pdf
B1,weinen,,ağlamak,"weint, weinte, hat geweint -weise",Verb,Bitte nicht weinen. Du bekommst eine neue Puppe. 1. War der Test schwierig? – Teilweise. 2. Das ist möglicherweise nicht so einfach.,"weinen, weint, weinte, hat geweint -weise",B1.pdf
B1,weit,,uzak,,Sonstiges,1. Wie weit ist es noch bis München? 2. Wie weit sind Sie mit der Arbeit? 3. Die Jacke ist mir zu weit.,weit,B1.pdf
B1,weiter/weiter-,,"devam ederek, başka, ilave",,Sonstiges,1. Ich möchte nicht stören. Bitte essen Sie ruhig weiter. 2. Haben Sie noch weitere Fragen?,weiter/weiter-,B1.pdf
B1,Weiterbildung,die,"ileri eğitim, mesleki gelişim",-en,Nomen,Ich möchte eine Weiterbildung machen.,"die Weiterbildung, -en",B1.pdf
B1,welcher,,hangi,"welche, welches",Sonstiges,1. Welcher Tag ist heute? 2. Welchen Kurs hast du gemacht?,"welcher, welche, welches",B1.pdf
B1,Welt,die,dünya,,Nomen,1. Überall auf der Welt gibt es Probleme. 2. Ich habe die besten Eltern der Welt.,die Welt,B1.pdf
B1,weltweit,,"dünya çapında, küresel",,Sonstiges,1. Unsere Firma produziert für den weltweiten Markt. 2. Das Zertifikat B1 wird weltweit angeboten.,weltweit,B1.pdf
B1,wenden,,"dönüş yapmak, geri dönmek","wendet, wendete, hat gewendet",Verb,"Sie müssen zurückfahren, aber hier dürfen Sie nicht wenden.","wenden, wendet, wendete, hat gewendet",B1.pdf
B1,wenig/wenige,,az,,Sonstiges,1. Essen Sie immer so wenig? 2. Ich habe nur wenig geschlafen. 3. Hier gibt es nur wenige Geschäfte.,wenig/wenige,B1.pdf
B1,wenigstens,,en azından,,Sonstiges,"Ich habe keinen Hunger. – Ach, essen Sie wenigstens ein Stück Kuchen.",wenigstens,B1.pdf
B1,wenn,,eğer,,Sonstiges,"Kommst du zu der Party? - Vielleicht, wenn ich nicht arbeiten muss.",wenn,B1.pdf
B1,wer,,kim,,Sonstiges,1. Wer ist das? Kennst du die Frau? 2. Wer will die Prüfung machen?,wer,B1.pdf
B1,Werbung,die,reklam,-en,Nomen,1. Ich sehe gern Werbung im Fernsehen. 2. Ich möchte keine Werbung im Briefkasten.,"die Werbung, -en",B1.pdf
B1,werden,,"olmak, haline gelmek","wird, wurde, ist geworden",Verb,"1. Es wird kalt. 2. Ich habe morgen Geburtstag. − Wie alt wirst du denn? 3. Warum fährst du so schnell? Bist du verrückt geworden?! 4. Mein Sohn möchte Polizist werden. 5. Wohin fahren Sie in Urlaub? – Ich glaube, wir werden dieses Jahr zu Hause bleiben.","werden, wird, wurde, ist geworden",B1.pdf
B1,werfen,,"atmak, fırlatmak","wirft, warf, hat geworfen",Verb,Die Kinder haben Steine ins Wasser geworfen.,"werfen, wirft, warf, hat geworfen",B1.pdf
B1,Werk,das,"eser, fabrika",-e,Nomen,Wir haben gestern das Werk besichtigt.,"das Werk, -e",B1.pdf
B1,Werkstatt,die,"tamirhane, atölye",¨-en,Nomen,Mein Wagen ist zurzeit in der Werkstatt.,"die Werkstatt, ¨-en",B1.pdf
B1,Werkzeug,das,"alet, araç",-e,Nomen,Wir hatten kein Werkzeug für die Reparatur dabei.,"das Werkzeug, -e",B1.pdf
B1,wert,,değerinde,,Sonstiges,Das Auto ist vielleicht noch 1000 Euro wert.,wert,B1.pdf
B1,Wert,der,değer,-e,Nomen,1. Das Haus hat einen Wert von ca. 1 Mio. Euro. 2. Es hat ja doch keinen Wert. 3. Auf Ihr Urteil lege ich großen Wert.,"der Wert, -e",B1.pdf
B1,wertlos,,değersiz,,Sonstiges,Diese alten Geldscheine sind heute völlig wertlos.,wertlos,B1.pdf
B1,wertvoll,,değerli,,Sonstiges,Ich habe einen sehr wertvollen Ring von meiner Großmutter.,wertvoll,B1.pdf
B1,weshalb,,"niçin, neden",,Sonstiges,"1. Weshalb rufst du an? 2. Ich bekomme Besuch, weshalb ich leider nicht zur Party gehen werde.",weshalb,B1.pdf
B1,Wettbewerb,der,yarışma,-e,Nomen,Meine Tochter hat bei einem Wettbewerb gewonnen. Sie hat das beste Bild gemalt.,"der Wettbewerb, -e",B1.pdf
B1,wetten,,"bahse girmek, iddiaya girmek","wettet, wettete, hat gewettet",Verb,"1. Wir haben gewettet, dass sie wieder zu spät kommt. 2. Wetten, dass es bald regnet?","wetten, wettet, wettete, hat gewettet",B1.pdf
B1,Wetter,das,"hava, hava durumu",,Nomen,1. Ich habe Radio gehört. Das Wetter soll schön werden. 2. Wir hatten im Urlaub schlechtes Wetter. 3. Bei schönem Wetter könnten wir ein Picknick machen.,das Wetter,B1.pdf
B1,Wetterbericht,der,hava durumu raporu,-e,Nomen,Hast du schon den Wetterbericht gehört?,"der Wetterbericht, -e",B1.pdf
B1,Wettervorhersage,die,hava tahmini,-n,Nomen,Die Wettervorhersage für morgen: trocken und sonnig.,"die Wettervorhersage, -n",B1.pdf
B1,wichtig,,önemli,,Sonstiges,1. Die Prüfung ist sehr wichtig für mich. 2. Morgen habe ich einen wichtigen Termin.,wichtig,B1.pdf
B1,widersprechen,,"itiraz etmek, karşı çıkmak","widerspricht, widersprach, hat widersprochen",Verb,1. Da muss ich Ihnen widersprechen. 2. Das widerspricht sich aber.,"widersprechen, widerspricht, widersprach, hat widersprochen",B1.pdf
B1,wie,,"nasıl, gibi",,Sonstiges,1. Wie heißt du? 2. Wie lange bist du schon hier? 3. Meine Frau ist so alt wie ich. 4. Wie schreibt man das? 5. Wie bitte? 6. Wie gefällt dir unsere Wohnung?,wie,B1.pdf
B1,wieder/wieder-,,"tekrar, yine",,Sonstiges,1. Wann kommst du wieder? 2. Meine Mutter war krank. Jetzt ist sie aber wieder gesund. 3. Mein Bruder kommt schon wieder zu spät. 4. Meine Eltern sind zu Besuch gekommen. Morgen fahren sie wieder zurück.,wieder/wieder-,B1.pdf
B1,wiederholen,,tekrarlamak,"wiederholt, wiederholte, hat wiederholt",Verb,Ich wiederhole: Die Nummer ist 3487.,"wiederholen, wiederholt, wiederholte, hat wiederholt",B1.pdf
B1,Wiederholung,die,tekrar,-en,Nomen,Eine Wiederholung der Prüfung ist möglich.,"die Wiederholung, -en",B1.pdf
B1,wiegen,,"tartmak, ağırlığında olmak","wiegt, wog, hat gewogen",Verb,1. Wie viel wiegst du? 2. Der Brief wiegt mehr als 20 Gramm.,"wiegen, wiegt, wog, hat gewogen",B1.pdf
B1,wild,,"vahşi, azgın",,Sonstiges,1. Das ist ein wilder Fluss. 2. Spielt nicht so wild!,wild,B1.pdf
B1,Wiese,die,"çayır, çimenlik",-n,Nomen,Vor unserem Haus ist eine Wiese mit Bäumen.,"die Wiese, -n",B1.pdf
B1,wieso,,"neden, niçin",,Sonstiges,Wie lange sind Sie hier? – Wieso fragen Sie?,wieso,B1.pdf
B1,wie viel(e),,"ne kadar, kaç tane",,Sonstiges,1. Wie viel Geld hast du dabei? 2. Wie viel ist ein Euro hier wert? 3. Wie viele Kinder haben Sie?,wie viel(e),B1.pdf
B1,willkommen,,"hoş geldin, hoş geldiniz",,Sonstiges,Herzlich willkommen in Köln.,willkommen,B1.pdf
B1,Wind,der,rüzgar,-e,Nomen,Der Wind kommt heute von Westen.,"der Wind, -e",B1.pdf
B1,windig,,rüzgârlı,,Sonstiges,Es ist heute sehr windig.,windig,B1.pdf
B1,winken,,el sallamak,"winkt, winkte, hat gewinkt",Verb,Alle standen auf dem Bahnsteig und winkten zum Abschied.,"winken, winkt, winkte, hat gewinkt",B1.pdf
B1,wirken,,"etki etmek, işe yaramak","wirkt, wirkte, hat gewirkt",Verb,Die Tabletten haben nicht gewirkt.,"wirken, wirkt, wirkte, hat gewirkt",B1.pdf
B1,Wirkung,die,etki,-en,Nomen,Welche Wirkungen hat dieses Medikament? Muss ich vorsichtig sein?,"die Wirkung, -en",B1.pdf
B1,wirklich,,gerçekten,,Sonstiges,1. Du glaubst mir nicht? Es ist aber wirklich so. 2. Im Bahnhofsrestaurant isst man wirklich sehr gut.,wirklich,B1.pdf
B1,Wirklichkeit,die,"gerçek, gerçeklik",,Nomen,"1. Das Buch beschreibt die Wirklichkeit um 1900 sehr gut. 2. Man sagte mir, das Buch kostet nur 9 Euro. In Wirklichkeit kostet es 14 Euro.",die Wirklichkeit,B1.pdf
B1,Wirt,der,"ev sahibi, lokantacı",-e,Nomen,Ich kenne die Wirtin von diesem Lokal. Sie ist sehr nett.,"der Wirt, -e",B1.pdf
B1,Wirtin,die,"kadın ev sahibi, lokantacı",-nen,Nomen,Ich kenne die Wirtin von diesem Lokal. Sie ist sehr nett.,"die Wirtin, -nen",B1.pdf
B1,Wirtschaft,die,ekonomi,,Nomen,In der Schule lernen die Kinder viel über Wirtschaft und Politik.,die Wirtschaft,B1.pdf
B1,wissen,,bilmek,"weiß, wusste, hat gewusst",Verb,"1. Weißt du, wie der Hausmeister heißt? 2. Ich habe nicht gewusst, dass Pascal verheiratet ist. 3. Woher wissen Sie das?","wissen, weiß, wusste, hat gewusst",B1.pdf
B1,Wissen,das,bilgi,,Nomen,1. Es hat ein großes Wissen über Pflanzen. 2. Ich tue nichts ohne dein Wissen.,das Wissen,B1.pdf
B1,Wissenschaft,die,bilim,-en,Nomen,Vertreter von Kunst und Wissenschaft treffen sich heute in Berlin.,"die Wissenschaft, -en",B1.pdf
B1,Wissenschaftler,der,"bilim insanı, bilim adamı","die Wissenschaftlerin, -nen",Nomen,- Sie ist Wissenschaftlerin an der Universität.,"der Wissenschaftler, die Wissenschaftlerin, -nen",B1.pdf
B1,Witz,der,"şaka, fıkra",-e,Nomen,Wir haben Witze erzählt und viel gelacht.,"der Witz, -e",B1.pdf
B1,wo,,nerede,,Sonstiges,1. Wo waren Sie im Urlaub? 2. Wo wohnen Sie? 3. Wo ist denn meine Uhr?,wo,B1.pdf
B1,woher,,nereden,,Sonstiges,1. Woher kommst du? 2. Unsere Nachbarn ziehen nach Berlin. – Woher wissen Sie das?,woher,B1.pdf
B1,wohin,,nereye,,Sonstiges,1. Wohin kommt der Schrank? 2. Wohin fährt dieser Bus?,wohin,B1.pdf
B1,wohl,,"iyi; galiba, herhalde",,Sonstiges,1. Kann ich nach Hause gehen? Ich fühle mich nicht wohl. 2. Das wird wohl etwas länger dauern als geplant.,wohl,B1.pdf
B1,wohnen,,"oturmak, yaşamak, ikamet etmek","wohnt, wohnte, hat gewohnt",Verb,1. Wir wohnen in einem alten Haus. 2. Ich wohne in München. 3. Wohnst du noch bei deinen Eltern?,"wohnen, wohnt, wohnte, hat gewohnt",B1.pdf
B1,Wohnort,der,"ikametgah, oturulan yer",-e,Nomen,Tragen Sie bitte Straße und Wohnort ein.,"der Wohnort, -e",B1.pdf
B1,Wohnsitz,der,"ikametgah, mesken",-e,Nomen,Er hat einen festen Wohnsitz in dieser Stadt.,"der Wohnsitz, -e",B1.pdf
B1,Wohnung,die,"daire, ev",-en,Nomen,"Wir suchen eine möblierte Wohnung, möglichst im Zentrum.","die Wohnung, -en",B1.pdf
B1,Wohnzimmer,das,oturma odası,,Nomen,- Wir sitzen im Wohnzimmer und sehen fern.,"das Wohnzimmer,",B1.pdf
B1,Wolke,die,bulut,-n,Nomen,Es sind viele Wolken am Himmel.,"die Wolke, -n",B1.pdf
B1,bewölkt,,bulutlu,,Sonstiges,Heute ist es stark bewölkt.,bewölkt,B1.pdf
B1,Wolle,die,yün,,Nomen,Dieser Pullover ist aus reiner Wolle.,die Wolle,B1.pdf
B1,wollen,,istemek,"will, wollte, hat gewollt (hat wollen als Modalverb)",Verb,1. Peter will Arzt werden. 2. Wollen Sie einen Kaffee? 3. Meine Eltern wollten nicht mitfahren. 4. Was hast du als Kind werden wollen? 5. Tut mir leid. Ich wollte das nicht.,"wollen, will, wollte, hat gewollt (hat wollen als Modalverb)",B1.pdf
B1,worüber,,"ne hakkında, ne üzerine",,Sonstiges,Worüber lachen Sie?,worüber,B1.pdf
B1,worum,,"ne hakkında, ne ile ilgili",,Sonstiges,Kann ich Herrn Meier sprechen? – Worum geht es denn?,worum,B1.pdf
B1,Wort,das,"kelime, sözcük",¨-er,Nomen,Ich kenne diese beiden Wörter nicht.,"das Wort, ¨-er",B1.pdf
B1,Wort,das,"kelime, sözcük",-e,Nomen,Sie hat mit wenigen Worten viel gesagt.,"das Wort, -e",B1.pdf
B1,Wörterbuch,das,sözlük,¨-er,Nomen,Ich muss das Wort im Wörterbuch nachschlagen.,"das Wörterbuch, ¨-er",B1.pdf
B1,Wunde,die,yara,-n,Nomen,Die Wunde müssen wir sofort verbinden.,"die Wunde, -n",B1.pdf
B1,Wunder,das,mucize,-,Nomen,"1. Ich bin mit dem Fahrrad gestürzt. Es war ein Wunder, dass nichts Schlimmes passiert ist. 2. Du isst zu viel Schokolade. Kein Wunder, dass die Hose nicht mehr passt.","das Wunder, -",B1.pdf
B1,wunderbar,,"harika, mükemmel",,Sonstiges,1. Im ganzen Urlaub hatten wir wunderbares Wetter. 2. Diese Schokolade schmeckt wunderbar.,wunderbar,B1.pdf
B1,wunderschön,,"çok güzel, harika",,Sonstiges,1. Wir haben einen Ausflug gemacht. Es war wunderschön. 2. Ich habe mir ein wunderschönes Kleid gekauft.,wunderschön,B1.pdf
B1,sich wundern,,şaşırmak,"wundert sich, wunderte sich, hat sich gewundert",Verb,"1. Es hat mich gewundert, dass das Essen hier so günstig ist. 2. Ich wundere mich, dass du schon so früh aus der Schule kommst. Was ist los?","sich wundern, wundert sich, wunderte sich, hat sich gewundert",B1.pdf
B1,sich wünschen,,"dilemek, istemek","wünscht, wünschte, hat gewünscht",Verb,1. Ich wünsche Ihnen alles Gute. 2. Was wünschst du dir zum Geburtstag? 3. Wünsch mir Glück!,"(sich) wünschen, wünscht, wünschte, hat gewünscht",B1.pdf
B1,Wunsch,der,"dilek, istek",¨-e,Nomen,1. Haben Sie sonst noch einen Wunsch? 2. Mit den besten Wünschen für Sie und Ihre Familie.,"der Wunsch, ¨-e",B1.pdf
B1,Wurst,die,"sosis, sucuk",¨-e,Nomen,Diese Wurst ist mir zu fett.,"die Wurst, ¨-e",B1.pdf
B1,wütend,,"öfkeli, kızgın",,Sonstiges,Warum bist du so wütend?,wütend,B1.pdf
B1,Zahl,die,"sayı, rakam",-en,Nomen,1. Können Sie die Zahl bitte wiederholen? 2. Die Zahl der Internetnutzer wird immer größer.,"die Zahl, -en",B1.pdf
B1,Anzahl,die,"sayı, adet",-en,Nomen,Die Anzahl der Teilnehmer war groß.,"die Anzahl, -en",B1.pdf
B1,zahlreich,,"çok sayıda, sayısız",,Sonstiges,Die Gäste sind zahlreich gekommen. Es gibt zahlreiche Beispiele für gute Zusammenarbeit.,zahlreich,B1.pdf
B1,zahlen,,ödemek,"zahlt, zahlte, hat gezahlt",Verb,"1. Herr Ober, zahlen bitte! 2. Ich hatte keinen Fahrschein und musste 60 Euro Strafe zahlen. 3. Wir müssen im nächsten Jahr mehr Steuern zahlen.","zahlen, zahlt, zahlte, hat gezahlt",B1.pdf
B1,Zahlung,die,ödeme,-en,Nomen,Bitte geben Sie bei der Zahlung die Rechnungsnummer an.,"die Zahlung, -en",B1.pdf
B1,zählen,,"saymak, güvenmek","zählt, zählte, hat gezählt",Verb,1. Bitte zählen Sie das Wechselgeld sofort nach. 2. Mein Sohn kann schon bis 100 zählen. 3. Ich zähle auf dich!,"zählen, zählt, zählte, hat gezählt",B1.pdf
B1,Zahn,der,diş,¨-e,Nomen,Der Zahn tut mir schon lange weh.,"der Zahn, ¨-e",B1.pdf
B1,Zahncreme/-pasta,die,diş macunu,,Nomen,Die neue Zahncreme riecht sehr gut.,die Zahncreme/-pasta,B1.pdf
B1,Zange,die,"pense, kerpeten",-n,Nomen,"Um das Fahrrad zu reparieren, brauchst du eine Zange.","die Zange, -n",B1.pdf
B1,Zeichen,das,işaret,-,Nomen,"Bitte fangen Sie erst an, wenn ich Ihnen ein Zeichen gebe.","das Zeichen, -",B1.pdf
B1,Verkehrszeichen,das,trafik işareti,,Nomen,- Meine Kinder lernen in der Schule gerade die Verkehrszeichen.,"das Verkehrszeichen,",B1.pdf
B1,zeichnen,,"çizmek, resim yapmak","zeichnet, zeichnete, hat gezeichnet",Verb,Meine Tochter kann sehr gut zeichnen.,"zeichnen, zeichnet, zeichnete, hat gezeichnet",B1.pdf
B1,Zeichnung,die,"çizim, resim",-en,Nomen,Das ist eine schöne Zeichnung.,"die Zeichnung, -en",B1.pdf
B1,zeigen,,göstermek,"zeigt, zeigte, hat gezeigt",Verb,1. Zeig mir bitte deine Hausaufgaben. 2. Der Bahnhof ist nicht weit entfernt. Ich zeige Ihnen den Weg. 3. Komm her! Ich zeige dir etwas.,"zeigen, zeigt, zeigte, hat gezeigt",B1.pdf
B1,Zeile,die,satır,-n,Nomen,Das Wort steht in der fünften Zeile von oben.,"die Zeile, -n",B1.pdf
B1,Zeit,die,"zaman, vakit",,Nomen,1. Ich habe heute keine Zeit. 2. Es ist noch früh. Wir haben noch viel Zeit. 3. Um welche Zeit sind Sie normalerweise zu Hause? 4. Um diese Zeit ist hier wenig los.,die Zeit,B1.pdf
B1,Zeitpunkt,der,"an, zaman noktası",- e,Nomen,Er ist krank. Das ist kein guter Zeitpunkt für einen Besuch.,"der Zeitpunkt, - e",B1.pdf
B1,zurzeit,,"şu anda, şu sırada",,Sonstiges,Zurzeit habe ich sehr viel zu tun.,zurzeit,B1.pdf
B1,Zeitschrift,die,dergi,-en,Nomen,Diese Zeitschrift kaufe ich jede Woche.,"die Zeitschrift, -en",B1.pdf
B1,Zeitung,die,gazete,-en,Nomen,Ich lese manchmal Zeitung.,"die Zeitung, -en",B1.pdf
B1,Zelt,das,çadır,-e,Nomen,Wir machen Camping-Urlaub und nehmen ein Zelt mit.,"das Zelt, -e",B1.pdf
B1,zelten,,kamp yapmak,"zeltet, zeltete, hat gezeltet",Verb,Ich habe noch nie gezeltet.,"zelten, zeltet, zeltete, hat gezeltet",B1.pdf
B1,zentral,,merkezi,,Sonstiges,Wir suchen eine Zweizimmerwohnung in zentraler Lage.,zentral,B1.pdf
B1,Zentrum,das,merkez,Zentren,Nomen,1. Im Zentrum gibt es fast keine Parkplätze. 2. Es gibt ein neues Zentrum mit vielen Geschäften. Es wird am Samstag eröffnet.,"das Zentrum, Zentren",B1.pdf
B1,zerstören,,"yok etmek, tahrip etmek","zerstört, zerstörte, hat zerstört",Verb,Der Sturm hat viele Häuser zerstört.,"zerstören, zerstört, zerstörte, hat zerstört",B1.pdf
B1,Zertifikat,das,"sertifika, belge",-e,Nomen,"Wenn ich die Prüfung schaffe, bekomme ich ein Zertifikat.","das Zertifikat, -e",B1.pdf
B1,Zettel,der,"kâğıt parçası, not kâğıdı",-,Nomen,Hast du einen Zettel für mich? Ich muss etwas aufschreiben.,"der Zettel, -",B1.pdf
B1,Zeug/-zeug,das,"eşya, şey",,Nomen,Was hast du mit meinen Sachen gemacht? – Ich habe dein ganzes Zeug in dein Zimmer getan.,das Zeug/-zeug,B1.pdf
B1,Zeuge,der,"tanık, şahit",-n,Nomen,Die Polizei sucht noch Zeugen für den Unfall.,"der Zeuge, -n",B1.pdf
B1,Zeugin,die,"tanık, şahit",-nen,Nomen,Die Polizei sucht noch Zeugen für den Unfall.,"die Zeugin, -nen",B1.pdf
B1,Zeugnis,das,"karne, tanıklık belgesi",-se,Nomen,"Wenn Sie die Prüfung schaffen, bekommen Sie ein Zeugnis.","das Zeugnis, -se",B1.pdf
B1,ziehen,,çekmek; taşınmak,"zieht, zog, hat/ist gezogen",Verb,"1. Sie müssen ziehen, nicht drücken. 2. Wir sind vor drei Wochen nach Hamburg gezogen. 3. Machen Sie bitte die Tür zu, es zieht.","ziehen, zieht, zog, hat/ist gezogen",B1.pdf
B1,Ziel,das,"hedef, amaç, varış noktası",-e,Nomen,Ich will die Prüfung unbedingt schaffen. Das ist mein Ziel.,"das Ziel, -e",B1.pdf
B1,ziemlich,,"oldukça, epey",,Sonstiges,1. Ich bin schon ziemlich müde. Ich gehe ins Bett. 2. Ich musste beim Arzt ziemlich lange warten.,ziemlich,B1.pdf
B1,Zigarette,die,sigara,-n,Nomen,Wie viele Zigaretten rauchst du am Tag?,"die Zigarette, -n",B1.pdf
B1,Zimmer,das,oda,-,Nomen,1. Die Wohnung hat drei Zimmer. 2. Ich habe ein Zimmer im Hotel Eden reserviert.,"das Zimmer, -",B1.pdf
B1,Zinsen,die,faiz,(nur Pl.),Nomen,Wie viele Zinsen bekomme ich für mein Sparkonto?,die Zinsen (nur Pl.),B1.pdf
B1,Zirkus,der,sirk,-se,Nomen,Heute gehen wir mit den Kindern in den Zirkus.,"der Zirkus, -se",B1.pdf
B1,Zitrone,die,limon,-n,Nomen,Ich hätte gern einen Tee mit Zitrone.,"die Zitrone, -n",B1.pdf
B1,Zivilstand (CH) → Personenstand,der,medeni hâl,"D, A: Familienstand",Nomen,Bei „Zivilstand“ musst du „ledig“ ankreuzen.,"der Zivilstand (CH) → Personenstand; D, A: Familienstand",B1.pdf
B1,Zoll,der,gümrük,¨-e,Nomen,Das war die Passkontrolle. Wir müssen jetzt noch durch den Zoll.,"der Zoll, ¨-e",B1.pdf
B1,Zone,die,"bölge, alan",-n,Nomen,Hier können wir nicht fahren. Das ist eine Fußgängerzone.,"die Zone, -n",B1.pdf
B1,Zoo,der,hayvanat bahçesi,-s,Nomen,Am Sonntag gehen wir mit den Kindern in den Zoo.,"der Zoo, -s",B1.pdf
B1,zu,,"çok, fazla; -e, -a",,Sonstiges,"1. Ich bringe Sie zum Bahnhof. 2. Wann sind Sie zu Hause? 3. Am besten gehen Sie zu Fuß. 4. Gehen Ihre Kinder schon/noch zur Schule? 5. Das Kleid ist mir zu teuer. 6. Bitte zwanzig Briefmarken zu 55 Cent. 7. Ich trinke zum Essen ein Bier. 8. Unsere Mannschaft hat 2 zu 1 gewonnen. 9. Ich habe vor, mir ein neues Auto zu kaufen. 10.Hast du etwas zu trinken für mich?",zu,B1.pdf
B1,zubereiten,,hazırlamak,"bereitet zu, bereitete zu, hat zubereitet",Verb,Sie bereitet das Fleisch mit Kartoffeln zu.,"zubereiten, bereitet zu, bereitete zu, hat zubereitet",B1.pdf
B1,Zucker,der,şeker,,Nomen,Nehmen Sie Zucker in den Tee?,der Zucker,B1.pdf
B1,zuerst,,"önce, ilk olarak",,Sonstiges,1. Wer war zuerst? – Der Herr hier. 2. Zuerst gibt es Mittagessen. Dann könnt ihr Schokolade essen. 3. Zuerst hat mir die Arbeit gar nicht gefallen. Jetzt geht es besser.,zuerst,B1.pdf
B1,Zufall,der,"rastlantı, tesadüf",¨-e,Nomen,"1. So ein Zufall, dass ich dich hier treffe. 2. Durch Zufall habe ich gehört, dass die Wohnung frei ist.","der Zufall, ¨-e",B1.pdf
B1,zufällig,,"tesadüfen, rastlantısal",,Sonstiges,1. Wir haben uns zufällig am Bahnhof getroffen. 2. Hast du zufällig meine Brille gesehen?,zufällig,B1.pdf
B1,zufrieden,,memnun,,Sonstiges,"1. Meine Kinder haben heute Zeugnisse bekommen. Ich bin zufrieden. 2. Ich bin mit der Wohnung zufrieden. Sie ist nicht so groß, aber sie hat einen Balkon.",zufrieden,B1.pdf
B1,Zugang,der,"giriş, erişim",¨-e,Nomen,1. Der Zugang zu diesem Haus ist schwierig. 2. Hast du Zugang zum Internet?,"der Zugang, ¨-e",B1.pdf
B1,zugänglich,,"erişilebilir, ulaşılabilir",,Sonstiges,Der Park ist für alle zugänglich.,zugänglich,B1.pdf
B1,Zug,der,tren,¨-e,Nomen,1. Unser Zug hatte 40 Minuten Verspätung. 2. Ich fahre gern mit dem Zug.,"der Zug, ¨-e",B1.pdf
B1,zugehen,,kapanmak,"geht zu, ging zu, ist zugegangen",Verb,Die Tür geht nicht zu. Kannst du mir helfen?,"zugehen, geht zu, ging zu, ist zugegangen",B1.pdf
B1,Zuhause,das,"ev, yuva",,Nomen,Ich fühle mich hier wohl. Das ist mein Zuhause.,das Zuhause,B1.pdf
B1,zuhören,,"dinlemek, kulak vermek","hört zu, hörte zu, hat zugehört",Verb,Hör mir doch mal zu!,"zuhören, hört zu, hörte zu, hat zugehört",B1.pdf
B1,Zuhörer,der,dinleyici,"die Zuhörerin, -nen",Nomen,"- Liebe Zuhörerinnen und Zuhörer, Ihre Meinung interessiert uns. Bitte rufen Sie an!","der Zuhörer, die Zuhörerin, -nen",B1.pdf
B1,Zukunft,die,gelecek,,Nomen,1. Du musst mehr für die Schule lernen. Denk an die Zukunft. 2. In Zukunft werde ich vorsichtiger sein.,die Zukunft,B1.pdf
B1,zukünftig,,"gelecekte, ileride",,Sonstiges,"Ich bitte dich, zukünftig früher zu kommen.",zukünftig,B1.pdf
B1,zuletzt,,"en son, sonunda",,Sonstiges,1. Die Kleider packen wir zuletzt ein. 2. Wir haben uns vor drei Jahren zuletzt gesehen.,zuletzt,B1.pdf
B1,zumachen,,kapatmak,"macht zu, machte zu, hat zugemacht",Verb,Mach bitte die Tür zu!,"zumachen, macht zu, machte zu, hat zugemacht",B1.pdf
B1,zumindest,,en azından,,Sonstiges,"Ich möchte nicht in der Stadt wohnen, zumindest jetzt nicht, wenn die Kinder noch so klein sind.",zumindest,B1.pdf
B1,zunächst,,"önce, ilk olarak",,Sonstiges,Zunächst möchte ich alle begrüßen!,zunächst,B1.pdf
B1,Zünder (A) (Pl.) → Streichholz,die,kibrit,Zündholz,Nomen,Ich hätte gern eine Schachtel Zünder.,die Zünder (A) (Pl.) → Streichholz; Zündholz,B1.pdf
B1,Zündholz,das,kibrit,"¨-er → Streichholz, A: Zünder",Nomen,Ich hätte gern eine Schachtel Zündhölzer.,"das Zündholz, ¨-er → Streichholz; A: Zünder",B1.pdf
B1,zunehmen,,"kilo almak, artmak","nimmt zu, nahm zu, hat zugenommen",Verb,Ich habe im Urlaub 1 Kilo zugenommen.,"zunehmen, nimmt zu, nahm zu, hat zugenommen",B1.pdf
B1,zurechtkommen,,"başa çıkmak, idare etmek","kommt zurecht, kam zurecht, ist zurechtgekommen",Verb,Soll ich Ihnen helfen? - Danke. Ich komme allein zurecht.,"zurechtkommen, kommt zurecht, kam zurecht, ist zurechtgekommen",B1.pdf
B1,zurück/zurück-,,geri,,Sonstiges,1. Bitte eine Fahrkarte nach Frankfurt und zurück! 2. Wann wirst du zurückkommen? 3. Wann muss ich das Buch zurückgeben?,zurück/zurück-,B1.pdf
B1,zurzeit,,"şu anda, şu sırada",,Sonstiges,Zurzeit ist kein Zimmer frei.,zurzeit,B1.pdf
B1,zusagen,,"kabul etmek, olumlu yanıt vermek","sagt zu, sagte zu, hat zugesagt",Verb,Meine Eltern haben uns zum Essen eingeladen. Ich habe zugesagt.,"zusagen, sagt zu, sagte zu, hat zugesagt",B1.pdf
B1,zusammen/zusammen-,,"birlikte, beraber",,Sonstiges,1. Wir haben als Kinder oft zusammen gespielt. 2. Zahlen bitte. - Zusammen oder getrennt? 3. Das macht zusammen 10 Euro 80. 4. Fuß und Ball musst du zusammenschreiben – Fußball!,zusammen/zusammen-,B1.pdf
B1,Zusammenarbeit,die,iş birliği,,Nomen,Sie sind der neue Kollege? Auf gute Zusammenarbeit!,die Zusammenarbeit,B1.pdf
B1,zusammenfassen,,özetlemek,"fasst zusammen, fasste zusammen, hat zusammengefasst",Verb,Können Sie das bitte noch einmal kurz zusammenfassen?,"zusammenfassen, fasst zusammen, fasste zusammen, hat zusammengefasst",B1.pdf
B1,Zusammenhang,der,"bağlantı, ilişki",¨-e,Nomen,1. In diesem Zusammenhang möchte ich Sie auf zwei Bücher aufmerksam machen. 2. Was ist der Zusammenhang zwischen diesen beiden Themen?,"der Zusammenhang, ¨-e",B1.pdf
B1,zusätzlich,,"ek olarak, ilave",,Sonstiges,Sie müssen in Zukunft eine Stunde zusätzlich arbeiten.,zusätzlich,B1.pdf
B1,zuschauen,,"seyretmek, izlemek","schaut zu, schaute zu, hat zugeschaut",Verb,"Willst du mitspielen? – Nein, ich schaue lieber nur zu.","zuschauen, schaut zu, schaute zu, hat zugeschaut",B1.pdf
B1,Zuschauer,der,"izleyici, seyirci","die Zuschauerin, -nen",Nomen,"- Liebe Zuschauer, wir wünschen Ihnen gute Unterhaltung.","der Zuschauer, die Zuschauerin, -nen",B1.pdf
B1,Zuschlag,der,ek ücret,¨-e,Nomen,Für diesen Zug müssen Sie einen Zuschlag zahlen.,"der Zuschlag, ¨-e",B1.pdf
B1,zu sein,,kapalı olmak,"ist zu, war zu, ist zu gewesen",Verb,1. Am Sonntag sind die die meisten Läden zu. 2. Das Fenster war nicht zu.,"zu sein, ist zu, war zu, ist zu gewesen",B1.pdf
B1,Zustand,der,"durum, hâl",¨-e,Nomen,"Als wir in die Wohnung eingezogen sind, war sie in sehr schlechtem Zustand.","der Zustand, ¨-e",B1.pdf
B1,zuständig,,"yetkili, sorumlu",,Sonstiges,Wir haben ein Problem mit der Heizung. Wer ist dafür zuständig?,zuständig,B1.pdf
B1,zustimmen,,"onaylamak, kabul etmek","stimmt zu, stimmte zu, hat zugestimmt",Verb,1. Ich stimme dir in dieser Sache völlig zu. 2. Er nickt zustimmend.,"zustimmen, stimmt zu, stimmte zu, hat zugestimmt",B1.pdf
B1,Zustimmung,die,"onay, rıza",-en,Nomen,"Wir brauchen Ihre Zustimmung, um Ihnen Werbung zu schicken.","die Zustimmung, -en",B1.pdf
B1,Zutaten,die,malzemeler,(Pl.),Nomen,Welche Zutaten braucht man für diesen Kuchen?,die Zutaten (Pl.),B1.pdf
B1,zuverlässig,,güvenilir,,Sonstiges,Der Kollege kommt bestimmt gleich. Er ist immer sehr zuverlässig.,zuverlässig,B1.pdf
B1,das/der Zvieri/Znüni,,"ara öğün, atıştırmalık","-s (CH) → D: Imbiss, A: Jause",Sonstiges,Es ist Zeit für ein kleines Zvieri.,"das/der Zvieri/Znüni, -s (CH) → D: Imbiss; A: Jause",B1.pdf
B1,zwar,,"gerçi, doğrusu",,Sonstiges,"1. Diese Schuhe sind zwar teuer, aber gut. 2. Ich kriege jetzt doch eine Woche Urlaub, und zwar nächsten Monat.",zwar,B1.pdf
B1,Zweck,der,amaç,-e,Nomen,"Ich glaube, es hat keinen Zweck, sich zu bewerben. Der Job ist sicher schon weg.","der Zweck, -e",B1.pdf
B1,zweifeln,,"şüphe etmek, kuşkulanmak","zweifelt, zweifelte, hat gezweifelt",Verb,"Ich zweifle nicht daran, dass Sie recht haben.","zweifeln, zweifelt, zweifelte, hat gezweifelt",B1.pdf
B1,Zweifel,der,"şüphe, kuşku",-,Nomen,1. Da ist ohne Zweifel die beste Lösung. 2. Allmählich bekomme ich Zweifel daran.,"der Zweifel, -",B1.pdf
B1,Zwiebel,die,soğan,-n,Nomen,Eine Zwiebel in kleine Stücke schneiden und zusammen mit dem Fleisch braten.,"die Zwiebel, -n",B1.pdf
B1,sich zwingen,,zorlamak,"zwingt, zwang, hat gezwungen",Verb,1. Bitte zwing mich nicht etwas zu essen. Ich bin wirklich nicht hungrig. 2. Das schlechte Wetter zwang uns umzukehren.,"(sich) zwingen, zwingt, zwang, hat gezwungen",B1.pdf
B1,zwischen,,arasında,,Sonstiges,1. Das Regal stellen wir zwischen die beiden Schränke. 2. Heidelberg liegt zwischen Frankfurt und Stuttgart. 3. Zwischen 8 und 10 Uhr bin ich zu Hause.,zwischen,B1.pdf
