niveau,wort,artikel,turkce,formen,typ,beispiele,eintrag,quelle
A2,ab,,"-den itibaren, -den beri",,Sonstiges,Ab morgen muss ich wieder arbeiten.,ab,A2.pdf
A2,aber,,"ama, fakat",,Sonstiges,"Heute kann ich nicht kommen, aber morgen habe ich Zeit. Wir haben nur eine kleine Wohnung, sind aber damit zufrieden. Es war sehr schön. Jetzt muss ich aber gehen. Das ist aber nett von dir.",aber,A2.pdf
A2,abgeben,,"teslim etmek, vermek","gibt ab, hat abgegeben",Verb,Ich muss meinen Schlüssel an der Rezeption abgeben.,"abgeben, gibt ab, hat abgegeben",A2.pdf
A2,abholen,,"almak, karşılamak","holt ab, hat abgeholt",Verb,Wann kann ich die Sachen bei dir abholen? Wir müssen noch meinen Bruder abholen.,"abholen, holt ab, hat abgeholt",A2.pdf
A2,abschließen,,"kilitlemek, tamamlamak",,Sonstiges,Hast du die Tür abgeschlossen?,"abschließen,",A2.pdf
A2,schließt ab,,"tamamlamak, bitirmek, mezun olmak",hat abgeschlossen,Verb,Ich schließe dieses Jahr mein Studium/ meine Ausbildung ab.,"schließt ab, hat abgeschlossen",A2.pdf
A2,Achtung,,dikkat,(Sg.),Sonstiges,Achtung an Gleis drei: Die Türen schließen. Der Zug fährt jetzt ab. Achtung! Pass auf! Der Verkehr ist hier gefährlich.,Achtung (Sg.),A2.pdf
A2,Adresse,die,adres,-n,Nomen,Können Sie mir Ihre Adresse geben?,"die Adresse, -n",A2.pdf
A2,Ahnung,die,"fikir, tahmin",-en,Nomen,"Ich hatte keine Ahnung, dass du heute Geburtstag hast. Wie spät ist es? - Ich habe keine Ahnung.","die Ahnung, -en",A2.pdf
A2,aktiv,,aktif,,Sonstiges,Peter ist sehr aktiv und macht viel Sport.,aktiv,A2.pdf
A2,aktuell,,güncel,,Sonstiges,Das ist das aktuelle Kinoprogramm.,aktuell,A2.pdf
A2,all-,,"tüm, bütün, hepsi",,Sonstiges,"Ich wünsche dir alles Gute! Hast du alles? Möchten Sie noch etwas? - Nein, danke. Das ist alles. Sind alle da? - Nein, Rita fehlt noch. Alle Freunde kommen.",all-,A2.pdf
A2,allein,,yalnız,,Sonstiges,"Kommt seine Freundin mit? - Nein, er kommt allein. Soll ich Ihnen/dir helfen? - Nein danke, ich schaffe das schon allein.",allein,A2.pdf
A2,als,,"-den daha, olarak, iken",,Sonstiges,Hector ist jünger als seine Schwester. Sie arbeitet als Krankenschwester.,als,A2.pdf
A2,also,,"yani, öyleyse",,Sonstiges,"Also, die Sache ist so: … Er hat Zeit, also kann er uns helfen.",also,A2.pdf
A2,alt,,"yaşlı, eski",,Sonstiges,Wie alt sind Sie? Mein Computer ist schon sehr alt. Wir wohnen in einem ganz alten Haus. Köln ist eine alte Stadt.,alt,A2.pdf
A2,Alter,das,yaş,(Sg.),Nomen,Alter: 18 Jahre.,das Alter (Sg.),A2.pdf
A2,Ampel,die,trafik ışığı,-n,Nomen,"Du kannst fahren, die Ampel ist grün. Nach der Ampel musst du nach links fahren.","die Ampel, -n",A2.pdf
A2,an,,"-de, -da; -e, -a",,Sonstiges,Fahren Sie an der nächsten Kreuzung nach rechts. Wir treffen uns am Bahnhof/am Kino/am Stand. Am nächsten Montag geht es leider nicht. Das Licht war die ganze Nacht an.,an,A2.pdf
A2,anbieten,,"sunmak, ikram etmek",bietet an hat angeboten,Sonstiges,Darf ich Ihnen/dir ein Stück Kuchen anbieten? Er hat mir eine Stelle als Verkäuferin angeboten.,"anbieten, bietet an, hat angeboten",A2.pdf
A2,Angebot,das,"teklif, kampanya",-e,Nomen,Heute sind Bananen im Angebot. Stellenangebote finden Sie in der Zeitung oder im Internet.,"das Angebot, -e",A2.pdf
A2,ander-,,"diğer, başka",,Sonstiges,"Willst du diesen Mantel? – Nein, ich möchte den anderen. Die anderen sind schon nach Hause gegangen. Bitte nicht alle auf einmal! Einer nach dem anderen.",ander-,A2.pdf
A2,ändern,,değiştirmek,"ändert, hat geändert",Verb,Das Wetter hat sich geändert. Wie kann ich mein Passwort ändern?,"ändern, ändert, hat geändert",A2.pdf
A2,anders,,"başka, farklı",,Sonstiges,Anders geht das leider nicht. Oliver ist anders als seine Freunde.,anders,A2.pdf
A2,anfangen,,başlamak,fängt an hat angefangen,Sonstiges,Hier fängt die Bahnhofstraße an. Der Unterricht fängt gleich an. Würden Sie bitte anfangen? Ich fange im Herbst meine Ausbildung an.,"anfangen, fängt an, hat angefangen",A2.pdf
A2,Anfang,der,başlangıç,¨-e,Nomen,Sie wohnt am Anfang der Straße. Wir machen Anfang Juli Urlaub.,"der Anfang, ¨-e",A2.pdf
A2,Angst,die,korku,¨-e,Nomen,Hab keine Angst! Ich habe Angst vor großen Hunden.,"die Angst, ¨-e",A2.pdf
A2,ankommen,,varmak,"kommt an, ist angekommen",Verb,Wann kommt dieser Zug in Hamburg an? Auf diesem Fahrplan steht nur die Ankunft der Züge.,"ankommen, kommt an, ist angekommen",A2.pdf
A2,Ankunft,die,varış,-¨e,Nomen,Wann kommt dieser Zug in Hamburg an? Auf diesem Fahrplan steht nur die Ankunft der Züge.,"die Ankunft, -¨e",A2.pdf
A2,anmachen,,açmak,"macht an, hat angemacht",Verb,Mach bitte das Licht an!,"anmachen, macht an, hat angemacht",A2.pdf
A2,anmelden,,"kaydolmak, kayıt yaptırmak",(sich),Sonstiges,Wo kann ich mich anmelden?,"anmelden (sich),",A2.pdf
A2,meldet an,,"kaydetmek, kayıt yaptırmak",hat angemeldet,Verb,Eine Anmeldung für diesen Kurs ist nicht mehr möglich.,"meldet an, hat angemeldet",A2.pdf
A2,Anmeldung,die,"kayıt, kayıt işlemi",-en,Nomen,Wo bekomme ich das Formular für die Anmeldung?,"die Anmeldung,-en",A2.pdf
A2,Anrufbeantworter,der,telesekreter,-,Nomen,Wir sind im Moment nicht da. Sprechen Sie bitte auf den Anrufbeantworter.,"der Anrufbeantworter, -",A2.pdf
A2,anrufen,,"aramak, telefon etmek","ruft an, hat angerufen",Verb,Kann ich Sie heute Abend anrufen? Juan ruft seine Freundin an.,"anrufen, ruft an, hat angerufen",A2.pdf
A2,Anruf,der,"telefon görüşmesi, arama",-e,Nomen,Eva bekommt viele Anrufe von ihrem Freund Juan.,"der Anruf, -e",A2.pdf
A2,Anschluss,der,"bağlantı, aktarma",¨-e,Nomen,In Mannheim haben Sie Anschluss nach Saarbrücken. In Stuttgart erreichen Sie alle Anschlüsse. Auch der Zug nach Paris wartet. Gibt es in der Wohnung einen Waschmaschinenanschluss?,"der Anschluss, ¨-e",A2.pdf
A2,ansehen,,"izlemek, bakmak, seyretmek","sieht an, hat angesehen",Verb,Darf ich eure Urlaubsfotos ansehen? Ich sehe (mir) diese Sendung jeden Tag an.,"ansehen, sieht an, hat angesehen",A2.pdf
A2,antworten,,"cevap vermek, yanıtlamak","antwortet, hat geantwortet",Verb,Er antwortet nicht. Er gibt leider keine Antwort.,"antworten, antwortet, hat geantwortet",A2.pdf
A2,Antwort,die,"cevap, yanıt",-en,Nomen,Er antwortet nicht. Er gibt leider keine Antwort.,"die Antwort, -en",A2.pdf
A2,Anzeige,die,ilan,-n,Nomen,Ich habe Ihre Anzeige in der Zeitung gelesen.,"die Anzeige, -n",A2.pdf
A2,Anzug,der,takım elbise,¨-e,Nomen,Mein Mann muss sich einen neuen Anzug kaufen.,"der Anzug, ¨-e",A2.pdf
A2,Apfel,der,elma,¨-,Nomen,"Ein Kilo Äpfel, bitte.","der Apfel, ¨-",A2.pdf
A2,Apotheke,die,eczane,-n,Nomen,Das Medikament bekommen Sie in der Apotheke.,"die Apotheke, -n",A2.pdf
A2,Apparat,der,"cihaz, aygıt",-e,Nomen,Was machen wir mit deinem alten Apparat? Ich habe einen neuen Fotoapparat.,"der Apparat, -e",A2.pdf
A2,arbeiten,,çalışmak,arbeitet hat gearbeitet,Sonstiges,Wo arbeiten Sie? Ich arbeite als Krankenschwester in einem Krankenhaus.,"arbeiten, arbeitet, hat gearbeitet",A2.pdf
A2,Arbeit,die,"iş, çalışma",-en,Nomen,Mein Bruder sucht Arbeit.,"die Arbeit, -en",A2.pdf
A2,arbeitslos,,işsiz,,Sonstiges,"Seit wann ist er schon arbeitslos? Es gibt bei uns viele Leute, die schon lange arbeitslos sind.",arbeitslos,A2.pdf
A2,ärgern (sich),,"sinirlenmek, kızmak","ärgert, hat geärgert",Verb,"Warum ärgerst du dich? - Ich ärgere mich, weil das Wetter schlecht ist.","ärgern (sich), ärgert, hat geärgert",A2.pdf
A2,arm,,"fakir, yoksul",,Sonstiges,"Sie haben nicht viel Geld, sie sind arm.",arm,A2.pdf
A2,Arm,der,kol,-e,Nomen,Mein Arm tut weh.,"der Arm, -e",A2.pdf
A2,Artikel,der,makale,-,Nomen,"Im Deutschen gibt es drei Artikel: der, die und das. Ich habe in der Zeitung einen interessanten Artikel gelesen.","der Artikel, -",A2.pdf
A2,auch,,"de, da; ayrıca",,Sonstiges,Ich bin auch Spanier. Maria muss auch am Wochenende arbeiten.,auch,A2.pdf
A2,auf,,"üstünde, üzerinde",,Sonstiges,"Das Wörterbuch liegt auf dem Tisch. Die Kinder spielen auf der Straße. Am Samstag gehen wir auf eine Party. Meine Eltern wohnen auf dem Land. Auf dem Foto ist auch meine Schwester. Die Tür ist auf, kommen Sie rein! Hat das Geschäft noch auf? Auf Wiedersehen. Wie heißt das auf Deutsch?",auf,A2.pdf
A2,auf jeden/ keinen Fall,,"kesinlikle, her hâlükârda",,Sonstiges,Ich möchte auf jeden Fall den neuen James-Bond- Film sehen. - Wirklich? Ich finde James-Bond-Filme langweilig. Ich sehe ihn auf keinen Fall an!,auf jeden/ keinen Fall,A2.pdf
A2,aufhören,,"bitmek, sona ermek","hört auf, hat aufgehört",Verb,Wann hört ihr mit der Arbeit auf? Kannst du bitte damit aufhören? Ich muss jetzt arbeiten.,"aufhören, hört auf, hat aufgehört",A2.pdf
A2,aufmachen,,açmak,"macht auf, hat aufgemacht",Verb,Kannst du bitte die Tür aufmachen?,"aufmachen, macht auf, hat aufgemacht",A2.pdf
A2,aufpassen,,dikkat etmek,passt auf hat aufgepasst,Sonstiges,"Pass auf, der Teller fällt gleich auf den Boden! Der Babysitter passt heute Abend auf die Kinder auf. Er passt im Unterricht nicht auf.","aufpassen, passt auf, hat aufgepasst",A2.pdf
A2,aufräumen,,"toplamak, düzenlemek","räumt auf, hat aufgeräumt",Verb,Die Kinder müssen ihr Zimmer aufräumen.,"aufräumen, räumt auf, hat aufgeräumt",A2.pdf
A2,aufregend,,heyecan verici,,Sonstiges,Die letzte Woche war sehr aufregend. Der Film ist nicht besonders aufregend.,aufregend,A2.pdf
A2,aufstehen,,"kalkmak, ayağa kalkmak","steht auf, ist aufgestanden",Verb,Ich stehe jeden Morgen um sieben Uhr auf.,"aufstehen, steht auf, ist aufgestanden",A2.pdf
A2,Aufzug,der,asansör,¨-e,Nomen,In diesem Haus gibt es keinen Aufzug. Der Aufzug ist leider kaputt.,"der Aufzug, ¨-e",A2.pdf
A2,Auge,das,göz,-n,Nomen,Er hat blaue Augen. Mein rechtes Auge tut seit Sonntag weh.,"das Auge, -n",A2.pdf
A2,aus,,"-den, -dan; içinden",,Sonstiges,Michele kommt aus Brasilien. Frau Müller geht immer um acht Uhr aus dem Haus. Der Tisch ist aus Glas. Ich sehe nichts. Das Licht ist aus.,aus,A2.pdf
A2,Ausbildung,die,"meslek eğitimi, staj",-en,Nomen,Ich möchte eine Ausbildung zum Krankenpfleger machen.,"die Ausbildung, -en",A2.pdf
A2,Ausflug,der,gezi,¨-e,Nomen,Morgen machen wir einen Ausflug nach Heidelberg/ an die Ostsee.,"der Ausflug, ¨-e",A2.pdf
A2,ausfüllen,,doldurmak,"füllt aus, hat ausgefüllt",Verb,Füllen Sie/Füll bitte dieses Formular aus!,"ausfüllen, füllt aus, hat ausgefüllt",A2.pdf
A2,Ausgang,der,çıkış,¨-e,Nomen,"Entschuldigung, wo ist der Ausgang?","der Ausgang, ¨-e",A2.pdf
A2,ausgeben,,harcamak,"gibt aus, hat ausgegeben",Verb,Agata gibt viel Geld für Bücher aus. Ich möchte nicht so viel Geld ausgeben.,"ausgeben, gibt aus, hat ausgegeben",A2.pdf
A2,ausgehen,,"dışarı çıkmak, sönmek","geht aus, ist ausgegangen",Verb,Gehen wir am Freitag zusammen aus? Plötzlich ist das Licht ausgegangen.,"ausgehen, geht aus, ist ausgegangen",A2.pdf
A2,Auskunft,die,"bilgi, danışma",¨-e,Nomen,Wo ist die Auskunft? Können Sie mir bitte eine Auskunft geben?,"die Auskunft, ¨-e",A2.pdf
A2,Ausland,das,yurt dışı,(Sg.),Nomen,Fahren Sie ins Ausland?,das Ausland (Sg.),A2.pdf
A2,ausmachen,,kapatmak,"macht aus, hat ausgemacht",Verb,Mach bitte das Licht aus!,"ausmachen, macht aus, hat ausgemacht",A2.pdf
A2,auspacken,,"paketten çıkarmak, açmak","packt aus, hat ausgepackt",Verb,Packst du bitte den Koffer aus?,"auspacken, packt aus, hat ausgepackt",A2.pdf
A2,ausruhen (sich),,dinlenmek,"ruht aus, hat ausgeruht",Verb,Ruh dich erst mal aus! Du bist sicher müde. Er ruht sich nach der Arbeit immer aus.,"ausruhen (sich), ruht aus, hat ausgeruht",A2.pdf
A2,aussehen,,görünmek,"sieht aus, hat ausgesehen",Verb,Wie sieht er aus? - Groß und blond. Sie sieht wie ihre Mutter aus. Das Kleid sieht hübsch aus.,"aussehen, sieht aus, hat ausgesehen",A2.pdf
A2,außer,,"dışında, hariç",,Sonstiges,Außer Lisa möchte niemand den Film sehen. Wir haben täglich außer Samstag geöffnet.,außer,A2.pdf
A2,außerdem,,"ayrıca, bunun yanında",,Sonstiges,"Vier Brötchen, möchten Sie außerdem noch etwas?",außerdem,A2.pdf
A2,außerhalb,,dışında,,Sonstiges,"Die Wohnung ist nicht in der Stadt, sie liegt etwas außerhalb.",außerhalb,A2.pdf
A2,aussprechen,,telaffuz etmek,"spricht aus, hat ausgesprochen",Verb,Wie spricht man das Wort aus?,"aussprechen, spricht aus, hat ausgesprochen",A2.pdf
A2,aussteigen,,inmek,"steigt aus, ist ausgestiegen",Verb,Wo müssen wir aussteigen? – An der nächsten Haltestelle.,"aussteigen, steigt aus, ist ausgestiegen",A2.pdf
A2,Ausstellung,die,sergi,-en,Nomen,Gehen wir morgen zusammen in die Ausstellung?,"die Ausstellung,-en",A2.pdf
A2,austragen,,dağıtmak,"trägt aus, hat ausgetragen",Verb,Er trägt jeden Morgen die Zeitung aus.,"austragen, trägt aus, hat ausgetragen",A2.pdf
A2,Ausweis,der,"kimlik, kimlik kartı",-e,Nomen,Darf ich bitte mal Ihren Ausweis sehen? – Hier ist mein Ausweis.,"der Ausweis, -e",A2.pdf
A2,Auto,das,araba,-s,Nomen,Er fährt mit dem Auto.,"das Auto, -s",A2.pdf
A2,Autobahn,die,otoyol,-en,Nomen,Darf ich mit dem Motorroller auf der Autobahn fahren? Das Dorf liegt direkt an der Autobahn.,"die Autobahn, -en",A2.pdf
A2,Automat,der,otomat,-en,Nomen,Fahrkarten gibt es nur am Automaten. In Berlin ist der Fahrkartenautomat auf dem Bahnsteig.,"der Automat, -en",A2.pdf
A2,automatisch,,otomatik olarak,,Sonstiges,"Achtung, die Türen schließen automatisch!",automatisch,A2.pdf
A2,Baby,das,bebek,-s,Nomen,Wir haben ein Baby. Es ist sechs Wochen alt.,"das Baby, -s",A2.pdf
A2,Babysitter,der,bebek bakıcısı,-,Nomen,Meine Tochter arbeitet als Babysitter bei einer Familie mit vier Kindern.,"der Babysitter,-",A2.pdf
A2,backen,,"pişirmek, fırınlamak","bäckt/backt, hat gebacken",Verb,"Wenn du kommst, backe ich einen Kuchen.","backen, bäckt/backt, hat gebacken",A2.pdf
A2,Bäckerei,die,"fırın, pastane",-en,Nomen,Ich geh mal schnell zur Bäckerei.,"die Bäckerei, -en",A2.pdf
A2,Bad,das,banyo,¨-er,Nomen,Das Haus ist sehr alt. Es hat kein Bad. Im Winter nehme ich gern ein warmes Bad.,"das Bad, ¨-er",A2.pdf
A2,baden,,"banyo yapmak, yıkanmak","badet, hat gebadet",Verb,"Ich bade nicht so gern, ich dusche lieber. In diesem See darf man nicht baden.","baden, badet, hat gebadet",A2.pdf
A2,Bahn,die,"tren, demiryolu",-en,Nomen,Wir fahren lieber mit der Bahn als mit dem Bus. Ich nehme die nächste S-Bahn.,"die Bahn, -en",A2.pdf
A2,Bahnhof,der,"tren istasyonu, gar",¨-e,Nomen,"Entschuldigung, komme ich hier zum Bahnhof?","der Bahnhof, ¨-e",A2.pdf
A2,Bahnsteig,der,peron,-e,Nomen,Auf Hauptbahnhöfen gibt es meist viele Bahnsteige.,"der Bahnsteig, -e",A2.pdf
A2,bald,,yakında,,Sonstiges,Ich komme bald. Auf Wiedersehen! Bis bald!,bald,A2.pdf
A2,Balkon,der,balkon,-e,Nomen,Die Wohnung hat auch einen kleinen Balkon.,"der Balkon, -e",A2.pdf
A2,Ball,der,top,¨-e,Nomen,Meine Kinder spielen gern Ball.,"der Ball, ¨-e",A2.pdf
A2,Banane,die,muz,-n,Nomen,"Drei Bananen, bitte!","die Banane, -n",A2.pdf
A2,Band,die,müzik grubu,-s,Nomen,Was ist deine Lieblingsband? Anton spielt in einer Band.,"die Band, -s",A2.pdf
A2,Bank,die,"banka, bank",-en,Nomen,"Bei welcher Bank haben Sie Ihr Konto? Kommt, wir setzen uns auf diese Bank.","die Bank, -en",A2.pdf
A2,Bank,die,"banka, bank",¨-e,Nomen,"Bei welcher Bank haben Sie Ihr Konto? Kommt, wir setzen uns auf diese Bank.","die Bank, ¨-e",A2.pdf
A2,bar,,"nakit, peşin",,Sonstiges,Muss ich bar zahlen oder geht‘s auch mit Karte?,bar,A2.pdf
A2,Basketball,der,basketbol,¨-e,Nomen,Yannick spielt lieber Basketball als Fußball.,"der Basketball, ¨-e",A2.pdf
A2,basteln,,el işi yapmak,"bastelt, hat gebastelt",Verb,Die Kinder haben etwas gebastelt.,"basteln, bastelt, hat gebastelt",A2.pdf
A2,Bauch,der,karın,¨-e,Nomen,Seit gestern tut mir der Bauch weh.,"der Bauch, ¨-e",A2.pdf
A2,bauen,,"inşa etmek, yapmak","baut, hat gebaut",Verb,Unsere Nachbarn bauen ein neues Haus.,"bauen, baut, hat gebaut",A2.pdf
A2,Baum,der,ağaç,¨-e,Nomen,Der Baum ist über hundert Jahre alt. Wir haben zwei Apfelbäume im Garten.,"der Baum, ¨-e",A2.pdf
A2,Baustelle,die,"inşaat alanı, şantiye",-n,Nomen,Vor unserem Haus ist eine große Baustelle.,"die Baustelle, -n",A2.pdf
A2,beantworten,,"cevaplamak, yanıtlamak","beantwortet, hat beantwortet",Verb,Können Sie meine Frage bitte beantworten? Hast du die Mail schon beantwortet?,"beantworten, beantwortet, hat beantwortet",A2.pdf
A2,bedanken (sich),,teşekkür etmek,"bedankt, hat bedankt",Verb,Ich möchte mich noch einmal sehr herzlich für Ihre Hilfe bedanken.,"bedanken (sich), bedankt, hat bedankt",A2.pdf
A2,bedeuten,,anlamına gelmek,"bedeutet, hat bedeutet",Verb,Was bedeutet das Wort?,"bedeuten, bedeutet, hat bedeutet",A2.pdf
A2,beeilen (sich),,acele etmek,"beeilt, hat beeilt",Verb,Kannst du dich bitte beeilen? Der Bus fährt gleich ab!,"beeilen (sich), beeilt, hat beeilt",A2.pdf
A2,beenden,,"bitirmek, sona erdirmek","beendet, hat beendet",Verb,Du musst deine Ausbildung auf jeden Fall beenden.,"beenden, beendet, hat beendet",A2.pdf
A2,beginnen,,başlamak,"beginnt, hat begonnen",Verb,Das Spiel beginnt um 15.30 Uhr.,"beginnen, beginnt, hat begonnen",A2.pdf
A2,begründen,,"gerekçelendirmek, açıklamak","begründet, hat begründet",Verb,Bitte begründen Sie Ihre Meinung.,"begründen, begründet, hat begründet",A2.pdf
A2,bei,,"yanında, -de",,Sonstiges,Offenbach liegt bei Frankfurt. Ich wohne bei meinen Eltern. Bei uns ist das anders als hier. Er arbeitet bei Siemens. Ich möchte euch nicht beim Essen stören.,bei,A2.pdf
A2,beide,,"her ikisi, ikisi de",,Sonstiges,"Wir kommen beide. Welche Bluse möchten Sie, die rote oder die grüne? - Ich nehme beide.",beide,A2.pdf
A2,Bein,das,bacak,-e,Nomen,Mein rechtes Bein tut weh.,"das Bein, -e",A2.pdf
A2,bekannt der/die Bekannte,,"tanınmış, ünlü, tanıdık",-n,Sonstiges,Picasso ist sehr bekannt. Er ist ein bekannter Maler. Ein Bekannter von mir heißt Klaus.,"bekannt der/die Bekannte, -n",A2.pdf
A2,bekommen,,"almak, elde etmek","bekommt, hat bekommen",Verb,Haben Sie meinen Brief bekommen? Aspirin bekommen Sie in der Apotheke.,"bekommen, bekommt, hat bekommen",A2.pdf
A2,beliebt,,"sevilen, popüler",,Sonstiges,Fußball ist bei vielen Menschen beliebt.,beliebt,A2.pdf
A2,benutzen,,kullanmak,"benutzt, hat benutzt",Verb,Die Aufzüge bitte nicht benutzen!,"benutzen, benutzt, hat benutzt",A2.pdf
A2,bequem,,rahat,,Sonstiges,Das Sofa ist sehr bequem. Meine Kinder ziehen am liebsten bequeme Schuhe an.,bequem,A2.pdf
A2,beraten,,"danışmanlık yapmak, tavsiye vermek","berät, hat beraten",Verb,"Unsere Sekretärin berät Sie gern, wenn Sie Fragen haben.","beraten, berät, hat beraten",A2.pdf
A2,Berg,der,dağ,-e,Nomen,Die Zugspitze ist der höchste Berg in Deutschland. Wir fahren am Wochenende in die Berge.,"der Berg, -e",A2.pdf
A2,berichten,,"bildirmek, haber vermek","berichtet, hat berichtet",Verb,Alle Zeitungen berichten von dem Unfall.,"berichten, berichtet, hat berichtet",A2.pdf
A2,Beruf,der,meslek,-e,Nomen,Was bist du von Beruf?,"der Beruf, -e",A2.pdf
A2,berühmt,,"ünlü, meşhur",,Sonstiges,Thomas Müller ist ein berühmter Fußballspieler.,berühmt,A2.pdf
A2,Bescheid,der,"haber, bilgi",(bekommen/ geben/sagen),Nomen,Kann Lisa in Heidelberg studieren? - Sie weiß es noch nicht. Sie bekommt erst nächste Woche Bescheid. Kannst du mir bis morgen Bescheid geben? Ich frage Herrn Maier und sage Ihnen dann Bescheid.,der Bescheid (bekommen/ geben/sagen),A2.pdf
A2,beschreiben,,"tarif etmek, tanımlamak","beschreibt, hat beschrieben",Verb,Kannst du mir den Weg zum Bahnhof beschreiben?,"beschreiben, beschreibt, hat beschrieben",A2.pdf
A2,beschweren (sich),,şikayet etmek,"beschwert, hat beschwert",Verb,"Hier ist es zu laut. Wo können wir uns beschweren? Mein Nachbar beschwert sich immer über unsere Kinder, wenn sie im Garten spielen.","beschweren (sich), beschwert, hat beschwert",A2.pdf
A2,besetzt,,"dolu, meşgul",,Sonstiges,"Ist dieser Platz frei? - Nein, er ist besetzt. Die Nummer ist immer besetzt.",besetzt,A2.pdf
A2,besichtigen,,"gezmek, ziyaret etmek","besichtigt, hat besichtigt",Verb,Ich möchte gern das Schloss besichtigen. Sie können die Wohnung am Mittwochabend besichtigen.,"besichtigen, besichtigt, hat besichtigt",A2.pdf
A2,besonders,,özellikle,,Sonstiges,Dieses Angebot ist besonders günstig. Hier ist die Pizza besonders gut. Wie geht's? - Nicht besonders.,besonders,A2.pdf
A2,bestätigen,,"onaylamak, doğrulamak","bestätigt, hat bestätigt",Verb,"Ich kann bestätigen, dass er hier war.","bestätigen, bestätigt, hat bestätigt",A2.pdf
A2,bestehen,,"geçmek, oluşmak","besteht, hat bestanden",Verb,"Ich habe die Prüfung bestanden! Die Prüfung besteht aus vier Teilen: Hören, Lesen, Schreiben und Sprechen.","bestehen, besteht, hat bestanden",A2.pdf
A2,bestellen,,"sipariş etmek, ısmarlamak","bestellt, hat bestellt",Verb,Wir möchten bitte bestellen. Dieses Buch haben wir nicht da. Sollen wir es für Sie bestellen?,"bestellen, bestellt, hat bestellt",A2.pdf
A2,Besuch,der,ziyaret,-e,Nomen,Wir bekommen am Wochenende Besuch. Ich mache einen Besuch im Krankenhaus.,"der Besuch, -e",A2.pdf
A2,besuchen,,ziyaret etmek,"besucht, hat besucht",Verb,Darf ich dich mal besuchen? Möchtest du mich in den Ferien besuchen?,"besuchen, besucht, hat besucht",A2.pdf
A2,Bett,das,yatak,-en,Nomen,Sie ist krank und muss heute im Bett bleiben.,"das Bett, -en",A2.pdf
A2,bewerben (sich),,başvurmak,"bewirbt, hat beworben",Verb,Ich möchte mich um diese Stelle bewerben. Kannst du mir bei meiner Bewerbung helfen?,"bewerben (sich), bewirbt, hat beworben",A2.pdf
A2,Bewerbung,die,başvuru,-en,Nomen,Ich möchte mich um diese Stelle bewerben. Kannst du mir bei meiner Bewerbung helfen?,"die Bewerbung, -en",A2.pdf
A2,bewölkt,,bulutlu,,Sonstiges,Heute ist es bewölkt. Es gibt viele Wolken am Himmel.,bewölkt,A2.pdf
A2,Wolke,die,bulut,-n,Nomen,Heute ist es bewölkt. Es gibt viele Wolken am Himmel.,"die Wolke, -n",A2.pdf
A2,bezahlen,,ödemek,"bezahlt, hat bezahlt",Verb,Wo kann ich bezahlen?,"bezahlen, bezahlt, hat bezahlt",A2.pdf
A2,Bibliothek,die,kütüphane,-en,Nomen,Sie lernt jeden Tag in der Bibliothek.,"die Bibliothek, -en",A2.pdf
A2,Bier,das,bira,-e,Nomen,"Noch ein Bier, bitte.","das Bier, -e",A2.pdf
A2,Bild,das,resim,-er,Nomen,Hast du ein Bild von deinem Sohn?,"das Bild, -er",A2.pdf
A2,billig,,ucuz,,Sonstiges,Das Wörterbuch kostet nur fünf Euro. - Fünf Euro? Das ist aber billig!,billig,A2.pdf
A2,Birne,die,armut,-n,Nomen,"Ein Kilo Birnen, bitte!","die Birne, -n",A2.pdf
A2,bis,,-e kadar,,Sonstiges,"Ich fahre nur bis Stuttgart. Ich warte bis Freitag. Tschüss, bis gleich!",bis,A2.pdf
A2,bisschen,,biraz,,Sonstiges,Können Sie bitte ein bisschen lauter sprechen? Ich spreche ein bisschen Französisch. Möchten Sie noch ein bisschen Salat?,bisschen,A2.pdf
A2,bitte,,lütfen,,Sonstiges,Eine Tasse Kaffee bitte! - Bitte schön! Wie bitte? Sprechen Sie bitte ein bisschen lauter!,bitte,A2.pdf
A2,Bitte,die,rica,-n,Nomen,Ich habe noch eine Bitte.,"die Bitte, -n",A2.pdf
A2,bitten,,rica etmek,"bittet, hat gebeten",Verb,Darf ich Sie um etwas bitten?,"bitten, bittet, hat gebeten",A2.pdf
A2,bitter,,acı,,Sonstiges,Kaffee ohne Zucker schmeckt bitter.,bitter,A2.pdf
A2,Blatt,das,"yaprak, kağıt yaprağı",¨-er,Nomen,Haben Sie ein Blatt Papier für mich? Die Bäume haben schon gelbe Blätter.,"das Blatt, ¨-er",A2.pdf
A2,bleiben,,kalmak,"bleibt, ist geblieben",Verb,"Wir bleiben drei Tage in Berlin. Bitte bleiben Sie stehen! Oh nein, meine Uhr ist stehen geblieben. Wie spät ist es? Ich bleibe heute zu Hause.","bleiben, bleibt, ist geblieben",A2.pdf
A2,Bleistift,der,kurşun kalem,-e,Nomen,Hast du einen Bleistift?,"der Bleistift, -e",A2.pdf
A2,blöd,,"aptal, salak",,Sonstiges,"Ich finde es blöd, dass du morgen gehen musst.",blöd,A2.pdf
A2,der/das Blog,,blog,-s,Sonstiges,Ich schreibe einen Blog über Mode.,"der/das Blog, -s",A2.pdf
A2,blond,,sarışın,,Sonstiges,Lisa hat blonde Haare.,blond,A2.pdf
A2,Blume,die,çiçek,-n,Nomen,Gefallen dir die Blumen?,"die Blume, -n",A2.pdf
A2,Bluse,die,bluz,-n,Nomen,Ich suche eine weiße Bluse.,"die Bluse, -n",A2.pdf
A2,Bohne,die,fasulye,-n,Nomen,Hans isst nicht gern Bohnen.,"die Bohne, -n",A2.pdf
A2,böse,,"kızgın, öfkeli",,Sonstiges,Sie ist richtig böse auf mich. Ich habe dein Buch vergessen. Hoffentlich bist du mir nicht böse.,böse,A2.pdf
A2,braten,,"kızartmak, kavurmak","brät, hat gebraten",Verb,Braten Sie das Fleisch in etwas Öl ! Der Fisch brät in der Pfanne.,"braten, brät, hat gebraten",A2.pdf
A2,brauchen,,"ihtiyaç duymak, gerekmek","braucht, hat gebraucht",Verb,Ich brauche ein neues Auto. Brauchst du die Zeitung noch oder kann ich sie haben? Meine Großmutter ist krank. Sie braucht viel Ruhe.,"brauchen, braucht, hat gebraucht",A2.pdf
A2,Brief,der,mektup,-e,Nomen,Haben Sie einen Brief für mich?,"der Brief, -e",A2.pdf
A2,Briefmarke,die,pul,-n,Nomen,Bitte die Briefmarke nicht vergessen!,"die Briefmarke, -n",A2.pdf
A2,Brille,die,gözlük,-n,Nomen,Wo ist meine Brille? Mit dieser Brille kann ich nicht mehr gut sehen.,"die Brille, -n",A2.pdf
A2,bringen,,getirmek,"bringt, hat gebracht",Verb,Bringen Sie mir bitte noch einen Kaffee! Wir müssen Max ins Krankenhaus bringen.,"bringen, bringt, hat gebracht",A2.pdf
A2,Brot,das,ekmek,-e,Nomen,Nimm doch noch ein Brot für das Abendessen. Haben Sie auch Weißbrot?,"das Brot, -e",A2.pdf
A2,Brötchen,das,"küçük ekmek, sandviç ekmeği",-,Nomen,Möchtest du Brot oder Brötchen zum Frühstück?,"das Brötchen, -",A2.pdf
A2,Brücke,die,köprü,-n,Nomen,Fahren Sie über die nächste Brücke und dann nach links.,"die Brücke, -n",A2.pdf
A2,Buch,das,kitap,¨-er,Nomen,"Was kostet das Buch, bitte? In diesem Wörterbuch finden Sie mehr als 20.000 Wörter.","das Buch, ¨-er",A2.pdf
A2,buchen,,"rezervasyon yapmak, ayırtmak","bucht, hat gebucht",Verb,Morgen buche ich unsere Urlaubsreise.,"buchen, bucht, hat gebucht",A2.pdf
A2,Buchstabe,der,harf,-n,Nomen,Diesen Buchstaben gibt es in meiner Sprache nicht.,"der Buchstabe, -n",A2.pdf
A2,buchstabieren,,"harf harf söylemek, hecelemek","buchstabiert, hat buchstabiert",Verb,Würden Sie bitte Ihren Namen buchstabieren?,"buchstabieren, buchstabiert, hat buchstabiert",A2.pdf
A2,bunt,,renkli,,Sonstiges,"Anna trägt gern bunte Kleider. Meine Wohnung ist sehr bunt: Das Wohnzimmer ist rot, die Küche grün und das Bad blau.",bunt,A2.pdf
A2,Büro,das,"ofis, büro",-s,Nomen,Ich arbeite in einem Büro. Unser Büro ist bis Dienstag geschlossen.,"das Büro, -s",A2.pdf
A2,Bus,der,otobüs,-se,Nomen,Wann kommt der nächste Bus?,"der Bus, -se",A2.pdf
A2,Butter,die,tereyağı,(Sg.),Nomen,Möchtest du Butter aufs Brot oder nur Käse?,die Butter (Sg.),A2.pdf
A2,Café,das,kafe,-s,Nomen,Kommst du mit ins Café? Ich möchte gern einen Kaffee trinken.,"das Café, -s",A2.pdf
A2,Cafeteria,die,kafeterya,-s,Nomen,Ich gehe jetzt in die Cafeteria. Soll ich dir etwas mitbringen?,"die Cafeteria, -s",A2.pdf
A2,chatten,,"sohbet etmek, yazışmak","chattet, hat gechattet",Verb,Luis chattet gern mit seinen Freunden im Internet.,"chatten, chattet, hat gechattet",A2.pdf
A2,Chef,der,"şef, patron","-s / die Chefin,-nen",Nomen,Wir haben eine neue Chefin.,"der Chef, -s / die Chefin,-nen",A2.pdf
A2,Club,der,kulüp,"-s / Klub, -s",Nomen,Gibt es hier einen Tennis-Club/Klub? Ich möchte gern tanzen gehen. Wo gibt es hier einen Club/Klub mit guter Musik?,"der Club, -s / Klub, -s",A2.pdf
A2,der/das Comic,,çizgi roman,-s,Sonstiges,Mein Sohn liest immer nur Comics.,"der/das Comic, -s",A2.pdf
A2,Computer,der,bilgisayar,-,Nomen,Wann bekommst du deinen neuen Computer?,"der Computer, -",A2.pdf
A2,Creme,die,krem,-s/-n,Nomen,Ich suche eine Creme für die Hände. Der Kuchen schmeckt super! Was ist in der Creme? – Das ist eine Buttercreme mit viel Schokolade.,"die Creme, -s/-n",A2.pdf
A2,da,,"orada, işte",,Sonstiges,Welche Bluse nehmen Sie? - Die da. Ist Herr Klein schon da? Wir sprechen gerade über Paul. Da kommt er ja. Da drüben ist der Bahnhof.,da,A2.pdf
A2,da(r) (Bsp. darauf,,"ona, onun hakkında",darüber),Sonstiges,Darauf fällt mir keine Antwort ein. Darüber spreche ich nicht gern.,"da(r) (Bsp. darauf, darüber)",A2.pdf
A2,dabei (sein),,"orada olmak, katılmak","ist dabei, war dabei, ist dabei gewesen",Verb,"Hast du einen Stift dabei? Schön, dass du da bist. Ist deine Familie auch dabei?","dabei (sein), ist dabei, war dabei, ist dabei gewesen",A2.pdf
A2,dafür/dagegen sein,,"lehinde/aleyhinde olmak, taraftar olmak","ist dafür/dagegen, war dafür/dagegen, ist dafür/ dagegen gewesen",Verb,Ich bin dafür/dagegen.,"dafür/dagegen sein, ist dafür/dagegen, war dafür/dagegen, ist dafür/ dagegen gewesen",A2.pdf
A2,damals,,"o zamanlar, o dönemde",,Sonstiges,Als Student hatte ich viel Zeit und wollte reisen. Aber damals hatte ich kein Geld.,damals,A2.pdf
A2,Dame,die,"bayan, hanım",-n,Nomen,"Damen (an der Toilette) Sehr geehrte Damen und Herren,","die Dame, -n",A2.pdf
A2,daneben,,"yanında, bitişiğinde",,Sonstiges,"Du weißt doch, wo die Post ist. Daneben ist die Bank.",daneben,A2.pdf
A2,Dank,der,teşekkür,(Sg.),Nomen,Vielen Dank! Herzlichen Dank!,der Dank (Sg.),A2.pdf
A2,danke,,"teşekkürler, sağ ol",,Sonstiges,"Soll ich Ihnen helfen? - Sehr freundlich, ja danke! Guten Appetit! - Danke gleichfalls.",danke,A2.pdf
A2,danken,,teşekkür etmek,"dankt, hat gedankt",Verb,Ich danke Ihnen für die Einladung.,"danken, dankt, hat gedankt",A2.pdf
A2,dann,,"sonra, o zaman",,Sonstiges,"Ich muss noch schnell zur Post, dann komme ich. Wenn es nicht regnet, dann kommen wir.",dann,A2.pdf
A2,dass,,"-dığı, ki",,Sonstiges,"Rico hat gesagt, dass er auch zur Party kommt. Ich finde es super, dass du mich besuchst.",dass,A2.pdf
A2,Datei,die,dosya,-en,Nomen,Wo hast du die Datei gespeichert? Kannst du die Datei bitte öffnen?,"die Datei, -en",A2.pdf
A2,Datum,das,tarih,-en,Nomen,Bitte Datum und Unterschrift nicht vergessen! Welches Datum haben wir heute? Haben Sie meine Kontaktdaten?,"das Datum, -en",A2.pdf
A2,dauern,,sürmek,"dauert, hat gedauert",Verb,Wie lange dauert die Pause? - Eine halbe Stunde.,"dauern, dauert, hat gedauert",A2.pdf
A2,denken,,düşünmek,"denkt, hat gedacht",Verb,"Ich denke, du hast recht. Ich denke oft an meine Freundin. Was denkst du? Sollen wir heute Abend ins Kino gehen?","denken, denkt, hat gedacht",A2.pdf
A2,denn,,çünkü,,Sonstiges,"Ich kann nicht kommen, denn ich bin krank.",denn,A2.pdf
A2,deshalb,,"bu yüzden, bu nedenle",,Sonstiges,Ich bin krank. Deshalb komme ich heute nicht ins Büro.,deshalb,A2.pdf
A2,deutlich,,"açık, net",,Sonstiges,Sprechen Sie bitte deutlich! Können Sie das bitte deutlicher schreiben? Ich kann das nicht lesen.,deutlich,A2.pdf
A2,dick,,"şişman, kalın",,Sonstiges,Ich bin zu dick. Ich muss weniger essen.,dick,A2.pdf
A2,Ding,das,"şey, nesne",-e,Nomen,Gib mir bitte mal das Ding da drüben! Was macht man mit diesem Ding? - Damit kann man Flaschen öffnen.,"das Ding, -e",A2.pdf
A2,direkt,,doğrudan,,Sonstiges,"Wir wohnen direkt über dem Café. Gibt es keinen direkten Zug nach Hamburg? - Nein, Sie müssen immer umsteigen. Ich möchte nicht direkt nach der Schule studieren. Ich möchte erst reisen. Wir liefern Ihnen das Sofa direkt ins Haus.",direkt,A2.pdf
A2,Disco,die,"disko, diskotek","-s / die Disko, -s",Nomen,Wir gehen heute Abend in die Disco/Disko.,"die Disco, -s / die Disko, -s",A2.pdf
A2,diskutieren,,tartışmak,"diskutiert, hat diskutiert",Verb,Ich möchte das mit meinen Kollegen diskutieren.,"diskutieren, diskutiert, hat diskutiert",A2.pdf
A2,doch,,"evet, yine de",,Sonstiges,"Hast du keinen Hunger? - Doch, ich bin sehr hungrig. Kannst du morgen nicht kommen? - Doch. Geh doch mal wieder ins Kino! Das macht doch nichts!",doch,A2.pdf
A2,Doppelzimmer,das,çift kişilik oda,,Nomen,- Möchten Sie ein Doppelzimmer oder ein Einzelzimmer?,"das Doppelzimmer,",A2.pdf
A2,Dorf,das,köy,¨-er,Nomen,Unser Dorf liegt direkt an der Autobahn. Meine Familie lebt in einem Dorf.,"das Dorf, ¨-er",A2.pdf
A2,dort,,orada,"-her, -hin",Sonstiges,"Wir treffen uns vor dem Kino. - Gut, ich bin in fünf Minuten dort. Dort ist unser Haus. Deine Tasche kannst du dorthin stellen. Kommst du mit in die Stadt? - Nein, ich komme gerade dorther/von dort.","dort, -her, -hin",A2.pdf
A2,draußen,,dışarıda,,Sonstiges,Das Wetter ist so schön. Wollen wir draußen sitzen? Hunde müssen draußen bleiben.,draußen,A2.pdf
A2,dringend,,acil,,Sonstiges,Bitte kommen Sie schnell. Es ist dringend.,dringend,A2.pdf
A2,drinnen,,içeride,,Sonstiges,Wollen Sie drinnen oder draußen sitzen? Hier drinnen ist es sehr warm.,drinnen,A2.pdf
A2,drüben,,"karşıda, öte tarafta",,Sonstiges,Da drüben ist die Haltestelle.,drüben,A2.pdf
A2,drücken,,basmak,"drückt, hat gedrückt",Verb,"An dieser Tür musst du drücken, nicht ziehen, dann geht sie auf. Drücken Sie „Bestätigen“! Meine Schuhe drücken.","drücken, drückt, hat gedrückt",A2.pdf
A2,drucken,,"yazdırmak, basmak","druckt, hat gedruckt",Verb,Wähle einfach „Datei drucken“!,"drucken, druckt, hat gedruckt",A2.pdf
A2,Drucker,der,yazıcı,-,Nomen,Mein Drucker ist kaputt.,"der Drucker, -",A2.pdf
A2,dumm,,"aptal, saçma",,Sonstiges,"Ich finde den Film dumm. Entschuldigung, das war dumm von mir. Das ist mir zu dumm.",dumm,A2.pdf
A2,dunkel,,"karanlık, koyu",,Sonstiges,Um sechs Uhr ist es schon dunkel. Meine Schwester hat dunkle Haare. Ich will eine dunkelblaue Bluse kaufen.,dunkel,A2.pdf
A2,dünn,,"ince, zayıf",,Sonstiges,"Das Buch ist sehr dünn. Es hat nur 40 Seiten. Mein Bruder ist 1,80 Meter groß und 62 Kilo schwer, er ist zu dünn.",dünn,A2.pdf
A2,durch,,"içinden, aracılığıyla",,Sonstiges,Am besten gehen Sie durch die Tengstraße. Wir fahren mit dem Fahrrad durch den Wald.,durch,A2.pdf
A2,dürfen,,"izinli olmak, -ebilmek","darf, durfte, hat gedurft",Verb,Sie dürfen hier nicht parken. Dürfen wir heute länger fernsehen? Darf ich Sie zu einem Kaffee einladen?,"dürfen, darf, durfte, hat gedurft",A2.pdf
A2,Durst,der,susuzluk,(Sing.),Nomen,Hast du etwas zu trinken? Ich habe großen Durst.,der Durst (Sing.),A2.pdf
A2,Dusche,die,duş,-n,Nomen,Unsere Wohnung hat nur eine Dusche.,"die Dusche, -n",A2.pdf
A2,duschen (sich),,duş almak,"duscht, hat geduscht",Verb,"Ich bade nicht so gern, ich dusche lieber. Möchten Sie sich duschen? Das Badezimmer ist dort hinten links.","duschen (sich), duscht, hat geduscht",A2.pdf
A2,E-Book,das,e-kitap,-s,Nomen,"Liest du lieber E-Books oder Bücher aus Papier? Entschuldigung, kann man hier E-Books kaufen?","das E-Book, -s",A2.pdf
A2,echt,,"gerçek, hakiki",,Sonstiges,Ist das Bild ein echter Picasso? Der Film ist echt gut.,echt,A2.pdf
A2,Ecke,die,köşe,-n,Nomen,Gehen Sie an der nächsten Ecke links. Dann kommen Sie zur Apotheke. Wir stellen das Regal in die Ecke.,"die Ecke, -n",A2.pdf
A2,egal,,"fark etmez, önemli değil",,Sonstiges,Das ist mir egal. Willst du Tee oder Kaffee trinken? – Egal.,egal,A2.pdf
A2,Ehefrau,die,"eş, karı","-en / der Ehemann,¨-er/ der Ehepartner, -",Nomen,Das ist mein Ehemann/meine Ehefrau.,"die Ehefrau, -en / der Ehemann,¨-er/ der Ehepartner, -",A2.pdf
A2,Ei,das,yumurta,-er,Nomen,Möchtest du ein Ei zum Frühstück?,"das Ei, -er",A2.pdf
A2,eigeneigentlich,,"kendi, öz, aslında",,Sonstiges,"Nicht alle Kinder haben ein eigenes Zimmer. Wir wollten eigentlich Freunde besuchen, aber dann sind wir doch zu Hause geblieben. Kennst du eigentlich Susanne?",eigeneigentlich,A2.pdf
A2,eilig,,"acele, ivedi",,Sonstiges,Hast du es eilig?,eilig,A2.pdf
A2,einfach,,"basit, kolay",,Sonstiges,"Die Prüfung ist ganz einfach. Ich verstehe das nicht. Kannst du es bitte einfacher sagen? Hin und zurück? – Nein, bitte nur eine einfache Fahrt nach Berlin.",einfach,A2.pdf
A2,Eingang,der,giriş,¨-e,Nomen,Der Eingang ist um die Ecke.,"der Eingang, ¨-e",A2.pdf
A2,einig-,,"bazı, birkaç",,Sonstiges,"In diesem Text sind einige Fehler. Das dauert noch einige Zeit, bis das Essen fertig ist.",einig-,A2.pdf
A2,einkaufen,,alışveriş yapmak,"kauft ein, hat eingekauft",Verb,Ich muss noch für morgen einkaufen.,"einkaufen, kauft ein, hat eingekauft",A2.pdf
A2,Einkaufszentrum,das,alışveriş merkezi,-en,Nomen,Kommst du morgen mit ins Einkaufszentrum?,"das Einkaufszentrum, -en",A2.pdf
A2,einladen,,davet etmek,"lädt ein, hat eingeladen",Verb,Darf ich Sie zu einem Kaffee einladen?,"einladen, lädt ein, hat eingeladen",A2.pdf
A2,Einladung,die,"davet, davetiye",-en,Nomen,Danke für die Einladung zu deinem Geburtstag!,"die Einladung, -en",A2.pdf
A2,einmal,,"bir kere, bir defa",,Sonstiges,Rufen Sie/Ruf mich bitte morgen noch einmal an. Diese Prüfung mache ich nicht noch einmal. Warst du schon einmal in Paris?,einmal,A2.pdf
A2,einpacken,,"paketlemek, sarmak","packt ein, hat eingepackt",Verb,Pack bitte die Handtücher ein ! Soll ich Ihnen das als Geschenk einpacken?,"einpacken, packt ein, hat eingepackt",A2.pdf
A2,einsteigen,,binmek,"steigt ein, ist eingestiegen",Verb,"Schnell, steig ein, der Zug fährt gleich ab. Bitte ab 20 Uhr vorn im Bus einsteigen.","einsteigen, steigt ein, ist eingestiegen",A2.pdf
A2,eintragen (sich),,"kaydetmek, yazmak","trägt ein, hat eingetragen",Verb,Tragen Sie sich bitte in diese Liste ein ! Sie müssen Ihren Namen und Ihre Adresse eintragen.,"eintragen (sich), trägt ein, hat eingetragen",A2.pdf
A2,Eintritt,der,"giriş, giriş ücreti",-e,Nomen,Der Eintritt kostet fünf Euro. Der Eintritt ist frei. Sie müssen nichts bezahlen.,"der Eintritt, -e",A2.pdf
A2,einverstanden sein,,"aynı fikirde olmak, hemfikir olmak","ist einverstanden, war einverstanden, ist einverstanden gewesen",Verb,"Als Termin schlage ich den 11. Juni vor. - Gut, (ich bin) einverstanden. Bist du einverstanden, wenn wir bald nach Hause gehen?","einverstanden sein, ist einverstanden, war einverstanden, ist einverstanden gewesen",A2.pdf
A2,einzel-,,"tek, ayrı, tekli",,Sonstiges,Nicht alle zusammen. Könnt ihr bitte einzeln sprechen? Florian ist ein Einzelkind. Er hat keine Geschwister. Ein Einzelzimmer ist noch frei.,einzel-,A2.pdf
A2,einziehen,,"taşınmak, içeri girmek","zieht ein, ist eingezogen",Verb,Im Juni ziehen unsere neuen Nachbarn ein. Wann können wir in die Wohnung einziehen?,"einziehen, zieht ein, ist eingezogen",A2.pdf
A2,Eis,das,dondurma,(Sg.),Nomen,Möchtest du auch ein Eis?,das Eis (Sg.),A2.pdf
A2,(E-)Mail,die,e-posta,-s,Nomen,Ich schreibe Ihnen/dir eine E-Mail.,"die (E-)Mail, -s",A2.pdf
A2,Empfänger,der,alıcı,–,Nomen,"Auf dem Brief steht dein Name, also bist du der Empfänger.","der Empfänger, –",A2.pdf
A2,empfehlen,,"tavsiye etmek, önermek","empfiehlt, hat empfohlen",Verb,Welchen Wein können Sie mir empfehlen?,"empfehlen, empfiehlt, hat empfohlen",A2.pdf
A2,Ende,das,son,-n,Nomen,Sie wohnt am Ende der Straße. Er bekommt sein Geld am Monatsende.,"das Ende, -n",A2.pdf
A2,enden,,"bitmek, sona ermek","endet, hat geendet",Verb,Die Straße endet hier. Der Kurs endet in einer Woche.,"enden, endet, hat geendet",A2.pdf
A2,endlich,,"sonunda, nihayet",,Sonstiges,Wann kommst du endlich? Der Film fängt gleich an. Endlich bist du da!,endlich,A2.pdf
A2,eng,,dar,,Sonstiges,Diese Hose ist zu eng. Gibt es sie auch eine Nummer größer?,eng,A2.pdf
A2,entschuldigen (sich),,özür dilemek,"entschuldigt, hat entschuldigt",Verb,Entschuldigen Sie bitte! Ich möchte mich bei dir entschuldigen.,"entschuldigen (sich), entschuldigt, hat entschuldigt",A2.pdf
A2,Entschuldigung,die,"özür, mazeret",-en,Nomen,"Oh, Entschuldigung! – Macht nichts. Kein Problem.","die Entschuldigung, -en",A2.pdf
A2,Erdgeschoss,das,zemin kat,-e,Nomen,Ich wohne im Erdgeschoss.,"das Erdgeschoss,-e",A2.pdf
A2,Erfahrung,die,"deneyim, tecrübe",-en,Nomen,Ich habe zehn Jahre Erfahrung in diesem Beruf.,"die Erfahrung, -en",A2.pdf
A2,erinnern (sich),,hatırlamak,"erinnert, hat erinnert",Verb,"Erinnerst du dich an José? - Nein, ich erinnere mich nicht an ihn, tut mir leid. Kannst du mich morgen bitte an meinen Arzttermin erinnern?","erinnern (sich), erinnert, hat erinnert",A2.pdf
A2,erkältet sein,,"nezle olmak, üşütmüş olmak","ist erkältet, war erkältet, ist erkältet gewesen",Verb,Lisa ist erkältet. Sie kann heute nicht zur Schule gehen.,"erkältet sein, ist erkältet, war erkältet, ist erkältet gewesen",A2.pdf
A2,erklären,,açıklamak,"erklärt, hat erklärt",Verb,Ich verstehe das nicht. Kannst du mir das erklären?,"erklären, erklärt, hat erklärt",A2.pdf
A2,erlauben,,izin vermek,"erlaubt, hat erlaubt erlaubt sein, ist erlaubt, war erlaubt, ist erlaubt gewesen",Verb,Meine Kinder dürfen diesen Film sehen. Ich habe es ihnen erlaubt. Parken ist hier nicht erlaubt.,"erlauben, erlaubt, hat erlaubt erlaubt sein, ist erlaubt, war erlaubt, ist erlaubt gewesen",A2.pdf
A2,Erlaubnis,die,izin,(Sg.),Nomen,Haben Sie eine Arbeitserlaubnis?,die Erlaubnis (Sg.),A2.pdf
A2,Ermäßigung,die,indirim,-en,Nomen,"Für Schüler, Studenten und Rentner gibt es eine Ermäßigung.","die Ermäßigung,-en",A2.pdf
A2,erreichen,,"ulaşmak, yetişmek, varmak","erreicht, hat erreicht",Verb,"Wenn wir uns beeilen, erreichen wir noch den Zug um acht Uhr. Bis 18 Uhr können Sie mich im Büro erreichen.","erreichen, erreicht, hat erreicht",A2.pdf
A2,erst,,"ancak, henüz, daha yeni",,Sonstiges,"Wir können erst morgen kommen. Dina ist keine 18, sie ist erst 16 Jahre alt.",erst,A2.pdf
A2,Erwachsene,der,yetişkin,-n,Nomen,"Erwachsene zahlen zehn Euro, für Kinder ist der Eintritt frei. Dieser Film ist nur für Erwachsene.","der Erwachsene,-n",A2.pdf
A2,erzählen,,anlatmak,"erzählt, hat erzählt",Verb,Wir müssen euch etwas erzählen! Erzählst du mir eine Geschichte?,"erzählen, erzählt, hat erzählt",A2.pdf
A2,essen,,yemek,"isst, hat gegessen",Verb,Was gibt es zu essen?,"essen, isst, hat gegessen",A2.pdf
A2,Essen,das,yemek,-,Nomen,Das Essen in der Cafeteria ist meistens ganz gut. Darf ich Sie zum Essen einladen?,"das Essen, -",A2.pdf
A2,etwas,,"biraz, bir şey",,Sonstiges,Ich muss dir etwas erzählen! Haben Sie etwas zum Schreiben? Ich habe leider nur Tee. Etwas anderes kann ich dir leider nicht anbieten.,etwas,A2.pdf
A2,Fach,das,"ders, alan",¨-er,Nomen,Welches Fach magst du in der Schule am liebsten?,"das Fach, ¨-er",A2.pdf
A2,(ab)fahren,,"hareket etmek, kalkmak","fährt (ab), ist (ab)gefahren",Verb,Ich fahre mit dem Auto zur Arbeit. Achtung an Gleis 17! Der Zug München - Paris fährt jetzt ab.,"(ab)fahren, fährt (ab), ist (ab)gefahren",A2.pdf
A2,Abfahrt,die,"kalkış, hareket",-en,Nomen,Wir haben noch zwanzig Minuten bis zur Abfahrt.,"die Abfahrt, -en",A2.pdf
A2,Fahrkarte,die,bilet,-n,Nomen,"Hast du schon eine Fahrkarte? Ihre Fahrkarten, bitte!","die Fahrkarte, -n",A2.pdf
A2,Fahrplan,der,"sefer tarifesi, tarife",¨-e,Nomen,Ist das der neue Fahrplan?,"der Fahrplan, ¨-e",A2.pdf
A2,(Fahr)Rad,das,bisiklet,¨-er,Nomen,"Wenn es nicht regnet, fahre ich mit dem Fahrrad.","das (Fahr)Rad, ¨-er",A2.pdf
A2,fallen,,düşmek,"fällt, ist gefallen",Verb,"Pass auf, das Glas fällt gleich vom Tisch.","fallen, fällt, ist gefallen",A2.pdf
A2,falsch,,yanlış,,Sonstiges,Die Lösung ist falsch. Sie haben die falsche Nummer gewählt.,falsch,A2.pdf
A2,Familie,die,aile,-n,Nomen,Meine Familie lebt in Spanien. Ich habe eine große Familie.,"die Familie, -n",A2.pdf
A2,Familienname,der,soyadı,-n,Nomen,Mein Familienname ist González.,"der Familienname, -n",A2.pdf
A2,Fan,der,hayran,-s,Nomen,Er ist ein großer Fußballfan. Bella ist ein Fan von Rammstein.,"der Fan, -s",A2.pdf
A2,fantastisch,,"harika, muhteşem",,Sonstiges,Dein neues Kleid sieht fantastisch aus! Das Buch ist fantastisch. Du musst es unbedingt lesen!,fantastisch,A2.pdf
A2,Farbe,die,renk,-n,Nomen,Die Farbe gefällt mir gut. Was ist deine Lieblingsfarbe?,"die Farbe, -n",A2.pdf
A2,fast,,"neredeyse, hemen hemen",,Sonstiges,Der Film ist fast zu Ende. Ich habe fast alles verstanden.,fast,A2.pdf
A2,faul,,tembel,,Sonstiges,Heute sind wir faul: Wir machen keine Hausaufgaben und arbeiten nicht.,faul,A2.pdf
A2,fehlen,,"eksik olmak, yok olmak","fehlt, hat gefehlt",Verb,"Herr Müller ist nicht da, er fehlt schon seit drei Tagen. Was fehlt Ihnen?","fehlen, fehlt, hat gefehlt",A2.pdf
A2,Fehler,der,hata,-,Nomen,Diesen Fehler mache ich immer wieder.,"der Fehler, -",A2.pdf
A2,Feier,die,kutlama,"-n (z. B. Feierabend, Feiertag)",Nomen,Wann hast du Feierabend? Am ersten Mai ist ein Feiertag.,"die Feier, -n (z. B. Feierabend, Feiertag)",A2.pdf
A2,feiern,,kutlamak,"feiert, hat gefeiert",Verb,Wir feiern heute meinen Geburtstag. Die Feier war sehr schön.,"feiern, feiert, hat gefeiert",A2.pdf
A2,Fenster,das,pencere,-,Nomen,Kannst du bitte das Fenster öffnen?,"das Fenster, -",A2.pdf
A2,Ferien,die,tatil,(Pl.),Nomen,Bald haben wir Ferien. Fährst du in den Ferien weg oder bleibst du zu Hause?,die Ferien (Pl.),A2.pdf
A2,fernsehen,,televizyon izlemek,"sieht fern, hat ferngesehen",Verb,Lass uns heute Abend mal fernsehen.,"fernsehen, sieht fern, hat ferngesehen",A2.pdf
A2,Fernseher,der,televizyon,-,Nomen,Der Fernseher ist kaputt.,"der Fernseher, -",A2.pdf
A2,fertig sein,,"hazır olmak, bitmiş olmak","ist fertig, war fertig, ist fertig gewesen",Verb,Das Essen ist gleich fertig. Kommst du? Wir müssen gleich gehen. Bist du fertig?,"fertig sein, ist fertig, war fertig, ist fertig gewesen",A2.pdf
A2,Fest,das,"bayram, şenlik",-e,Nomen,Frohes Fest! Am Wochenende feiern wir ein Fest. Meine Tochter hat Geburtstag.,"das Fest, -e",A2.pdf
A2,Festival,das,festival,-s,Nomen,Am Wochenende ist in der Stadt ein Musik-Festival.,"das Festival, -s",A2.pdf
A2,fett,,yağlı,,Sonstiges,Die Wurst ist mir zu fett.,fett,A2.pdf
A2,Fieber,das,ateş,(Sg.),Nomen,Sie hat hohes Fieber.,das Fieber (Sg.),A2.pdf
A2,Film,der,film,-e,Nomen,Ich möchte gern diesen Film sehen.,"der Film, -e",A2.pdf
A2,finden,,"bulmak, düşünmek","findet, hat gefunden",Verb,"Wir müssen den Schlüssel finden. Ich finde es nicht gut, dass du so viel arbeitest. Ich finde ihn sehr nett.","finden, findet, hat gefunden",A2.pdf
A2,Firma,die,"şirket, firma",-en,Nomen,Er arbeitet jetzt bei einer anderen Firma.,"die Firma, -en",A2.pdf
A2,Fisch,der,balık,-e,Nomen,Fisch mag ich lieber als Fleisch.,"der Fisch, -e",A2.pdf
A2,fit sein,,formda olmak,"ist fit, war fit, ist fit gewesen",Verb,Tom will fit sein. Er geht jeden Tag ins Fitnessstudio.,"fit sein, ist fit, war fit, ist fit gewesen",A2.pdf
A2,Flasche,die,şişe,-n,Nomen,"Eine Flasche Mineralwasser, bitte!","die Flasche, -n",A2.pdf
A2,Fleisch,das,et,(Sg.),Nomen,Fleisch mag ich nicht.,das Fleisch (Sg.),A2.pdf
A2,fleißig,,çalışkan,,Sonstiges,Ibrahim ist sehr fleißig. Er macht immer seine Hausaufgaben.,fleißig,A2.pdf
A2,(ab)fliegen,,"uçmak, kalkmak","fliegt (ab), ist (ab)geflogen",Verb,Ich fliege nicht gern; ich fahre lieber mit dem Zug. Ich fliege in den Ferien nach Spanien. Wann fliegst du ab?,"(ab)fliegen, fliegt (ab), ist (ab)geflogen",A2.pdf
A2,Flohmarkt,der,bit pazarı,¨-e,Nomen,Ich gehe gern auf den Flohmarkt. Diesen Hut habe ich auf dem Flohmarkt gekauft.,"der Flohmarkt, ¨-e",A2.pdf
A2,Flug,der,uçuş,¨-e,Nomen,Ich möchte einen Flug nach Kanada buchen. Der Flug LH123 von München nach Frankfurt ist um 21:00 Uhr.,"der Flug, ¨-e",A2.pdf
A2,Flughafen,der,"havaalanı, havalimanı",¨,Nomen,Kannst du mich zum Flughafen bringen?,"der Flughafen, ¨",A2.pdf
A2,Flugzeug,das,uçak,-e,Nomen,Das Flugzeug aus Berlin hat Verspätung. Das Flugzeug startet in einer halben Stunde. Wir müssen uns beeilen.,"das Flugzeug, -e",A2.pdf
A2,Fluss,der,"nehir, ırmak",¨-e,Nomen,Der Rhein ist ein großer Fluss.,"der Fluss, ¨-e",A2.pdf
A2,Formular,das,"form, formüler",-e,Nomen,Sie müssen dieses Formular ausfüllen.,"das Formular, -e",A2.pdf
A2,Fotoapparat,der,fotoğraf makinesi,-e,Nomen,Ich möchte mir einen Fotoapparat kaufen.,"der Fotoapparat, -e",A2.pdf
A2,fotografieren,,fotoğraf çekmek,"fotografiert, hat fotografiert",Verb,Ich fotografiere gern.,"fotografieren, fotografiert, hat fotografiert",A2.pdf
A2,Foto,das,fotoğraf,-s,Nomen,Darf ich ein Foto machen?,"das Foto, -s",A2.pdf
A2,Frage,die,soru,-n,Nomen,Ich habe eine Frage.,"die Frage, -n",A2.pdf
A2,fragen,,sormak,"fragt, hat gefragt",Verb,"Er fragt, wann er kommen kann. Ich möchte Sie etwas fragen.","fragen, fragt, hat gefragt",A2.pdf
A2,Frau,die,"kadın, bayan",-en,Nomen,"Das ist Frau Becker. Guten Tag, Frau Schmitt! Hier arbeiten mehr Frauen als Männer.","die Frau, -en",A2.pdf
A2,frei,,"boş, serbest",,Sonstiges,"Entschuldigung, ist dieser Platz noch frei? Morgen haben wir frei. Eintritt frei.",frei,A2.pdf
A2,freiwillig,,"gönüllü olarak, isteyerek",,Sonstiges,Manchmal bleibe ich freiwillig länger im Büro.,freiwillig,A2.pdf
A2,Freizeit,die,"boş zaman, serbest zaman",(Sg.),Nomen,In meiner Freizeit spiele ich oft Fußball.,die Freizeit (Sg.),A2.pdf
A2,fremd,,yabancı,,Sonstiges,Das weiß ich nicht; ich bin fremd hier. Ich reise gern in fremde Länder.,fremd,A2.pdf
A2,freuen,,"sevinmek, memnun olmak",(sich),Sonstiges,Zum Geburtstag habe ich ein interessantes Buch bekommen. Ich freue mich sehr über das Geschenk.,"freuen (sich),",A2.pdf
A2,freut,,sevinmek,hat gefreut,Verb,"Die Kinder freuen sich schon auf die Ferien. Ich freue mich, weil ich heute mit meinen Freunden Fußball spiele. Es/Das freut mich!","freut, hat gefreut",A2.pdf
A2,Freund,der,"arkadaş, erkek arkadaş","-e, die Freundin, -nen",Nomen,Das ist ein Freund von mir. Das ist meine Freundin Susanne.,"der Freund, -e, die Freundin, -nen",A2.pdf
A2,freundlich,,"arkadaş canlısı, güler yüzlü",,Sonstiges,Er ist immer sehr freundlich zu mir. Mit freundlichen Grüßen,freundlich,A2.pdf
A2,frisch,,taze,,Sonstiges,Das Brot ist noch ganz frisch. Ich habe es gerade gekauft.,frisch,A2.pdf
A2,froh,,"mutlu, sevinçli",,Sonstiges,"Ich bin froh, dass du kommen kannst. Frohes Fest!",froh,A2.pdf
A2,früh,,erken,,Sonstiges,Geht es auch später? Sechs Uhr ist mir zu früh. Ich muss morgen sehr früh aufstehen.,früh,A2.pdf
A2,früher,,"eskiden, önceleri",,Sonstiges,Früher habe ich in Berlin gewohnt. Wir nehmen den früheren Zug.,früher,A2.pdf
A2,Frühstück,das,kahvaltı,(Sg.),Nomen,Möchtest du ein Ei zum Frühstück?,das Frühstück (Sg.),A2.pdf
A2,frühstücken,,kahvaltı yapmak,"frühstückt, hat gefrühstückt",Verb,Ich frühstücke immer um 9:00 Uhr.,"frühstücken, frühstückt, hat gefrühstückt",A2.pdf
A2,fühlen (sich),,"hissetmek, kendini hissetmek","fühlt, hat gefühlt",Verb,Wie fühlen Sie sich? Ich fühle mich heute nicht gut.,"fühlen (sich), fühlt, hat gefühlt",A2.pdf
A2,Führerschein,der,ehliyet,-e,Nomen,Hast du den Führerschein? Sie hat die Führerscheinprüfung bestanden.,"der Führerschein, -e",A2.pdf
A2,Führung,die,"rehberli tur, gezi",-en,Nomen,Die nächste Führung beginnt um 15 Uhr.,"die Führung, -en",A2.pdf
A2,Fundsachen,die,kayıp eşyalar,(Pl.),Nomen,Haben Sie meinen Schirm gefunden? - Sie können dort bei den Fundsachen schauen.,die Fundsachen (Pl.),A2.pdf
A2,für,,için,,Sonstiges,Das Paket ist für Sie. Das ist der Schlüssel für die Haustür. Gibt es hier einen Sportverein für Jugendliche?,für,A2.pdf
A2,furchtbar,,"korkunç, berbat",,Sonstiges,Er hat furchtbare Schmerzen. Die Hose sieht ja furchtbar aus. So kannst du nicht zur Arbeit gehen!,furchtbar,A2.pdf
A2,Fuß,der,ayak,¨-e,Nomen,Der linke Fuß tut mir weh. Gehen Sie zu Fuß zur Arbeit?,"der Fuß, ¨-e",A2.pdf
A2,Fußball,der,futbol,¨-e,Nomen,Spielt ihr gern Fußball?,"der Fußball, ¨-e",A2.pdf
A2,Gabel,die,çatal,-n,Nomen,Kann ich bitte eine Gabel haben?,"die Gabel, -n",A2.pdf
A2,ganz,,"tam, bütün, sağlam",,Sonstiges,"Oh nein! Was ist passiert? Ist deine Brille jetzt kaputt? - Nein, zum Glück ist sie noch ganz! Morgen haben wir den ganzen Tag Schule. Ich bin ganz sicher, dass dein Termin am Montag ist. Ich finde Lara ganz nett. Oh, ich habe meinen Zahnarzttermin ganz vergessen.",ganz,A2.pdf
A2,Garage,die,garaj,-n,Nomen,Hier ist eine Garage für dein Auto.,"die Garage, -n",A2.pdf
A2,Garten,der,bahçe,¨,Nomen,Wir haben leider keinen Garten.,"der Garten, ¨",A2.pdf
A2,Gast,der,"misafir, konuk",¨-e,Nomen,Heute Abend haben wir Gäste.,"der Gast, ¨-e",A2.pdf
A2,geben,,"vermek, bulunmak","gibt, hat gegeben",Verb,Kannst du mir mal deinen Stift geben? Es gibt keine Karten mehr für das Konzert.,"geben, gibt, hat gegeben",A2.pdf
A2,geboren,,doğmuş,,Sonstiges,Ich bin in Zagreb geboren. Wann und wo sind Sie geboren?,geboren,A2.pdf
A2,Geburts- (jahr,,doğum-,"ort, tag), (-e, -e, -e)",Verb,"Das Geburtsjahr Ihres Sohnes, bitte? Bitte tragen Sie Ihren Geburtsort noch ein. Herzlichen Glückwunsch zum Geburtstag!","Geburts- (jahr, ort, tag), (-e, -e, -e)",A2.pdf
A2,geehrt-,,sayın,,Sonstiges,"Sehr geehrte Damen und Herren,",geehrt-,A2.pdf
A2,gefährlich,,tehlikeli,,Sonstiges,Du darfst nicht bei Rot über die Straße gehen. Das ist gefährlich.,gefährlich,A2.pdf
A2,gefallen,,"hoşuna gitmek, beğenilmek","gefällt, hat gefallen",Verb,Das Bild gefällt mir. Wie gefällt es Ihnen in Berlin?,"gefallen, gefällt, hat gefallen",A2.pdf
A2,gegen,,karşı,,Sonstiges,Fahr nicht gegen den Baum! Ich bin gegen diesen Vorschlag. Wer spielt gegen wen? - Bayern gegen Dortmund. Haben Sie etwas gegen Grippe?,gegen,A2.pdf
A2,Gegenteil,das,"zıt anlam, karşıt",-e,Nomen,Das Gegenteil von „klein“ ist „groß“.,"das Gegenteil , -e",A2.pdf
A2,gegenüber,,"karşısında, karşı",,Sonstiges,Die Post ist gegenüber vom Bahnhof. Die Hausnummer 84 ist gleich gegenüber.,gegenüber,A2.pdf
A2,Gehalt,das,maaş,¨-er,Nomen,Sie ist mit ihrem Gehalt zufrieden.,"das Gehalt, ¨-er",A2.pdf
A2,gehen,,gitmek,"geht, ist gegangen",Verb,"Ich weiß nicht, wie das geht. Wie geht‘s? - Es geht. Ich muss jetzt leider gehen. Ich muss zum Arzt gehen. Das geht (doch) nicht! Nimmst du die Straßenbahn? - Nein, ich gehe lieber zu Fuß.","gehen, geht, ist gegangen",A2.pdf
A2,gehören,,ait olmak,"gehört, hat gehört",Verb,Gehört der Stift dir?,"gehören, gehört, hat gehört",A2.pdf
A2,Geld,das,para,(Sg.),Nomen,Hast du noch Geld? Kannst du mir ein bisschen Geld leihen?,das Geld (Sg.),A2.pdf
A2,Geldbörse,die,cüzdan,-n,Nomen,Sie hat ihre Geldbörse verloren.,"die Geldbörse, -n",A2.pdf
A2,Gemüse,das,sebze,(Sg.),Nomen,Wir kaufen das Gemüse immer auf dem Markt. Tomaten sind mein Lieblingsgemüse.,das Gemüse (Sg.),A2.pdf
A2,genau,,"tam olarak, kesinlikle, doğru",,Sonstiges,"Sind Sie sicher, dass die Prüfung am 15. Juni ist? - Ja, das weiß ich genau. Die Uhr geht genau. Es ist genau acht Uhr.",genau,A2.pdf
A2,genug,,"yeterli, yeterince",,Sonstiges,Es ist noch genug Pizza da. Möchtest du noch ein Stück? Ich verdiene nicht genug.,genug,A2.pdf
A2,Gepäck,das,bagaj,(Sg.),Nomen,Wollen Sie Ihr Gepäck mitnehmen? Sie können Ihr Gepäck auch im Hotel lassen.,das Gepäck (Sg.),A2.pdf
A2,gerade,,"şu anda, tam şimdi",,Sonstiges,Kannst du später anrufen? Wir essen gerade. Was machst du gerade? Da kommt er ja gerade.,gerade,A2.pdf
A2,geradeaus,,"doğru, dümdüz",,Sonstiges,Gehen Sie immer geradeaus!,geradeaus,A2.pdf
A2,Gerät,das,"cihaz, alet",-e,Nomen,Elektrogeräte finden Sie im dritten Stock.,"das Gerät, -e",A2.pdf
A2,Gericht,das,yemek,-e,Nomen,Mein Lieblingsgericht ist Pizza.,"das Gericht, -e",A2.pdf
A2,gern,,"severek, memnuniyetle","lieber, am liebsten",Verb,Ich helfe Ihnen gern. Kaffee oder Tee? - Ich trinke lieber einen Tee. Am liebsten trinke ich Kaffee.,"gern, lieber, am liebsten",A2.pdf
A2,Geschäft,das,"dükkân, mağaza",-e,Nomen,Die Geschäfte schließen um 18.30 Uhr.,"das Geschäft, -e",A2.pdf
A2,Geschenk,das,hediye,-e,Nomen,Danke für das schöne Geschenk.,"das Geschenk, -e",A2.pdf
A2,Geschichte,die,"hikâye, tarih",-n,Nomen,Erzählst du mir eine Geschichte? Ich interessiere mich nicht für Geschichte. Paul hat gute Noten in Geschichte.,"die Geschichte, -n",A2.pdf
A2,Geschirr,das,"bulaşık, tabak çanak",(Sg.),Nomen,Stellst du bitte das Geschirr in den Schrank?,das Geschirr (Sg.),A2.pdf
A2,Gesicht,das,yüz,-er,Nomen,Wasch dir bitte das Gesicht. Sie hat ein freundliches Gesicht.,"das Gesicht, -er",A2.pdf
A2,Gespräch,das,"görüşme, konuşma",-e,Nomen,Sie hören ein Gespräch. Zu diesem Gespräch gibt es fünf Aufgaben. Das Gespräch mit Frau Kunz ist um 14 Uhr.,"das Gespräch, -e",A2.pdf
A2,gestern,,dün,,Sonstiges,Gestern wollte ich dich anrufen.,gestern,A2.pdf
A2,gesund,,sağlıklı,,Sonstiges,Ich hatte Grippe. Jetzt bin ich wieder gesund.,gesund,A2.pdf
A2,Gesundheit,die,sağlık,(Sg.),Nomen,Gesundheit! Sind Sie erkältet?,die Gesundheit (Sg.),A2.pdf
A2,Getränk,das,içecek,-e,Nomen,"Mein Lieblingsgetränk ist Tomatensaft. Die Getränkekarte, bitte!","das Getränk, -e",A2.pdf
A2,gewinnen,,kazanmak,"gewinnt, hat gewonnen",Verb,Unsere Mannschaft hat gewonnen. Mein Sohn will bei diesem Spiel immer gewinnen.,"gewinnen, gewinnt, hat gewonnen",A2.pdf
A2,Gewitter,das,"fırtına, gök gürültülü fırtına",-,Nomen,"Ich glaube, es gibt heute ein Gewitter.","das Gewitter, -",A2.pdf
A2,Gitarre,die,gitar,-n,Nomen,Er kann gut Gitarre spielen.,"die Gitarre, -n",A2.pdf
A2,Glas,das,"bardak, cam",¨-er,Nomen,Bitte noch ein Glas Apfelsaft! Wir brauchen noch drei Gläser.,"das Glas, ¨-er",A2.pdf
A2,glauben,,"sanmak, inanmak, düşünmek","glaubt, hat geglaubt",Verb,"Sie können mir glauben, es ist so. Ich glaube, er kommt gleich.","glauben, glaubt, hat geglaubt",A2.pdf
A2,gleich,,"hemen, aynı",,Sonstiges,Ich komme gleich. Wir sind gleich alt.,gleich,A2.pdf
A2,Gleis,das,"peron, ray",-e,Nomen,Der ICE nach Berlin hält heute an Gleis 12.,"das Gleis, -e",A2.pdf
A2,Glück,das,"şans, mutluluk",(Sg.),Nomen,"Viel Glück! Oh, es regnet. Zum Glück habe ich meinen Schirm dabei.",das Glück (Sg.),A2.pdf
A2,glücklich,,mutlu,,Sonstiges,Meine Tochter ist glücklich verheiratet. Ein glückliches neues Jahr!,glücklich,A2.pdf
A2,Glückwunsch,der,tebrik,¨-e,Nomen,Herzlichen Glückwunsch zum Geburtstag!,"der Glückwunsch, ¨-e",A2.pdf
A2,gratulieren,,tebrik etmek,"gratuliert, hat gratuliert",Verb,Ich gratuliere dir!,"gratulieren, gratuliert, hat gratuliert",A2.pdf
A2,grillen,,"mangal yapmak, ızgara yapmak","grillt, hat gegrillt",Verb,Heute grillen wir im Garten.,"grillen, grillt, hat gegrillt",A2.pdf
A2,Grippe,die,grip,(Sg.),Nomen,Ich habe eine Grippe und kann leider nicht kommen.,die Grippe (Sg.),A2.pdf
A2,groß,,büyük,,Sonstiges,Mein Bruder und ich sind gleich groß. Frankfurt ist eine große Stadt. Unsere Wohnung ist 80 m² groß.,groß,A2.pdf
A2,Größe,die,"beden, boyut",-n,Nomen,Haben Sie das T-Shirt auch in Größe M?,"die Größe, -n",A2.pdf
A2,Gruppe,die,grup,-n,Nomen,Die erste Gruppe beginnt um 16 Uhr. Für Gruppen gibt es eine Ermäßigung.,"die Gruppe, -n",A2.pdf
A2,Gruß,der,selam,¨-e,Nomen,Viele Grüße an Ihre Frau. Liebe Grüße Mit freundlichen Grüßen,"der Gruß, ¨-e",A2.pdf
A2,gültig sein,,geçerli olmak,"ist gültig, war gültig, ist gültig gewesen",Verb,Der Pass ist nicht mehr gültig.,"gültig sein, ist gültig, war gültig, ist gültig gewesen",A2.pdf
A2,günstig,,"uygun fiyatlı, ucuz",,Sonstiges,In diesem Laden gibt es immer günstige Angebote. Ich suche ein günstiges Sofa.,günstig,A2.pdf
A2,gut,,iyi,"besser, am besten",Sonstiges,Das finde ich gut. Ich komme um 17 Uhr. – Gut! Guten Morgen! Ein gutes neues Jahr! Guten Appetit! Welches Bild gefällt dir besser? Dieses Kleid finde ich am besten.,"gut, besser, am besten",A2.pdf
A2,Haar,das,saç,-e,Nomen,Sie hat lange Haare.,"das Haar, -e",A2.pdf
A2,haben,,sahip olmak,"hat, hatte, hat gehabt",Verb,Ich habe ein neues Auto. Hast du kurz Zeit?,"haben, hat, hatte, hat gehabt",A2.pdf
A2,Hähnchen,das,"piliç, tavuk",-,Nomen,"Ein Hähnchen mit Pommes, bitte!","das Hähnchen, -",A2.pdf
A2,Halle,die,"salon, hol",-n,Nomen,Wir treffen uns in Halle B. Wo ist die neue Sporthalle?,"die Halle, -n",A2.pdf
A2,hallo,,merhaba,,Sonstiges,Hallo Inge! Wie geht’s?,hallo,A2.pdf
A2,Hals,der,boyun,¨-e,Nomen,Mir tut der Hals weh. Ich habe seit gestern Halsschmerzen.,"der Hals, ¨-e",A2.pdf
A2,halten,,"durmak, tutmak","hält, hat gehalten",Verb,Dieser Zug hält nicht in Rüdesheim. Kannst du mal kurz meine Jacke halten?,"halten, hält, hat gehalten",A2.pdf
A2,Haltestelle,die,durak,-n,Nomen,An der nächsten Haltestelle müssen Sie aussteigen.,"die Haltestelle, -n",A2.pdf
A2,Hamburger,der,hamburger,-,Nomen,"Einen Hamburger ohne Salat, bitte.","der Hamburger, -",A2.pdf
A2,Hand,die,el,¨-e,Nomen,Wasch dir bitte die Hände vor dem Essen.,"die Hand, ¨-e",A2.pdf
A2,Handtuch,das,havlu,¨-er,Nomen,Gibst du mir bitte ein frisches Handtuch?,"das Handtuch, ¨-er",A2.pdf
A2,Handy,das,cep telefonu,-s,Nomen,In der Schule bitte die Handys ausmachen! Kannst du mir bitte deine Handynummer geben?,"das Handy, -s",A2.pdf
A2,hängen,,"asılı olmak, asmak","hängt, hat gehangen/ gehängt",Verb,Im Museum hängen moderne Bilder. Warum hast du das Bild noch nicht an die Wand gehängt? Das Bild von meiner Tochter hat im Wohnzimmer gehangen.,"hängen, hängt, hat gehangen/ gehängt",A2.pdf
A2,hart,,sert,,Sonstiges,Ich finde das Bett zu hart. Die Brötchen sind ja ganz hart.,hart,A2.pdf
A2,hässlich,,çirkin,,Sonstiges,Ich finde das Kleid hässlich. Es gefällt mir nicht.,hässlich,A2.pdf
A2,Hauptstadt,die,başkent,¨-e,Nomen,Berlin ist die Hauptstadt von Deutschland.,"die Hauptstadt, ¨-e",A2.pdf
A2,Haus,das,ev,¨-er,Nomen,In welchem Haus wohnst du? Ich gehe jetzt nach Hause. Paul ist nicht zu Hause.,"das Haus, ¨-er",A2.pdf
A2,Haushalt,der,"ev işleri, hane halkı",-e,Nomen,Wer macht bei euch den Haushalt? - Meine Frau und ich machen den Haushalt zusammen: Ich wasche die Wäsche und sie putzt und räumt auf.,"der Haushalt, -e",A2.pdf
A2,Heft,das,defter,-e,Nomen,Hast du dein Heft dabei?,"das Heft, -e",A2.pdf
A2,Heimat,die,"vatan, memleket",(Sg.),Nomen,"Ich komme aus der Schweiz. Das ist meine Heimat. Mein Heimatland ist Italien. Dort bin ich geboren. Jetzt lebe ich in Deutschland, das ist meine neue Heimat.",die Heimat (Sg.),A2.pdf
A2,heiraten,,evlenmek,"heiratet, hat geheiratet",Verb,Meine Schwester heiratet nächsten Monat.,"heiraten, heiratet, hat geheiratet",A2.pdf
A2,heiß,,sıcak,,Sonstiges,"Vorsicht, der Tee ist heiß! Mir ist heiß. Kannst du das Fenster öffnen?",heiß,A2.pdf
A2,heißen,,"adı olmak, denmek","heißt, hat geheißen",Verb,Ich heiße Charlotte Meier. Wie heißt das auf Deutsch?,"heißen, heißt, hat geheißen",A2.pdf
A2,Heizung,die,"kalorifer, ısıtma",-en,Nomen,Es ist kalt. Ist die Heizung kaputt?,"die Heizung, -en",A2.pdf
A2,helfen,,yardım etmek,"hilft, hat geholfen",Verb,Würden Sie mir bitte helfen?,"helfen, hilft, hat geholfen",A2.pdf
A2,hell,,"aydınlık, parlak",,Sonstiges,Im Sommer ist es bis 21 Uhr hell. Mein Zimmer ist sehr hell. Haben Sie das T-Shirt auch in hellblau?,hell,A2.pdf
A2,Hemd,das,gömlek,-en,Nomen,Nick trägt heute ein neues Hemd.,"das Hemd, -en",A2.pdf
A2,her/her-/-her,,"buraya, bu yana",,Sonstiges,Komm bitte mal her! Herein! Die Tür ist offen. Woher kommen Sie?,her/her-/-her,A2.pdf
A2,heraus/raus,,dışarı,,Sonstiges,Möchtet ihr nicht rauskommen? Das Wetter ist so schön. Kannst du bitte den Müll rausbringen?,heraus/raus,A2.pdf
A2,herein/rein,,içeri,,Sonstiges,Herein! Die Tür ist offen. Möchtest du nicht reinkommen? Ich kann uns einen Tee machen.,herein/rein,A2.pdf
A2,Herd,der,ocak (mutfak),-e,Nomen,In der neuen Küche fehlt noch der Herd.,"der Herd, -e",A2.pdf
A2,Herr,der,"bay, efendi",-en,Nomen,"Guten Tag, Herr Sommer!","der Herr, -en",A2.pdf
A2,herstellen,,üretmek,"stellt her, hat hergestellt",Verb,In unserer Firma stellen wir Möbel her.,"herstellen, stellt her, hat hergestellt",A2.pdf
A2,herunterladen,,indirmek,"lädt herunter, hat heruntergeladen",Verb,Er lädt die Musik aus dem Internet herunter.,"herunterladen, lädt herunter, hat heruntergeladen",A2.pdf
A2,herzlich,,"içten, samimi",,Sonstiges,Herzlichen Glückwunsch!,herzlich,A2.pdf
A2,heute,,bugün,,Sonstiges,Heute ist ein schöner Tag. Heute muss ich nur bis 16 Uhr arbeiten.,heute,A2.pdf
A2,hier,,burada,,Sonstiges,"Elektro Bauer, guten Tag. Hier ist Pamela Linke. Was kann ich für Sie tun? Hier wohne ich. Unterschreiben Sie bitte hier!",hier,A2.pdf
A2,Hilfe,die,yardım,(Sg.),Nomen,Hilfe! Bitte helfen Sie mir! Er bekommt Hilfe von Freunden.,die Hilfe (Sg.),A2.pdf
A2,Himmel,der,gökyüzü,(Sg.),Nomen,Heute ist so tolles Wetter: Der Himmel ist blau und es gibt keine Wolken.,der Himmel (Sg.),A2.pdf
A2,hin/hin-/-hin,,"oraya, o yöne",,Sonstiges,Wo gehst du hin?/Wohin gehst du? Wohin ist Paul gegangen? – Ich glaube dorthin. Er geht in den Garten hinaus. Wir gehen ins Haus hinein.,hin/hin-/-hin,A2.pdf
A2,hinten,,"arkada, arkasında",,Sonstiges,Die Tür zum Aussteigen ist hinten. Bitte hinten aussteigen!,hinten,A2.pdf
A2,hinter,,arkasında,,Sonstiges,Hinter dem Haus haben wir einen Garten.,hinter,A2.pdf
A2,Hobby,das,hobi,-s,Nomen,Meine Hobbys sind Joggen und Schwimmen.,"das Hobby, -s",A2.pdf
A2,hoch,,yüksek,,Sonstiges,Der Mount Everest ist circa 8.880 Meter hoch. Die Preise in diesem Laden sind sehr hoch.,hoch,A2.pdf
A2,Hochzeit,die,düğün,-en,Nomen,Zu seiner Hochzeit kommen mehr als einhundert Gäste.,"die Hochzeit, -en",A2.pdf
A2,hoffen,,ummak,"hofft, hat gehofft",Verb,"Ich hoffe, dass es dir gut geht.","hoffen, hofft, hat gehofft",A2.pdf
A2,hoffentlich,,umarım,,Sonstiges,Hoffentlich hat unser Zug keine Verspätung.,hoffentlich,A2.pdf
A2,holen,,"getirmek, almak","holt, hat geholt",Verb,Soll ich uns etwas zu trinken holen?,"holen, holt, hat geholt",A2.pdf
A2,Homepage,die,"web sitesi, ana sayfa",-s,Nomen,Auf der Homepage von Freiburg gibt es alle wichtigen Informationen über die Stadt. Kennst du eine Homepage mit Deutschübungen?,"die Homepage, -s",A2.pdf
A2,hören,,"duymak, dinlemek","hört, hat gehört",Verb,Hör mal! Was ist das? Ich habe das Lied schon mal gehört.,"hören, hört, hat gehört",A2.pdf
A2,Hose,die,pantolon,-n,Nomen,Kann ich die Hose waschen?,"die Hose, -n",A2.pdf
A2,Hotel,das,otel,-s,Nomen,Im Urlaub sind wir in einem Hotel am Meer.,"das Hotel, -s",A2.pdf
A2,Hund,der,köpek,-e,Nomen,Magst du Hunde? Meine Tochter hat Angst vor Hunden.,"der Hund, -e",A2.pdf
A2,Hunger,der,açlık,(Sg.),Nomen,Ich habe Hunger! Wann können wir endlich essen?,der Hunger (Sg.),A2.pdf
A2,husten,,öksürmek,"hustet, hat gehustet",Verb,Sie hustet seit zwei Tagen. Sie ist krank.,"husten, hustet, hat gehustet",A2.pdf
A2,Idee,die,fikir,-n,Nomen,Was machen wir heute Abend? Hast du eine gute Idee?,"die Idee, -n",A2.pdf
A2,immer,,her zaman,,Sonstiges,Frau Bast kommt immer zu spät.,immer,A2.pdf
A2,in,,"içinde, -de/-da",,Sonstiges,"Ich wohne in Wiesbaden. Der Zug kommt in fünf Minuten. Frau Rausch arbeitet im Reisebüro. Komm, wir gehen ins Kino.",in,A2.pdf
A2,Information,die,bilgi,-en,Nomen,"Wir haben hier einige wichtige Informationen für Sie. Wenn Sie Fragen haben, gehen Sie zur Information.","die Information,-en",A2.pdf
A2,informieren (sich) (über),,"bilgi almak, bilgilendirmek","informiert, hat informiert",Verb,Ich möchte mich vor der Reise über das Land informieren. Hast du dich über die Prüfung informiert?,"informieren (sich) (über), informiert, hat informiert",A2.pdf
A2,Insel,die,ada,-n,Nomen,Ich möchte im Sommer auf einer Insel Urlaub machen. Rügen ist die größte deutsche Insel.,"die Insel, -n",A2.pdf
A2,Instrument,das,"enstrüman, çalgı",-e,Nomen,Ich spiele Klavier. Spielen Sie auch ein Instrument?,"das Instrument, -e",A2.pdf
A2,intelligent,,"zeki, akıllı",,Sonstiges,Einstein war sehr intelligent.,intelligent,A2.pdf
A2,Interesse,das,ilgi,-n,Nomen,"Ich habe viele Interessen: Sport, Lesen, Kultur, Reisen.","das Interesse, -n",A2.pdf
A2,interessieren (sich),,ilgilenmek,"interessiert, hat interessiert interessant",Verb,Ich interessiere mich für Fußball. Den Artikel über Brasilien finde ich sehr interessant. Ich lese gerade ein interessantes Buch.,"interessieren (sich), interessiert, hat interessiert interessant",A2.pdf
A2,international,,uluslararası,,Sonstiges,"Unser Deutschkurs ist international: Silvana kommt aus Italien, Conchi aus Spanien, Yin aus China …",international,A2.pdf
A2,Internet,das,internet,(Sg.),Nomen,Das findest du im Internet. Du kannst im Internet Musik hören oder Spiele spielen.,das Internet (Sg.),A2.pdf
A2,Interview,das,röportaj,-s,Nomen,Komm schnell! Im Radio kommt ein Interview mit deinem Lieblingssänger.,"das Interview, -s",A2.pdf
A2,ja,,evet,,Sonstiges,Sind Sie Herr Watanabe? – Ja. Du bist hier in Berlin? Das ist ja toll!,ja,A2.pdf
A2,Jacke,die,ceket,-n,Nomen,Zieh dir eine Jacke an. Es ist kalt.,"die Jacke, -n",A2.pdf
A2,Jeans,die,"kot pantolon, kot",(Pl.),Nomen,Ich mag Jeans lieber als Röcke.,die Jeans (Pl.),A2.pdf
A2,jeder,,her,"e, s",Sonstiges,Das Restaurant hat jeden Tag geöffnet. Jedes Kind bekommt einen Ball.,"jeder, e, s",A2.pdf
A2,jemand,,"biri, birisi",,Sonstiges,"Hat jemand meinen Stift? Hallo, ist jemand da?",jemand,A2.pdf
A2,jetzt,,şimdi,,Sonstiges,Jetzt machen wir eine Pause.,jetzt,A2.pdf
A2,Job,der,iş,-s,Nomen,Jenny hat einen neuen Job bei der Post. Ich suche noch einen Ferienjob.,"der Job, -s",A2.pdf
A2,joggen,,koşu yapmak,"joggt, ist/hat gejoggt",Verb,Ich jogge gern im Park.,"joggen, joggt, ist/hat gejoggt",A2.pdf
A2,Jugendherberge,die,gençlik yurdu,-n,Nomen,Wir übernachten in einer Jugendherberge.,"die Jugendherberge, -n",A2.pdf
A2,der/die Jugendliche,,genç,-n,Sonstiges,Viele Jugendliche hören den ganzen Tag Musik. Der Eintritt für Kinder und Jugendliche bis 16 Jahre ist frei.,"der/die Jugendliche, -n",A2.pdf
A2,jung,,genç,,Sonstiges,Claudia ist 21. – Was? Noch so jung? Bei uns im Haus wohnen viele junge Leute. Mein Bruder ist fünf Jahre jünger als ich.,jung,A2.pdf
A2,Junge,der,"erkek çocuk, oğlan",-n,Nomen,In der Klasse von meiner Tochter sind 13 Jungen und 15 Mädchen.,"der Junge, -n",A2.pdf
A2,Kaffee,der,kahve,-s,Nomen,"Zum Frühstück trinke ich immer Kaffee. Einen Kaffee, bitte.","der Kaffee, -s",A2.pdf
A2,Kalender,der,takvim,-,Nomen,"Haben Sie am Montag Zeit? - Einen Moment, ich schaue in meinem Kalender. Ich schreibe alle Termine in meinen Kalender.","der Kalender, -",A2.pdf
A2,kalt,,soğuk,,Sonstiges,Heute ist es sehr kalt. Der Kaffee ist kalt. Ich möchte ihn nicht mehr trinken. Mir ist kalt.,kalt,A2.pdf
A2,Kamera,die,"kamera, fotoğraf makinesi",-s,Nomen,Hannes hat eine neue Kamera. Er kann mit der Kamera Fotos und Filme machen.,"die Kamera, -s",A2.pdf
A2,kaputt,,"bozuk, kırık",,Sonstiges,Unsere Waschmaschine ist kaputt.,kaputt,A2.pdf
A2,Karte,die,"kart, harita",-n,Nomen,"Ich schreibe meinen Bekannten eine Karte aus dem Urlaub. Wollen wir Karten spielen? Du musst noch die Karten für das Konzert abholen, vergiss das bitte nicht! Die Karte, bitte! Ich möchte etwas bestellen. Kann ich auch mit Karte (be-)zahlen?","die Karte, -n",A2.pdf
A2,Kartoffel,die,patates,-n,Nomen,Für Pommes frites braucht man Kartoffeln.,"die Kartoffel, -n",A2.pdf
A2,Käse,der,peynir,(Sg.),Nomen,Isst du lieber Käse oder Wurst?,der Käse (Sg.),A2.pdf
A2,Kasse,die,kasa,-n,Nomen,Zahlen Sie bitte an der Kasse.,"die Kasse, -n",A2.pdf
A2,Katze,die,kedi,-n,Nomen,Meine Tochter wünscht sich eine Katze.,"die Katze, -n",A2.pdf
A2,kaufen,,"satın almak, almak","kauft, hat gekauft",Verb,Tim kauft sich ein neues Auto.,"kaufen, kauft, hat gekauft",A2.pdf
A2,Kaufhaus,das,"mağaza, alışveriş merkezi",-¨er,Nomen,Meine Pullover kaufe ich immer im Kaufhaus Hertie.,"das Kaufhaus, -¨er",A2.pdf
A2,kein,,"hiç, hiçbir",e,Sonstiges,Hast du keinen Hunger? Ich habe heute leider keine Zeit. Ich spreche leider kein Chinesisch. Ich habe keine Kinder.,"kein, e",A2.pdf
A2,Keller,der,bodrum,-,Nomen,Bitte bring die Kartoffeln in den Keller! Die Waschmaschinen sind im Keller.,"der Keller, -",A2.pdf
A2,kennen,,"tanımak, bilmek","kennt, hat gekannt",Verb,"Kennen Sie diese Frau? – Nein, leider nicht. Kennen Sie Berlin? – Ja, eine tolle Stadt.","kennen, kennt, hat gekannt",A2.pdf
A2,kennenlernen,,tanışmak,"lernt kennen, hat kennengelernt",Verb,Wo habt ihr euch kennengelernt? – Wir haben uns in München kennengelernt.,"kennenlernen, lernt kennen, hat kennengelernt",A2.pdf
A2,Kenntnisse,die,"bilgi birikimi, bilgi",(Pl.),Nomen,Deine Deutschkenntnisse sind sehr gut! Ich möchte meine Computerkenntnisse verbessern.,die Kenntnisse (Pl.),A2.pdf
A2,Kette,die,"kolye, zincir",-n,Nomen,Meine Mutter bekommt eine schöne Kette zum Geburtstag.,"die Kette, -n",A2.pdf
A2,Kind,das,çocuk,-er,Nomen,Wie viele Kinder haben Sie?,"das Kind, -er",A2.pdf
A2,Kindergarten,der,anaokulu,¨-,Nomen,Die kleine Laura geht schon in den Kindergarten.,"der Kindergarten,¨-",A2.pdf
A2,Kino,das,sinema,-s,Nomen,Gehen wir heute Abend zusammen ins Kino?,"das Kino, -s",A2.pdf
A2,Kiosk,der,"büfe, kulübe",-e,Nomen,Zeitungen kannst du am Kiosk kaufen.,"der Kiosk , -e",A2.pdf
A2,Kirche,die,kilise,-n,Nomen,Diese Kirche ist fast 800 Jahre alt.,"die Kirche, -n",A2.pdf
A2,klappen,,"yolunda gitmek, işe yaramak","klappt, hat geklappt",Verb,"Können wir uns heute Mittag treffen? – Ja, das klappt. Wie war die Reise? - Gut, es hat alles super geklappt.","klappen, klappt, hat geklappt",A2.pdf
A2,klar,,"tabii, elbette, açık",,Sonstiges,"Kommst du mit? – Klar! Ich komme morgen zu deiner Party, das ist doch klar.",klar,A2.pdf
A2,Klavier,das,piyano,-e,Nomen,Jakob kann sehr gut Klavier spielen.,"das Klavier, -e",A2.pdf
A2,Kleid,das,elbise,-er,Nomen,Julia möchte ein rotes Kleid kaufen.,"das Kleid, -er",A2.pdf
A2,Kleidung,die,"giysi, kıyafet",(Sg.),Nomen,"Wo finde ich Kleidung? – Hosen im ersten, Kleider und Röcke im zweiten Stock.",die Kleidung (Sg.),A2.pdf
A2,klein,,küçük,,Sonstiges,Unsere Wohnung ist sehr klein. Unsere Tochter ist noch klein. Sie ist erst zwei Jahre alt. Wir machen am Wochenende einen kleinen Ausflug.,klein,A2.pdf
A2,klug,,"akıllı, zeki",,Sonstiges,Molly ist ein kluges Mädchen. Lisa ist sehr klug. Sie bekommt immer gute Noten. Das ist klug von dir.,klug,A2.pdf
A2,kochen,,"pişirmek, yemek yapmak","kocht, hat gekocht",Verb,Herr Georgi kann gut kochen. Das Wasser kocht.,"kochen, kocht, hat gekocht",A2.pdf
A2,Koffer,der,bavul,-,Nomen,Hast du den Koffer schon gepackt?,"der Koffer, -",A2.pdf
A2,Kollege,der,"iş arkadaşı, meslektaş","-n / die Kollegin, -nen",Nomen,Wie heißt die neue Kollegin?,"der Kollege, -n / die Kollegin, -nen",A2.pdf
A2,komisch,,"komik, garip, tuhaf",,Sonstiges,Der Film war sehr komisch. Wir haben viel gelacht. Eine grüne Hose und gelbe Schuhe? Das sieht komisch aus. Das Essen schmeckt komisch. Probier mal!,komisch,A2.pdf
A2,kommen,,gelmek,"kommt, ist gekommen",Verb,Woher kommen Sie? – Aus Frankreich. Er wird bald kommen.,"kommen, kommt, ist gekommen",A2.pdf
A2,können,,"yapabilmek, bilmek","kann, konnte, hat gekonnt",Verb,"Ich kann Deutsch und Russisch. Aber Englisch kann ich nicht. Können Sie mir helfen? Du kannst durch den Park laufen, das ist am schnellsten. Kann ich jetzt nach Hause gehen? Sie können mit dem Bus an den Bahnhof fahren.","können, kann, konnte, hat gekonnt",A2.pdf
A2,Kontakt,der,"iletişim, bağlantı",-e,Nomen,Ich habe wenig Kontakt zu meinen Kollegen. Bitte schicken Sie mir Ihre Kontaktdaten!,"der Kontakt, -e",A2.pdf
A2,Konto,das,hesap (banka),-en,Nomen,Das Geld überweisen wir am ersten März auf Ihr Konto.,"das Konto, -en",A2.pdf
A2,kontrollieren,,kontrol etmek,"kontrolliert, hat kontrolliert",Verb,"Können Sie bei meinem Auto bitte das Öl kontrollieren? Bitte öffnen Sie Ihren Koffer, wir müssen Ihr Gepäck kontrollieren.","kontrollieren, kontrolliert, hat kontrolliert",A2.pdf
A2,Konzert,das,konser,-e,Nomen,Für das Konzert am Sonntag gibt es noch Karten.,"das Konzert, -e",A2.pdf
A2,Kopf,der,"baş, kafa",¨-e,Nomen,Mein Kopf tut weh!,"der Kopf, ¨-e",A2.pdf
A2,Körper,der,"vücut, beden",-,Nomen,"Der Arzt sagt, ich muss etwas für meinen Körper tun, z. B. schwimmen oder Fahrrad fahren.","der Körper, -",A2.pdf
A2,Kosmetik,die,kozmetik,(Sg.),Nomen,Kosmetik können Sie im Erdgeschoss kaufen.,die Kosmetik (Sg.),A2.pdf
A2,kosten,,"mal olmak, fiyatı olmak","kostet, hat gekostet",Verb,Wie viel kostet das Buch? – 20 Euro.,"kosten, kostet, hat gekostet",A2.pdf
A2,kostenlos,,"ücretsiz, bedava",,Sonstiges,Diese Zeitschrift kostet nichts. Sie ist kostenlos.,kostenlos,A2.pdf
A2,krank,,hasta,,Sonstiges,"Ich kann heute nicht zur Arbeit kommen, ich bin krank und liege im Bett.",krank,A2.pdf
A2,Krankenhaus,das,hastane,¨-er,Nomen,Meine Tante ist im Krankenhaus. Er hat sich verletzt und muss ins Krankenhaus.,"das Krankenhaus, ¨-er",A2.pdf
A2,Krankenkasse,die,sağlık sigortası,-n,Nomen,Bei welcher Krankenkasse sind Sie?,"die Krankenkasse, -n",A2.pdf
A2,Krankheit,die,hastalık,-en,Nomen,Welche Krankheit hat Herr Brandner?,"die Krankheit, -en",A2.pdf
A2,Kredit,der,kredi,-e,Nomen,Ich brauche einen Kredit von der Bank. Bezahlen Sie mit Kreditkarte?,"der Kredit, -e",A2.pdf
A2,Kreuzung,die,kavşak,-en,Nomen,Fahren Sie an der nächsten Kreuzung rechts.,"die Kreuzung, -en",A2.pdf
A2,kriegen,,"almak, elde etmek","kriegt, hat gekriegt",Verb,"Ich kriege 15 Euro pro Stunde für meinen Job. Auch wenn du schnell läufst: Ich kriege dich. Was kriegen Sie? – Ein Käsebrötchen, bitte.","kriegen, kriegt, hat gekriegt",A2.pdf
A2,Krimi,der,polisiye,-s,Nomen,"Miriam liest gern spannende Krimis. Schauen wir am Sonntag zusammen den Tatort? – Nein, ich mag keine Krimis.","der Krimi, -s",A2.pdf
A2,Küche,die,mutfak,-n,Nomen,"Ich suche eine neue Wohnung mit drei Zimmern, Küche und Bad.","die Küche, -n",A2.pdf
A2,Kuchen,der,"kek, pasta",-,Nomen,Er isst sonntags ein Stück Kuchen. Schokoladenkuchen schmeckt mir am besten.,"der Kuchen, -",A2.pdf
A2,kühl,,serin,,Sonstiges,Es ist kühl draußen. Zieh dir eine Jacke an.,kühl,A2.pdf
A2,Kühlschrank,der,buzdolabı,¨-e,Nomen,"Haben wir noch Milch? – Ja, im Kühlschrank.","der Kühlschrank, ¨-e",A2.pdf
A2,Kultur,die,kültür,-en,Nomen,Ich finde fremde Länder und Kulturen sehr interessant. Jana interessiert sich sehr für Kultur. Sie geht jede Woche ins Theater oder ins Museum.,"die Kultur, -en",A2.pdf
A2,kümmern (sich),,"ilgilenmek, bakmak","kümmert, hat gekümmert",Verb,Sonja kann nicht arbeiten. Sie muss sich um ihre Tochter kümmern. Ich habe jetzt keine Zeit. Ich muss mich um das Essen kümmern.,"kümmern (sich), kümmert, hat gekümmert",A2.pdf
A2,Kunde,der,müşteri,"-n / die Kundin, -nen",Nomen,"Einen Moment, bitte. Ich habe eine Kundin.","der Kunde, -n / die Kundin, -nen",A2.pdf
A2,kündigen,,"istifa etmek, feshetmek","kündigt, hat gekündigt",Verb,Meine Arbeit gefällt mir nicht mehr. Ich habe heute gekündigt.,"kündigen, kündigt, hat gekündigt",A2.pdf
A2,Kunst,die,sanat,¨-e,Nomen,Ich verstehe nichts von moderner Kunst. Kunst war mein Lieblingsfach in der Schule.,"die Kunst, ¨-e",A2.pdf
A2,Kurs,der,kurs,-e,Nomen,Der Deutschkurs dauert zwei Monate.,"der Kurs, -e",A2.pdf
A2,kurz,,kısa,,Sonstiges,Ricardo hat kurze Haare. Kann ich Sie kurz sprechen?,kurz,A2.pdf
A2,lachen,,gülmek,"lacht, hat gelacht",Verb,Die Kinder lachen über den Witz. Lachen ist gesund.,"lachen, lacht, hat gelacht",A2.pdf
A2,Laden,der,"dükkân, mağaza",¨-,Nomen,Ich kaufe meine Kleider immer in einem kleinen Laden im Zentrum.,"der Laden, ¨-",A2.pdf
A2,Lampe,die,lamba,-n,Nomen,Mach bitte die Lampe an. Es ist so dunkel.,"die Lampe, -n",A2.pdf
A2,Land,das,"ülke, kara",¨-er,Nomen,Deutschland ist ein schönes Land. Möchten Sie lieber auf dem Land oder in der Stadt wohnen?,"das Land, ¨-er",A2.pdf
A2,Landschaft,die,"manzara, doğa",-en,Nomen,Die Landschaft ist sehr schön.,"die Landschaft, -en",A2.pdf
A2,lang,,uzun,,Sonstiges,Die Hose ist zu lang. Können Sie sie ändern?,lang,A2.pdf
A2,lange,,"uzun süre, uzun zamandır",,Sonstiges,Wie lange fährt der Zug von Hamburg nach Berlin?,lange,A2.pdf
A2,langsam,,yavaş,,Sonstiges,Könnten Sie bitte etwas langsamer sprechen?,langsam,A2.pdf
A2,langweilig,,sıkıcı,,Sonstiges,Mir ist langweilig. Sie findet Fußball sehr langweilig.,langweilig,A2.pdf
A2,der/das Laptop,,dizüstü bilgisayar,-s,Sonstiges,Ich brauche einen neuen Laptop.,"der/das Laptop, -s",A2.pdf
A2,lassen,,bırakmak,"lässt, hat gelassen",Verb,Lass mich in Ruhe! Kann ich mein Auto hier stehen lassen? Ich kann meine kleine Tochter noch nicht allein lassen.,"lassen, lässt, hat gelassen",A2.pdf
A2,laufen,,"koşmak, yürümek","läuft, ist gelaufen",Verb,"Ich gehe jeden Morgen laufen. Unsere Tochter ist erst ein Jahr alt, aber sie kann schon laufen. Wann läuft der Film?","laufen, läuft, ist gelaufen",A2.pdf
A2,laut,,"gürültülü, yüksek sesle",,Sonstiges,Nicht so laut! Das Baby schläft.,laut,A2.pdf
A2,leben,,yaşamak,"lebt, hat gelebt",Verb,Sie lebt bei ihrer Schwester. Ihre Großeltern leben nicht mehr.,"leben, lebt, hat gelebt",A2.pdf
A2,Leben,das,"hayat, yaşam",-,Nomen,Hier in London ist das Leben teuer.,"das Leben, -",A2.pdf
A2,Lebensmittel,die,"gıda, yiyecek maddeleri",(Pl.),Nomen,Lebensmittel bekommen Sie im Supermarkt.,die Lebensmittel (Pl.),A2.pdf
A2,leer,,boş,,Sonstiges,Die Kanne ist fast leer. Ich mache neuen Tee.,leer,A2.pdf
A2,legen,,"koymak, yerleştirmek","legt, hat gelegt",Verb,Legen Sie das Buch auf den Tisch.,"legen, legt, hat gelegt",A2.pdf
A2,leicht,,"kolay, hafif",,Sonstiges,"Das Paket ist leicht, es wiegt nur ein Kilo. Die Aufgabe ist nicht leicht.",leicht,A2.pdf
A2,leider,,"maalesef, ne yazık ki",,Sonstiges,Leider kann ich nicht kommen. Ich muss zum Arzt.,leider,A2.pdf
A2,leidtun/leid tun,,üzülmek,"tut leid, hat leidgetan",Verb,"Es tut mir leid, dass ich nicht kommen kann.","leidtun/leid tun, tut leid, hat leidgetan",A2.pdf
A2,leihen,,"ödünç vermek, ödünç almak","leiht, hat geliehen",Verb,Kannst du mir fünf Euro leihen?,"leihen, leiht, hat geliehen",A2.pdf
A2,leise,,"sessiz, sessizce",,Sonstiges,Seid leise. Die anderen schlafen schon.,leise,A2.pdf
A2,lernen,,"öğrenmek, çalışmak","lernt, hat gelernt",Verb,Wie lange lernen Sie schon Deutsch?,"lernen, lernt, hat gelernt",A2.pdf
A2,lesen,,okumak,"liest, hat gelesen",Verb,In der Schule lesen wir ein Buch von Goethe.,"lesen, liest, hat gelesen",A2.pdf
A2,letzt-,,son,,Sonstiges,Morgen ist der letzte Kurstag. Was hast du letzte Woche gemacht?,letzt-,A2.pdf
A2,Leute,die,insanlar,(Pl.),Nomen,Auf der Party sind viele Leute.,die Leute (Pl.),A2.pdf
A2,Licht,das,ışık,-er,Nomen,Es ist so dunkel. Mach bitte das Licht an!,"das Licht, -er",A2.pdf
A2,lieb-,,sevgili,,Sonstiges,"Liebe Susanne, lieber Hans, Ich fahre lieber mit dem Zug als mit dem Bus. Möchtest du Pommes oder lieber eine Pizza?",lieb-,A2.pdf
A2,lieben,,sevmek,"liebt, hat geliebt",Verb,Ich liebe dich!,"lieben, liebt, hat geliebt",A2.pdf
A2,Lieblings-,,"favori, en sevilen",,Sonstiges,Meine Lieblingsfarbe ist Blau.,Lieblings-,A2.pdf
A2,Lied,das,şarkı,-er,Nomen,Zum Geburtstag singen wir dir ein Lied.,"das Lied, -er",A2.pdf
A2,liefern,,teslim etmek,"liefert, hat geliefert",Verb,Wir liefern Ihnen den Schrank nach Hause.,"liefern, liefert, hat geliefert",A2.pdf
A2,liegen,,"yatmak, bulunmak","liegt, hat/ist gelegen",Verb,Die Zeitung liegt auf dem Tisch. Judith liegt noch im Bett. Frankfurt liegt am Main.,"liegen, liegt, hat/ist gelegen",A2.pdf
A2,Link,der,"bağlantı, link",-s,Nomen,Ich schicke dir einen Link zu Deutschübungen.,"der Link, -s",A2.pdf
A2,links,,"sol, solda",,Sonstiges,Gehen Sie die nächste Straße links.,links,A2.pdf
A2,Löffel,der,kaşık,-,Nomen,Bitte bringen Sie mir einen Löffel.,"der Löffel, -",A2.pdf
A2,Lokal,das,"lokanta, mekân",-e,Nomen,Gibt es hier in der Nähe ein gutes Lokal?,"das Lokal, -e",A2.pdf
A2,Lüge,die,yalan,-n,Nomen,Das stimmt nicht! Das ist eine Lüge!,"die Lüge, -n",A2.pdf
A2,lügen,,yalan söylemek,"lügt, hat gelogen",Verb,"Du sollst nicht lügen. Glaub ihm nicht, er lügt.","lügen, lügt, hat gelogen",A2.pdf
A2,Lust,die,"istek, keyif",(Sg.),Nomen,"Gehen wir heute Abend ins Kino? - Nein, ich habe keine Lust. Ich habe Lust auf Schokolade.",die Lust (Sg.),A2.pdf
A2,lustig,,"komik, eğlenceli",,Sonstiges,Warum lacht ihr? Was ist so lustig? Ich mag lustige Filme.,lustig,A2.pdf
A2,machen,,yapmak,"macht, hat gemacht",Verb,Was machst du heute Abend? Ich muss jetzt das Essen machen. Das macht 5 Euro 95. Entschuldigung! - Das macht doch nichts.,"machen, macht, hat gemacht",A2.pdf
A2,Mädchen,das,"kız, kız çocuk",-,Nomen,Familie Kurz bekommt ein Baby. – Junge oder Mädchen?,"das Mädchen, -",A2.pdf
A2,Magen,der,mide,¨-,Nomen,Mein Magen tut weh.,"der Magen, ¨-",A2.pdf
A2,Mailbox,die,"sesli mesaj kutusu, telesekreter",-en,Nomen,Hier ist die Mailbox von Susanne König. Ich habe dir auf die Mailbox gesprochen.,"die Mailbox, -en",A2.pdf
A2,mal / das Mal,,"kez, defa; hadi (pekiştirme sözcüğü)",,Sonstiges,"Sag mal, wie gefällt dir mein neues Kleid? Das erste Mal war ich vor fünf Jahren in England. Tschüss, bis zum nächsten Mal!",mal / das Mal,A2.pdf
A2,malen,,"resim yapmak, boyamak","malt, hat gemalt",Verb,Mein Sohn kann gut malen.,"malen, malt, hat gemalt",A2.pdf
A2,man,,insan,,Sonstiges,Wie schreibt man das? Hier darf man nicht rauchen.,man,A2.pdf
A2,manch-,,"bazı, kimi",,Sonstiges,Manche Nachbarn sind unfreundlich.,manch-,A2.pdf
A2,manchmal,,bazen,,Sonstiges,Manchmal essen wir im Restaurant. Rauchen Sie? - Manchmal.,manchmal,A2.pdf
A2,Mann,der,"erkek, adam",¨-er,Nomen,Mein Mann ist Polizist.,"der Mann, ¨-er",A2.pdf
A2,männlich,,"erkek, eril",,Sonstiges,Bitte wählen Sie: „weiblich“ oder „männlich“.,männlich,A2.pdf
A2,Mannschaft,die,takım,-en,Nomen,Meine Lieblingsmannschaft hat 1:0 verloren.,"die Mannschaft, -en",A2.pdf
A2,Mantel,der,palto,¨-,Nomen,Es ist kalt. Zieh deinen Mantel an!,"der Mantel, ¨-",A2.pdf
A2,Markt,der,"pazar, çarşı",¨-e,Nomen,Ich gehe heute auf den Markt. Samstags ist hier Markt.,"der Markt, ¨-e",A2.pdf
A2,Maschine,die,makine,-n,Nomen,Die Waschmaschine funktioniert sehr gut.,"die Maschine, -n",A2.pdf
A2,Medikament,das,ilaç,-e,Nomen,Nehmen Sie dieses Medikament dreimal pro Tag!,"das Medikament,-e",A2.pdf
A2,Meer,das,deniz,-e,Nomen,Wir machen Urlaub am Meer.,"das Meer, -e",A2.pdf
A2,mehr,,"daha fazla, artık",,Sonstiges,Dieses Auto kostet 1.000 Euro mehr als das andere. Mehr kann ich nicht essen! Ich möchte mehr Taschengeld.,mehr,A2.pdf
A2,meinen,,"demek istemek, kastetmek, düşünmek","meint, hat gemeint",Verb,Wie meinst du das? Erklär mir das bitte genauer! Der Film ist gut. Was meinst du?,"meinen, meint, hat gemeint",A2.pdf
A2,Meinung,die,"fikir, görüş, düşünce",-en,Nomen,Meine Meinung zu dem Thema ist: … Was ist deine Meinung dazu? Ich habe meine Meinung geändert.,"die Meinung, -en",A2.pdf
A2,meist-,,"çoğu, en çok",,Sonstiges,Ich bin neu hier im Haus. Die meisten Nachbarn kenne ich noch nicht.,meist-,A2.pdf
A2,meistens,,"çoğunlukla, genellikle",,Sonstiges,Meistens trinke ich zum Frühstück nur einen Kaffee.,meistens,A2.pdf
A2,Menge,die,"miktar, çokluk; kalabalık",-n,Nomen,Wir haben noch eine Menge Zeit. Ich kenne eine Menge Leute in dieser Stadt.,"die Menge, -n",A2.pdf
A2,Mensch,der,insan,-en,Nomen,Die Menschen sind hier ein bisschen anders als im Süden.,"der Mensch, -en",A2.pdf
A2,merken,,"fark etmek; aklında tutmak, hatırlamak","merkt, hat gemerkt",Verb,"Ich kann mir keine Zahlen merken. Ich vergesse sie sofort. Merkst du, dass es wärmer wird?","merken, merkt, hat gemerkt",A2.pdf
A2,Messe,die,fuar,-n,Nomen,Kommst du mit zur Buchmesse nach Frankfurt?,"die Messe, -n",A2.pdf
A2,Messer,das,bıçak,-,Nomen,Das Messer schneidet nicht gut. Ich habe nur ein Messer. Kannst du mir bitte noch eine Gabel bringen?,"das Messer, -",A2.pdf
A2,Miete,die,kira,-n,Nomen,Wie viel Miete bezahlst du für deine Wohnung?,"die Miete, -n",A2.pdf
A2,mieten,,kiralamak,"mietet, hat gemietet",Verb,Ich möchte ein Auto mieten.,"mieten, mietet, hat gemietet",A2.pdf
A2,Milch,die,süt,(Sg.),Nomen,Die Milch steht im Kühlschrank.,die Milch (Sg.),A2.pdf
A2,mindestens,,en az,,Sonstiges,Bitte kommen Sie mindestens zwei Stunden vor Ihrem Flug zum Flughafen. Schreiben Sie mindestens sieben Sätze! Ich warte schon mindestens 20 Minuten. Wann kommst du denn endlich?,mindestens,A2.pdf
A2,Mineralwasser,das,maden suyu,(Sg.),Nomen,"Ein Glas Mineralwasser, bitte.",das Mineralwasser (Sg.),A2.pdf
A2,mit,,"ile, birlikte",(+ mitbringen/ -kommen/-machen/ -nehmen/-spielen),Sonstiges,Trinken Sie den Kaffee mit oder ohne Zucker? Fahren wir mit dem Auto oder mit dem Zug nach Hamburg? Ich komme mit meinem Freund. Ich gehe einkaufen. Soll ich dir was mitbringen? Ich gehe ins Kino. Kommst du mit? Wir organisieren ein Fest. Möchtest du auch mitmachen? Wir fahren am Wochenende in die Berge. Ich muss mein Zelt mitnehmen. Warum spielt ihr nicht mit?,mit (+ mitbringen/ -kommen/-machen/ -nehmen/-spielen),A2.pdf
A2,Mitarbeiter,der,"çalışan, personel",-,Nomen,Unsere Firma hat sieben Mitarbeiter.,"der Mitarbeiter, -",A2.pdf
A2,Mittagessen,das,öğle yemeği,-,Nomen,Um zwölf Uhr gibt es Mittagessen.,"das Mittagessen, -",A2.pdf
A2,Mitte,die,"orta, merkez",-n,Nomen,"Den Schrank stellen wir an die Wand, den Tisch in die Mitte. Ich habe bis Mitte August frei.","die Mitte, -n",A2.pdf
A2,Mittel,das,"çare, ilaç; araç",-,Nomen,Haben Sie ein Mittel gegen Magenschmerzen? Das neue Waschmittel ist sehr gut.,"das Mittel, -",A2.pdf
A2,Möbel,die,mobilya,(Pl.),Nomen,Eure Möbel sind sehr schön.,die Möbel (Pl.),A2.pdf
A2,Mobiltelefon,das,cep telefonu,-e,Nomen,Wie kann ich Sie erreichen? Haben Sie ein Mobiltelefon?,"das Mobiltelefon, -e",A2.pdf
A2,möchten,,istemek,"möchte, mochte, hat gemocht",Verb,Was möchten Sie trinken?,"möchten, möchte, mochte, hat gemocht",A2.pdf
A2,Mode,die,moda,-n,Nomen,Wie findest du die neue Mode?,"die Mode, -n",A2.pdf
A2,modern,,modern,,Sonstiges,Das Stadtzentrum von Frankfurt ist sehr modern.,modern,A2.pdf
A2,mögen,,"hoşlanmak, sevmek, istemek","mag, mochte, hat gemocht",Verb,"Magst du Schokolade? - Nein, ich mag keine Süßigkeiten.","mögen, mag, mochte, hat gemocht",A2.pdf
A2,möglich,,mümkün,,Sonstiges,Kann ich bitte sofort einen Termin haben? - Das ist leider nicht möglich.,möglich,A2.pdf
A2,Moment,der,"an, moment",-e,Nomen,"Einen Moment, bitte. Warten Sie bitte einen Moment. Ich habe im Moment sehr viel zu tun.","der Moment, -e",A2.pdf
A2,morgen,,yarın,,Sonstiges,Morgen beginnt die Schule erst um zehn Uhr.,morgen,A2.pdf
A2,Motor,der,motor,-en,Nomen,Der Motor ist kaputt. Das Auto fährt nicht mehr.,"der Motor, -en",A2.pdf
A2,Motorroller,der,"moped, skuter",-,Nomen,Oskar fährt mit dem Motorroller zur Arbeit.,"der Motorroller, -",A2.pdf
A2,müde,,yorgun,,Sonstiges,Ich bin müde. Ich gehe schlafen.,müde,A2.pdf
A2,Müll,der,çöp,(Sg.),Nomen,"Bringst du bitte den Müll raus? Kann ich die Zeitungen wegwerfen? - Ja, sie sind alt. Bring/Wirf sie bitte in den Müll!",der Müll (Sg.),A2.pdf
A2,Mund,der,ağız,¨-er,Nomen,Öffnen Sie bitte den Mund. Ich möchte in Ihren Hals sehen.,"der Mund, ¨-er",A2.pdf
A2,Museum,das,müze,-een,Nomen,Im Kunstmuseum gibt es eine neue Ausstellung.,"das Museum, -een",A2.pdf
A2,Musik,die,müzik,(Sg.),Nomen,Wie findest du die Musik? Spanische Musik gefällt mir gut.,die Musik (Sg.),A2.pdf
A2,müssen,,"zorunda olmak, gerekmek","muss, musste",Verb,Ich muss jeden Tag von 8 Uhr bis 18 Uhr arbeiten.,"müssen, muss, musste",A2.pdf
A2,Mütze,die,"bere, kasket",-n,Nomen,Haben Sie rote Mützen?,"die Mütze, -n",A2.pdf
A2,nach,,"-e doğru, sonra",,Sonstiges,Ich gehe jetzt nach Hause. Ich fliege nach München. Es ist schon fünf nach zwölf. Wir treffen uns nach der Arbeit.,nach,A2.pdf
A2,Nachbar,der,komşu,"-n, die Nachbarin,-nen",Nomen,Mein Nachbar kommt aus Brasilien und meine Nachbarin ist Italienerin. Die neuen Nachbarn sind sehr nett.,"der Nachbar, -n, die Nachbarin,-nen",A2.pdf
A2,Nachricht,die,"haber, mesaj",-en,Nomen,Ich sehe abends immer die Nachrichten im Fernsehen. Kommst du mit ins Kino? - Ich weiß es noch nicht. Ich schreibe dir später eine Nachricht. Sie haben keine neuen Nachrichten.,"die Nachricht, -en",A2.pdf
A2,nächste,,"gelecek, bir sonraki","-er, -es",Sonstiges,Sehen wir uns nächste Woche? Ihr nächster Termin ist in einem Monat. Bis nächstes Mal!,"nächste, -er, -es",A2.pdf
A2,Nähe,die,"yakın yer, civar",(Sg.),Nomen,Die Post ist in der Nähe vom Bahnhof.,die Nähe (Sg.),A2.pdf
A2,Name,der,"isim, ad",-n,Nomen,Wie ist Ihr Name? Mein Name ist Thomas Schmidt. Mein Vorname ist Thomas; Schmidt ist der Familienname.,"der Name, -n",A2.pdf
A2,nass,,ıslak,,Sonstiges,Geh nicht mit den nassen Schuhen ins Wohnzimmer! Du bist ja ganz nass. Hast du den Regenschirm vergessen?,nass,A2.pdf
A2,Natur,die,doğa,(Sg.),Nomen,Ich bin gern draußen in der Natur.,die Natur (Sg.),A2.pdf
A2,natürlich,,"doğal olarak; tabii, elbette",,Sonstiges,Natürlich helfen wir dir. Kommst du zu meiner Party? – Natürlich.,natürlich,A2.pdf
A2,neben,,"yanında, yanına",,Sonstiges,Neben mir ist noch ein Platz frei. Die Apotheke ist neben der Post.,neben,A2.pdf
A2,nebenan,,"yan tarafta, bitişikte",,Sonstiges,Das ist José. Er wohnt nebenan.,nebenan,A2.pdf
A2,neblig,,sisli,,Sonstiges,Fahr vorsichtig! Es ist neblig.,neblig,A2.pdf
A2,nehmen,,almak,nimmt hat genommen,Sonstiges,Nehmen Sie die Tabletten vor dem Essen! Was möchten Sie? – Ich nehme einen Salat. Ich nehme den Bus.,"nehmen, nimmt, hat genommen",A2.pdf
A2,nein,,hayır,,Sonstiges,"Möchten Sie ein Stück Kuchen? – Nein, danke. Fährst du auch nach München? – Nein, ich habe keine Zeit.",nein,A2.pdf
A2,nennen,,"adlandırmak, çağırmak","nennt, hat genannt",Verb,"Mein Freund heißt Alexander, aber alle nennen ihn Alex.","nennen, nennt, hat genannt",A2.pdf
A2,nervös,,"gergin, sinirli",,Sonstiges,Bei Prüfungen bin ich immer sehr nervös.,nervös,A2.pdf
A2,nett,,"kibar, hoş",,Sonstiges,Ich habe viele nette Kollegen. Vielen Dank! Das ist sehr nett von dir.,nett,A2.pdf
A2,neu,,yeni,,Sonstiges,Ich bin der neue Mitarbeiter. Wir haben eine neue Wohnung. Zeig mal! Ist das dein neues Handy?,neu,A2.pdf
A2,nicht,,değil,,Sonstiges,"Das stimmt nicht. Ich kann morgen leider nicht kommen. Lisa wohnt nicht in Hamburg, sie wohnt in Bremen.",nicht,A2.pdf
A2,nichts,,hiçbir şey,,Sonstiges,Das macht nichts. Hier kaufe ich nichts. Der Laden gefällt mir nicht.,nichts,A2.pdf
A2,nie,,"asla, hiç",,Sonstiges,Er kommt nie pünktlich.,nie,A2.pdf
A2,niemand,,hiç kimse,,Sonstiges,Hier ist niemand. Hier ist der Anrufbeantworter von Familie Klein. Leider ist im Moment niemand zu Hause.,niemand,A2.pdf
A2,nirgends,,hiçbir yerde,,Sonstiges,Hier kann man nirgends parken. Wo ist Stefan? Ich kann ihn nirgends sehen.,nirgends,A2.pdf
A2,noch,,"hâlâ, henüz",,Sonstiges,Vielleicht kommt er noch. Es dauert noch ein paar Minuten. Ich habe noch 20 Euro.,noch,A2.pdf
A2,normal,,normal,,Sonstiges,Das ist doch ganz normal.,normal,A2.pdf
A2,Note,die,not,-n,Nomen,Eva hat immer sehr gute Noten in Deutsch.,"die Note, -n",A2.pdf
A2,notieren,,"not almak, kaydetmek","notiert, hat notiert",Verb,Notieren Sie bitte alle wichtigen Informationen.,"notieren, notiert, hat notiert",A2.pdf
A2,Notiz,die,not,-en,Nomen,Schreib mir bitte eine Notiz. Haben Sie einen Notizzettel für mich?,"die Notiz, -en",A2.pdf
A2,notwendig,,gerekli,,Sonstiges,"Muss ich noch einmal kommen? – Nein, das ist nicht notwendig.",notwendig,A2.pdf
A2,Nudel,die,"makarna, erişte",-n,Nomen,"Möchten Sie lieber Reis oder Nudeln? – Lieber Nudeln, bitte.","die Nudel, -n",A2.pdf
A2,Nummer,die,numara,-n,Nomen,Sie haben Zimmer Nummer zwölf. Welche Hausnummer haben Sie? Können Sie mir bitte Ihre Nummer geben? Haben Sie die Bluse auch eine Nummer kleiner?,"die Nummer, -n",A2.pdf
A2,nur,,sadece,,Sonstiges,Ich möchte nur ein Glas Wasser. Das T-Shirt kostet nur fünf Euro.,nur,A2.pdf
A2,nützlich,,"yararlı, faydalı",,Sonstiges,Danke für den Tipp. Er war sehr nützlich.,nützlich,A2.pdf
A2,oben,,yukarıda,,Sonstiges,Ich wohne oben im 4. Stock.,oben,A2.pdf
A2,Obst,das,meyve,(Sg.),Nomen,Obst kaufe ich immer auf dem Markt. Heute kaufe ich Äpfel und Orangen.,das Obst (Sg.),A2.pdf
A2,oder,,"veya, ya da",,Sonstiges,Wann können Sie kommen – heute oder morgen? Entweder fahren wir mit dem Bus oder wir gehen zu Fuß.,oder,A2.pdf
A2,offen,,açık,,Sonstiges,"Ist das Fenster im Bad noch offen? Ich glaube, der Supermarkt ist jetzt noch offen.",offen,A2.pdf
A2,öffnen,,açmak,"öffnet, hat geöffnet",Verb,Ich öffne die Tür. Der Laden ist samstags bis 16.00 Uhr geöffnet.,"öffnen, öffnet, hat geöffnet",A2.pdf
A2,oft,,sık sık,,Sonstiges,Ich gehe nicht oft ins Kino.,oft,A2.pdf
A2,ohne,,"-siz, olmadan",,Sonstiges,Bitte einen Kaffee ohne Milch und Zucker. Schaffst du das auch ohne mich oder soll ich dir helfen?,ohne,A2.pdf
A2,Ohr,das,kulak,-en,Nomen,Ich habe Ohrenschmerzen.,"das Ohr, -en",A2.pdf
A2,Öl,das,yağ,-e,Nomen,Machen wir den Salat mit Öl? Können Sie bei meinem Auto bitte das Öl kontrollieren?,"das Öl, -e",A2.pdf
A2,online,,çevrimiçi,,Sonstiges,Wann bist du wieder online? Ich habe hier kein Internet. Ich bin erst heute Abend wieder online. Sie können das Geld auch online überweisen.,online,A2.pdf
A2,Orange,die,portakal,-n,Nomen,Ich esse gern Orangen.,"die Orange, -n",A2.pdf
A2,Ordnung,die,düzen,-en,Nomen,Er hat seine Hausaufgabe gut gemacht. Das ist alles in Ordnung. Ich mache gleich Ordnung in meinem Zimmer.,"die Ordnung, -en",A2.pdf
A2,organisieren,,"organize etmek, düzenlemek","organisiert, hat organisiert",Verb,Frau Gomez organisiert unseren Ausflug. Hast du schon alles für deinen Urlaub organisiert?,"organisieren, organisiert, hat organisiert",A2.pdf
A2,Ort,der,"yer, mekân",-e,Nomen,"Vergessen Sie Ort und Datum nicht, wenn Sie einen Brief schreiben. Der Ort liegt in den Bergen. Wohnort: Köln.","der Ort, -e",A2.pdf
A2,Paar,das,çift,-e,Nomen,Romeo und Julia sind ein Paar. Ich brauche ein Paar Schuhe.,"das Paar, -e",A2.pdf
A2,ein paar,,birkaç,,Sonstiges,Wir fahren ein paar Tage ans Meer. Hast du ein paar Minuten Zeit?,ein paar,A2.pdf
A2,packen,,"paketlemek, (bavul) toplamak","packt, hat gepackt",Verb,Ich muss noch meinen Koffer packen.,"packen, packt, hat gepackt",A2.pdf
A2,Paket,das,"paket, koli",-e,Nomen,Bringst du bitte das Paket zur Post?,"das Paket, -e",A2.pdf
A2,Papier,das,kağıt,-e,Nomen,Hier sind Papier und Bleistift.,"das Papier, -e",A2.pdf
A2,Papiere,die,"belgeler, evraklar",(Pl.),Nomen,Haben Sie Ihre Papiere dabei?,die Papiere (Pl.),A2.pdf
A2,Parfüm,das,parfüm,-s,Nomen,Ich suche ein Parfum als Geschenk für meine Frau.,"das Parfüm, -s",A2.pdf
A2,Park,der,park,-s,Nomen,Ich gehe gern im Park spazieren.,"der Park, -s",A2.pdf
A2,parken,,park etmek,"parkt, hat geparkt",Verb,Darf ich hier parken? Hier ist Parken verboten.,"parken, parkt, hat geparkt",A2.pdf
A2,Partner,der,"partner, eş",-,Nomen,Veronika ist meine Partnerin.,"der Partner, -",A2.pdf
A2,Partnerin,die,"partner, eş",-nen,Nomen,Veronika ist meine Partnerin.,"die Partnerin, -nen",A2.pdf
A2,Party,die,parti,-s,Nomen,Heute Abend machen wir eine Party.,"die Party, -s",A2.pdf
A2,Pass,der,pasaport,¨-e,Nomen,Am Flughafen brauchst du deinen Pass.,"der Pass, ¨-e",A2.pdf
A2,passen,,"uymak, uygun olmak","passt, hat gepasst",Verb,Die Bluse passt mir nicht. Welches Wort passt? Wählen Sie.,"passen, passt, hat gepasst",A2.pdf
A2,passieren,,"olmak, meydana gelmek","passiert, ist passiert",Verb,Wie ist der Unfall passiert? Was ist passiert?,"passieren, passiert, ist passiert",A2.pdf
A2,Passwort,das,"şifre, parola",¨-er,Nomen,Bitte schreiben Sie Ihr Passwort. Sie brauchen ein Passwort. Ich habe mein Passwort vergessen.,"das Passwort, ¨-er",A2.pdf
A2,Pause,die,"mola, ara",-n,Nomen,Von 12.00 bis 12.30 Uhr haben wir Mittagspause.,"die Pause, -n",A2.pdf
A2,Person,die,"kişi, şahıs",-en,Nomen,Eintritt pro Person: 5 Euro.,"die Person, -en",A2.pdf
A2,Pferd,das,at,-e,Nomen,Amira liebt Pferde. Sie reitet seit zehn Jahren.,"das Pferd, -e",A2.pdf
A2,Pflanze,die,bitki,-n,Nomen,Können Sie sich bitte um unsere Pflanzen kümmern? Wir sind nächste Woche im Urlaub.,"die Pflanze, -n",A2.pdf
A2,Pizza,die,pizza,-s/-en,Nomen,"Mein Lieblingsessen ist Pizza. Eine Pizza mit viel Käse, bitte.","die Pizza, -s/-en",A2.pdf
A2,Plakat,das,"afiş, poster",-e,Nomen,Wir machen im Unterricht ein Plakat zum Thema „Essen und Trinken“.,"das Plakat, -e",A2.pdf
A2,Plan,der,plan,¨-e,Nomen,Ich kaufe mir einen Stadtplan.,"der Plan, ¨-e",A2.pdf
A2,planen,,planlamak,"plant, hat geplant",Verb,Wir sollen zusammen eine Klassenparty planen. Morgen schwimmen ... ist ein guter Plan.,"planen, plant, hat geplant",A2.pdf
A2,Platz,der,"yer, meydan, alan",¨-e,Nomen,Hier ist noch ein Platz frei. Bitte nehmen Sie Platz! Ich wohne am Messeplatz 5. Ich finde keinen Parkplatz.,"der Platz, ¨-e",A2.pdf
A2,plötzlich,,"aniden, birdenbire",,Sonstiges,Plötzlich war das Licht aus.,plötzlich,A2.pdf
A2,Polizei,die,polis,(Sg.),Nomen,Rufen Sie die Polizei!,die Polizei (Sg.),A2.pdf
A2,Pommes frites (Pl.),die,patates kızartması,,Nomen,Die Kinder essen Bratwurst mit Pommes frites.,die Pommes frites (Pl.),A2.pdf
A2,Portion,die,porsiyon,-en,Nomen,Ich nehme eine kleine Portion Eis.,"die Portion, -en",A2.pdf
A2,Post,die,"postane, posta",(Sg.),Nomen,"Entschuldigung, wo ist die Post? Ist Post für mich da?",die Post (Sg.),A2.pdf
A2,Poster,das,poster,-,Nomen,Das Poster hängt über dem Bett.,"das Poster, -",A2.pdf
A2,Postkarte,die,kartpostal,-n,Nomen,Schreibst du mir eine Postkarte aus Kanada?,"die Postkarte, -n",A2.pdf
A2,Postleitzahl,die,posta kodu,-en,Nomen,Wie ist Ihre Postleitzahl?,"die Postleitzahl, -en",A2.pdf
A2,Praktikum,das,staj,-a,Nomen,Ich mache ein Praktikum bei Siemens.,"das Praktikum, -a",A2.pdf
A2,praktisch,,"pratik, kullanışlı",,Sonstiges,Mit meinem neuen Handy kann ich auch im Internet surfen und Fotos machen. Das finde ich sehr praktisch.,praktisch,A2.pdf
A2,Praxis,die,muayenehane,-en,Nomen,Unsere Praxis ist ab acht Uhr geöffnet. Frau Doktor Weiß hat ab neun Uhr Sprechstunde.,"die Praxis, -en",A2.pdf
A2,Preis,der,fiyat,-e,Nomen,Die Preise sind hier viel höher als bei uns.,"der Preis, -e",A2.pdf
A2,preiswert,,"uygun fiyatlı, ucuz",,Sonstiges,Die Jacke ist sehr preiswert. Sie kostet nur 15 Euro.,preiswert,A2.pdf
A2,privat,,özel,,Sonstiges,"Das ist meine Nummer im Büro und das ist meine private Handynummer. Dieser Strand ist privat. Wir dürfen hier nicht schwimmen gehen. Hey, du darfst die Mail nicht lesen! Sie ist privat.",privat,A2.pdf
A2,pro,,"başına, her biri için",,Sonstiges,Das Zimmer kostet 100 Euro pro Nacht.,pro,A2.pdf
A2,probieren,,"denemek, tatmak","probiert, hat probiert",Verb,Möchten Sie den Käse probieren? Die Tür geht schwer auf. Probier mal!,"probieren, probiert, hat probiert",A2.pdf
A2,Problem,das,"sorun, problem",-e,Nomen,Ich habe ein Problem. Können Sie mir bitte helfen?,"das Problem, -e",A2.pdf
A2,Produkt,das,ürün,-e,Nomen,Unsere Produkte haben eine sehr hohe Qualität.,"das Produkt, -e",A2.pdf
A2,Programm,das,program,-e,Nomen,Dieses Programm im Radio interessiert mich nicht. Was kommt heute im Kino? Hast du das Programm hier?,"das Programm, -e",A2.pdf
A2,Projekt,das,proje,-e,Nomen,Wir machen ein Projekt über Sehenswürdigkeiten in unserer Stadt.,"das Projekt, -e",A2.pdf
A2,Prospekt,der,"broşür, katalog",-e,Nomen,Bitte schicken Sie mir einen Prospekt von Ihrem Hotel.,"der Prospekt, -e",A2.pdf
A2,prüfen,,"kontrol etmek, incelemek","prüft, hat geprüft",Verb,Bitte prüfen Sie die Rechnung sofort.,"prüfen, prüft, hat geprüft",A2.pdf
A2,Prüfung,die,sınav,-en,Nomen,Ich habe die Prüfung bestanden.,"die Prüfung, -en",A2.pdf
A2,Pullover,der,kazak,-,Nomen,Ich muss mir einen Pullover kaufen.,"der Pullover, -",A2.pdf
A2,pünktlich,,"dakik, tam zamanında",,Sonstiges,Der Bus fährt pünktlich um acht Uhr. Herr Müller ist immer pünktlich.,pünktlich,A2.pdf
A2,putzen,,temizlemek,"putzt, hat geputzt",Verb,Ich muss heute noch das Bad putzen.,"putzen, putzt, hat geputzt",A2.pdf
A2,Qualität,die,kalite,-en,Nomen,Dieser Fernseher hat eine gute Qualität. Ich finde die Qualität wichtiger als den Preis.,"die Qualität, -en",A2.pdf
A2,Quiz,das,bilgi yarışması,(Sg.),Nomen,Er schaut gern Quizsendungen an. Sie hat beim Quiz gewonnen.,das Quiz (Sg.),A2.pdf
A2,Radio,das,radyo,-s,Nomen,Ich höre im Auto gern Radio.,"das Radio, -s",A2.pdf
A2,raten,,tahmin etmek,"rät, hat geraten",Verb,"Ich weiß nicht, welches Handy ich kaufen soll. Was raten Sie mir? Rate mal, wen ich heute gesehen habe! Deinen Lehrer.","raten, rät, hat geraten",A2.pdf
A2,Rathaus,das,"belediye binası, belediye",¨-er,Nomen,Das Formular bekommen Sie im Rathaus. Sie müssen sich im Rathaus anmelden.,"das Rathaus, ¨-er",A2.pdf
A2,Rätsel,das,bilmece,-,Nomen,Das Rätsel ist schwierig! Ich weiß die Antwort nicht.,"das Rätsel, -",A2.pdf
A2,rauchen,,sigara içmek,"raucht, hat geraucht",Verb,"Stört es Sie, wenn ich rauche? Rauchen ist hier verboten!","rauchen, raucht, hat geraucht",A2.pdf
A2,Raum,der,"oda, mekân",¨-e,Nomen,Der Unterricht findet heute in Raum 332 statt.,"der Raum, ¨-e",A2.pdf
A2,rechnen,,hesaplamak,"rechnet, hat gerechnet",Verb,Sarah kann gut rechnen.,"rechnen, rechnet, hat gerechnet",A2.pdf
A2,Rechnung,die,"hesap, fatura",-en,Nomen,"Schicken Sie die Rechnung an mich. Bitte, die Rechnung!","die Rechnung, -en",A2.pdf
A2,recht haben,,haklı olmak,"hat recht, hatte recht, hat recht gehabt",Verb,Du hast (nicht) recht.,"recht haben, hat recht, hatte recht, hat recht gehabt",A2.pdf
A2,rechts,,"sağda, sağa",,Sonstiges,Der Bahnhof ist hier rechts.,rechts,A2.pdf
A2,reden,,konuşmak,"redet, hat geredet",Verb,Mit meiner Freundin kann ich über alles reden. Rede nicht so viel!,"reden, redet, hat geredet",A2.pdf
A2,Regen,der,yağmur,(Sg.),Nomen,Bei Regen gehe ich nicht aus dem Haus.,der Regen (Sg.),A2.pdf
A2,regnen,,yağmur yağmak,"regnet, hat geregnet",Verb,"Wenn es regnet, bleiben wir zu Hause.","regnen, regnet, hat geregnet",A2.pdf
A2,reich,,zengin,,Sonstiges,Lotte ist reich. Sie hat sehr viel Geld.,reich,A2.pdf
A2,Reifen,der,lastik,-,Nomen,Ich brauche neue Reifen für mein Auto.,"der Reifen, -",A2.pdf
A2,Reihe,die,sıra,-n,Nomen,Ich habe Karten für das Konzert. Wir sitzen in der dritten Reihe. Wer ist jetzt an der Reihe?,"die Reihe, -n",A2.pdf
A2,Reinigung,die,kuru temizleme; temizlik,-en,Nomen,Bringst du bitte die Bluse in die Reinigung? Man darf sie nicht in der Waschmaschine waschen.,"die Reinigung, -en",A2.pdf
A2,Reis,der,pirinç,(Sg.),Nomen,Ich esse gern Reis mit Gemüse und Fisch.,der Reis (Sg.),A2.pdf
A2,Reise,die,"yolculuk, seyahat",-n,Nomen,Wir machen eine Reise nach Österreich. Ich mache nächste Woche eine Geschäftsreise.,"die Reise, -n",A2.pdf
A2,Reisebüro,das,seyahat acentesi,-s,Nomen,Wir organisieren eine Rundreise durch Deutschland. Wir buchen die Reise im Reisebüro.,"das Reisebüro, -s",A2.pdf
A2,Reiseführer,der,"rehber, seyahat rehberi",-,Nomen,Ich kaufe mir einen Reiseführer von Berlin. Unser Reiseführer heißt Robert und ist sehr sympathisch.,"der Reiseführer, -",A2.pdf
A2,reisen,,seyahat etmek,"reist, ist gereist",Verb,Ich reise gern.,"reisen, reist, ist gereist",A2.pdf
A2,reiten,,at binmek,"reitet, ist geritten",Verb,Möchtest du reiten lernen?,"reiten, reitet, ist geritten",A2.pdf
A2,renovieren,,"yenilemek, tadilat yapmak","renoviert, hat renoviert",Verb,Wir renovieren das ganze Haus.,"renovieren, renoviert, hat renoviert",A2.pdf
A2,Rentner,der,emekli,"- / die Rentnerin, -nen",Nomen,Mein Onkel arbeitet nicht mehr. Er ist Rentner.,"der Rentner, - / die Rentnerin, -nen",A2.pdf
A2,Reparatur,die,"tamir, onarım",-en,Nomen,Die Reparatur ist sehr teuer.,"die Reparatur, -en",A2.pdf
A2,reparieren,,"tamir etmek, onarmak","repariert, hat repariert",Verb,Er muss den Motor reparieren.,"reparieren, repariert, hat repariert",A2.pdf
A2,reservieren,,"rezervasyon yapmak, ayırtmak","reserviert, reservierte, hat reserviert",Verb,Reservieren Sie bitte ein Doppelzimmer. Ich möchte gern einen Tisch für fünf Personen reservieren.,"reservieren, reserviert, reservierte, hat reserviert",A2.pdf
A2,Rest,der,"geri kalan, kalan kısım, artık",-e,Nomen,Hier sind 50 Euro. Den Rest gebe ich dir später. Es ist noch ein Rest Suppe da. Möchtest du noch?,"der Rest, -e",A2.pdf
A2,Restaurant,das,restoran,-s,Nomen,Wir essen heute in einem Restaurant.,"das Restaurant, -s",A2.pdf
A2,Rezept,das,tarif; reçete,-e,Nomen,Dieser Kuchen schmeckt super! Kannst du mir bitte das Rezept geben? Dieses Medikament gibt es nur auf Rezept.,"das Rezept, -e",A2.pdf
A2,Rezeption,die,resepsiyon,en,Nomen,Geben Sie bitte den Schlüssel an der Rezeption ab.,"die Rezeption, en",A2.pdf
A2,richtig,,doğru,,Sonstiges,Habe ich das richtig verstanden? Das ist richtig.,richtig,A2.pdf
A2,riechen,,"koklamak, kokmak","riecht, hat gerochen",Verb,Diese Blumen riechen gut. Hier riecht es nach Fisch.,"riechen, riecht, hat gerochen",A2.pdf
A2,Rind,das,"sığır, sığır eti",,Nomen,Ich esse nur Fleisch vom Rind.,das Rind,A2.pdf
A2,Ring,der,yüzük,-e,Nomen,Ich habe meinen Ring verloren.,"der Ring, -e",A2.pdf
A2,Rock,der,etek,¨-e,Nomen,Der Rock ist zu eng.,"der Rock, ¨-e",A2.pdf
A2,romantisch,,romantik,,Sonstiges,Dieser Film ist sehr romantisch. Meine Freundin ist total romantisch.,romantisch,A2.pdf
A2,Rose,die,gül,-n,Nomen,Er schenkt seiner Freundin rote Rosen zum Geburtstag.,"die Rose, -n",A2.pdf
A2,Rücken,der,sırt,-,Nomen,Mein Rücken tut mir weh.,"der Rücken, -",A2.pdf
A2,Rucksack,der,sırt çantası,¨-e,Nomen,Ich nehme lieber einen Rucksack als einen Koffer mit.,"der Rucksack, ¨-e",A2.pdf
A2,rufen,,"çağırmak, seslenmek","ruft, hat gerufen",Verb,Rufst du bitte die Kinder. Das Essen ist fertig. Wir müssen einen Arzt rufen.,"rufen, ruft, hat gerufen",A2.pdf
A2,Ruhe,die,"sessizlik, huzur, dinlenme",(Sg.),Nomen,"Ruhe, bitte! Hier in der Bibliothek darf man nicht laut sprechen. Meine Großmutter ist krank. Sie braucht viel Ruhe.",die Ruhe (Sg.),A2.pdf
A2,ruhig,,sakin,,Sonstiges,Ich möchte ein ruhiges Zimmer.,ruhig,A2.pdf
A2,rund,,yuvarlak; yaklaşık,,Sonstiges,Unser Wohnzimmertisch ist rund. Bis Berlin sind es noch rund 80 Kilometer.,rund,A2.pdf
A2,Rundgang,der,"tur, gezinti",¨-e,Nomen,Der Rundgang durch das Schloss beginnt in wenigen Minuten.,"der Rundgang, ¨-e",A2.pdf
A2,Sache,die,"şey, eşya",-n,Nomen,Ihr könnt eure Sachen im Hotel lassen. Nimm deine Sachen und komm! Das ist meine Sache.,"die Sache, -n",A2.pdf
A2,Saft,der,meyve suyu,¨-e,Nomen,Möchtest du einen Apfelsaft?,"der Saft, ¨-e",A2.pdf
A2,sagen,,"söylemek, demek","sagt, hat gesagt",Verb,"Entschuldigung, was haben Sie gesagt? Wie sagt man „sorry“ auf Deutsch? Sag mal, wie geht es dir denn?","sagen, sagt, hat gesagt",A2.pdf
A2,Salat,der,salata,-e,Nomen,Wie schmeckt dir der Salat? Möchten Sie zum Fisch einen Salat?,"der Salat, -e",A2.pdf
A2,Salz,das,tuz,-e,Nomen,"Entschuldigung, kann ich bitte Salz haben?","das Salz, -e",A2.pdf
A2,sammeln,,"toplamak, biriktirmek","sammelt, hat gesammelt",Verb,Peter sammelt Briefmarken. Im Herbst sammeln wir im Wald bunte Blätter.,"sammeln, sammelt, hat gesammelt",A2.pdf
A2,Satz,der,cümle,¨-e,Nomen,Den letzten Satz verstehe ich nicht.,"der Satz, ¨-e",A2.pdf
A2,sauber,,temiz,,Sonstiges,Bringen Sie mir bitte ein sauberes Glas!,sauber,A2.pdf
A2,sauer,,"ekşi; kızgın, sinirli",,Sonstiges,Zitronen sind mir zu sauer. Was ist los? – Ich bin sauer. Ich muss am Wochenende zu Hause bleiben und darf nicht mit meinen Freunden ins Kino gehen.,sauer,A2.pdf
A2,schade,,yazık,,Sonstiges,"Schade, dass du nicht kommen kannst.",schade,A2.pdf
A2,schädlich,,zararlı,,Sonstiges,Rauchen ist schädlich für die Gesundheit.,schädlich,A2.pdf
A2,schaffen,,"başarmak, becermek","schafft, hat geschafft",Verb,Kannst du mir bitte helfen? Ich schaffe das nicht alleine. Geschafft! Das Projekt ist endlich fertig.,"schaffen, schafft, hat geschafft",A2.pdf
A2,Schalter,der,gişe,-,Nomen,Gehen Sie bitte zum Schalter drei! Der Lichtschalter ist neben der Tür.,"der Schalter, -",A2.pdf
A2,scharf,,acı (baharatlı); keskin,,Sonstiges,Die Suppe ist mir zu scharf. Pass auf! Das Messer ist sehr scharf.,scharf,A2.pdf
A2,scheinen,,"parlamak, görünmek","scheint, hat geschienen",Verb,Die Sonne scheint.,"scheinen, scheint, hat geschienen",A2.pdf
A2,schenken,,hediye etmek,"schenkt, hat geschenkt",Verb,Was schenken wir Michael zum Geburtstag?,"schenken, schenkt, hat geschenkt",A2.pdf
A2,Schere,die,makas,-n,Nomen,Die Schere schneidet nicht gut. Hast du eine andere?,"die Schere, -n",A2.pdf
A2,schicken,,göndermek,"schickt, hat geschickt",Verb,Bitte schicken Sie mir eine E-Mail. Ich schicke dir den Brief nach Hause.,"schicken, schickt, hat geschickt",A2.pdf
A2,Schiff,das,gemi,-e,Nomen,Wir fahren mit dem Schiff von Basel nach Köln.,"das Schiff, -e",A2.pdf
A2,Schild,das,"tabela, levha",-er,Nomen,Haben Sie das Schild nicht gesehen?,"das Schild, -er",A2.pdf
A2,schimpfen,,"yakınmak, söylenmek; azarlamak","schimpft, hat geschimpft",Verb,Warum schimpfst du denn so laut? – Ich ärgere mich über mein Auto. Alle schimpfen über/auf das Wetter.,"schimpfen, schimpft, hat geschimpft",A2.pdf
A2,Schirm,der,şemsiye,,Nomen,"Nimm den Schirm mit, es regnet.",der Schirm,A2.pdf
A2,schlafen,,uyumak,"schläft, hat geschlafen",Verb,Ich schlafe meistens acht Stunden. Haben Sie gut geschlafen? Gute Nacht! Schlaf gut und träum süß!,"schlafen, schläft, hat geschlafen",A2.pdf
A2,Schlafzimmer,das,yatak odası,,Nomen,- Hier ist das Schlafzimmer.,"das Schlafzimmer,",A2.pdf
A2,schlecht,,"kötü, fena",,Sonstiges,Das Wetter ist schlecht. Wir haben schon seit einer Woche schlechtes Wetter. Mir ist schlecht! Mir geht es schlecht. Ich habe Fieber.,schlecht,A2.pdf
A2,schließen,,kapatmak,"schließt, hat geschlossen",Verb,"Bitte schließen Sie die Tür. Wir müssen uns beeilen, die Bank schließt um 18 Uhr.","schließen, schließt, hat geschlossen",A2.pdf
A2,schlimm,,"kötü, ciddi",,Sonstiges,"Kein Problem, das ist nicht so schlimm.",schlimm,A2.pdf
A2,Schloss,das,"şato, kale; kilit",¨-er,Nomen,Am Wochenende besichtigen wir Schloss Neuschwanstein. An unserer Tür ist das Schloss kaputt.,"das Schloss, ¨-er",A2.pdf
A2,Schluss,der,"son, bitiş",¨-e,Nomen,Zum Schluss nochmals herzlichen Dank. Ich muss jetzt Schluss machen. Bis bald!,"der Schluss, ¨-e",A2.pdf
A2,Schlüssel,der,anahtar,-,Nomen,Ich gebe Ihnen noch den Zimmerschlüssel. Ich finde meinen Schlüssel nicht.,"der Schlüssel, -",A2.pdf
A2,schmecken,,"tadı olmak, lezzetli olmak","schmeckt, hat geschmeckt",Verb,Schmeckt dir die Suppe? Hat es Ihnen geschmeckt? Schmeckt's?,"schmecken, schmeckt, hat geschmeckt",A2.pdf
A2,Schmerz,der,"ağrı, acı",-en,Nomen,Haben Sie Schmerzen? Ich habe Bauchschmerzen.,"der Schmerz, -en",A2.pdf
A2,schmutzig,,kirli,,Sonstiges,Das Handtuch ist schmutzig.,schmutzig,A2.pdf
A2,Schnee,der,kar,(Sg.),Nomen,In den Bergen liegt viel Schnee.,der Schnee (Sg.),A2.pdf
A2,schneiden (sich),,kesmek; kendini kesmek,"schneidet, hat geschnitten",Verb,Das Messer schneidet nicht gut. Wer schneidet dir die Haare? Aua! Ich habe mich geschnitten!,"schneiden (sich), schneidet, hat geschnitten",A2.pdf
A2,schneien,,kar yağmak,"schneit, hat geschneit",Verb,Morgen schneit es.,"schneien, schneit, hat geschneit",A2.pdf
A2,schnell,,"hızlı, çabuk",,Sonstiges,Warum fährst du so schnell?,schnell,A2.pdf
A2,Schokolade,die,çikolata,(Sg.),Nomen,Julia liebt Schokolade.,die Schokolade (Sg.),A2.pdf
A2,schon,,"zaten, bile",,Sonstiges,Ist das Essen schon fertig? Ich wohne schon seit fünf Jahren in Freiburg.,schon,A2.pdf
A2,schön,,güzel,,Sonstiges,"Schöne Ferien! Das Bild ist sehr schön. Schön, dass du kommst.",schön,A2.pdf
A2,Schrank,der,dolap,¨-e,Nomen,Die Gläser stehen im Schrank. Legst du bitte die Handtücher in den Schrank?,"der Schrank, ¨-e",A2.pdf
A2,schrecklich,,"korkunç, berbat",,Sonstiges,Ich finde ihren Rock schrecklich. Er sieht furchtbar aus! Ich finde den Film schrecklich. Er macht mir Angst.,schrecklich,A2.pdf
A2,schreiben,,yazmak,"schreibt, hat geschrieben",Verb,Ich schreibe dir eine E-Mail.,"schreiben, schreibt, hat geschrieben",A2.pdf
A2,schriftlich,,yazılı,,Sonstiges,Sie müssen sich schriftlich anmelden. Die schriftliche Prüfung dauert 70 Minuten.,schriftlich,A2.pdf
A2,Schuh,der,ayakkabı,-e,Nomen,Zieh die Schuhe aus! Die neuen Schuhe sind mir zu eng. Sie drücken.,"der Schuh, -e",A2.pdf
A2,Schule,die,okul,-n,Nomen,Meine Tochter geht schon in die Schule. Die Schule ist gleich hier um die Ecke.,"die Schule, -n",A2.pdf
A2,Schüler,der,öğrenci,"- / die Schülerin, -nen",Nomen,In meinem Kurs sind acht Schülerinnen und fünf Schüler.,"der Schüler, - / die Schülerin, -nen",A2.pdf
A2,schwach,,"zayıf, güçsüz",,Sonstiges,Er ist krank und schwach. Ich fühle mich sehr schwach. Die Tabletten sind zu schwach. Sie helfen nicht.,schwach,A2.pdf
A2,schwanger,,hamile,,Sonstiges,Lena ist schwanger. Sie bekommt im Juli ein Kind.,schwanger,A2.pdf
A2,Schwein,das,domuz,-e,Nomen,Ich esse kein Schweinefleisch.,"das Schwein, -e",A2.pdf
A2,schwer,,"zor, ağır",,Sonstiges,Wie schwer ist das Paket? Das ist eine schwere Arbeit.,schwer,A2.pdf
A2,schwierig,,zor,,Sonstiges,Die Prüfung war nicht schwierig.,schwierig,A2.pdf
A2,Schwimmbad,das,yüzme havuzu,¨-er,Nomen,Kommst du mit ins Schwimmbad?,"das Schwimmbad, ¨-er",A2.pdf
A2,schwimmen,,yüzmek,"schwimmt, ist geschwommen",Verb,Ich schwimme täglich einen Kilometer.,"schwimmen, schwimmt, ist geschwommen",A2.pdf
A2,See,der,göl,-n,Nomen,"Morgen fahren wir mal an einen See schwimmen. Komm, wir fahren an den Bodensee.","der See, -n",A2.pdf
A2,See,die,deniz,(Sg),Nomen,Die See ist heute ruhig. Wir machen Urlaub an der Nordsee.,die See (Sg),A2.pdf
A2,sehen,,görmek,"sieht, hat gesehen",Verb,Ich kann dich nicht sehen. Möchtest du einen Film sehen? Ich habe Lisa lange nicht gesehen. Ist sie im Urlaub? Darf ich mal Ihren Ausweis sehen?,"sehen, sieht, hat gesehen",A2.pdf
A2,Sehenswürdigkeit,die,"görülmeye değer yer, turistik yer",-en,Nomen,Welche Sehenswürdigkeiten gibt es in Frankfurt?,"die Sehenswürdigkeit, -en",A2.pdf
A2,sehr,,çok,,Sonstiges,Danke sehr! Das Wetter ist heute sehr schön.,sehr,A2.pdf
A2,Seife,die,sabun,-n,Nomen,Hier gibt es keine Seife.,"die Seife, -n",A2.pdf
A2,sein,,olmak,"ist, war, ist gewesen",Verb,Das sind meine Kollegen. Ich bin Mechaniker. Die Cola ist kalt. Mir ist kalt. Ich bin dreiundzwanzig. Um halb elf ist Pause. Frau Berger ist im Urlaub.,"sein, ist, war, ist gewesen",A2.pdf
A2,an,,"-de, -da; -e, -a",sein / aus sein,Sonstiges,Das Licht ist noch an/schon aus.,an sein / aus sein,A2.pdf
A2,auf sein,,açık olmak,,Sonstiges,Das Fenster ist noch auf.,auf sein,A2.pdf
A2,weg sein,,gitmiş olmak,,Sonstiges,Herr Meier ist schon weg.,weg sein,A2.pdf
A2,zu sein,,kapalı olmak,,Sonstiges,Die Tür ist zu.,zu sein,A2.pdf
A2,seit,,-den beri,,Sonstiges,Ich wohne seit drei Jahren in Köln.,seit,A2.pdf
A2,Seite,die,sayfa,-n,Nomen,Öffnen Sie das Kursbuch auf Seite 20. Das ist die Bachstraße. Mein Haus ist auf der linken Seite.,"die Seite, -n",A2.pdf
A2,selbst,,"kendisi, kendi",,Sonstiges,"Du musst mir nicht helfen, ich mache das selbst.",selbst,A2.pdf
A2,Sendung,die,"yayın, program",-en,Nomen,Welche Sendungen schaust du gern an? – Ich mag Sportsendungen. Diese Sendung ist nicht für Jugendliche unter 18 Jahren.,"die Sendung, -en",A2.pdf
A2,Service,der,"hizmet, servis",(Sg.),Nomen,Ich bin mit dem Service in der Werkstatt sehr zufrieden. Rufst du beim Pizza-Service an?,der Service (Sg.),A2.pdf
A2,setzen (sich),,"oturmak, kendini oturtmak","setzt, hat gesetzt",Verb,Setz dich doch!,"setzen (sich), setzt, hat gesetzt",A2.pdf
A2,sicher,,"emin, kesin, güvenli",,Sonstiges,"Dieses Auto ist besonders sicher. Ich bin ganz sicher, dass er kommt. Er ist sicher gleich da.",sicher,A2.pdf
A2,singen,,şarkı söylemek,"singt, hat gesungen",Verb,Er singt gern.,"singen, singt, hat gesungen",A2.pdf
A2,Situation,die,durum,-en,Nomen,"Ich bin in einer schwierigen Situation. Ich weiß nicht, was ich tun soll. Lesen Sie die Anzeigen und die Aufgaben 11-15. Welche Anzeige passt zu welcher Situation?","die Situation, -en",A2.pdf
A2,sitzen,,oturmak,"sitzt, hat/ist gesessen",Verb,Wo möchten Sie sitzen? – Bitte ganz hinten.,"sitzen, sitzt, hat/ist gesessen",A2.pdf
A2,Ski,der,kayak,"-, -er",Nomen,Gehen wir am Wochenende Ski fahren? Er kauft sich neue Ski.,"der Ski, -, -er",A2.pdf
A2,so,,"böyle, bu kadar, o kadar",,Sonstiges,"Sie müssen das so machen! Fahren Sie bitte nicht so schnell! Meine Frau ist so groß wie ich. So, das war‘s/wär‘s!",so,A2.pdf
A2,Sofa,das,kanepe,-s,Nomen,Das Sofa ist bequem.,"das Sofa, -s",A2.pdf
A2,sofort,,"hemen, derhal",,Sonstiges,Bitte antworten Sie sofort. Sie können sich ab sofort für den Kurs anmelden.,sofort,A2.pdf
A2,sogar,,hatta,,Sonstiges,Heute ist es sehr kalt. In den Bergen schneit es sogar. Zu meiner Hochzeit kommen viele Gäste. Sogar meine Tante aus Kanada kommt.,sogar,A2.pdf
A2,sollen,,"gerekmek, -meli","soll, sollte",Verb,"Wann soll ich kommen und was soll ich mitbringen? Und, was hat der Arzt gesagt? – Ich soll drei Tage im Bett bleiben und viel Tee trinken.","sollen, soll, sollte",A2.pdf
A2,Sonne,die,güneş,-n,Nomen,Die Sonne scheint.,"die Sonne, -n",A2.pdf
A2,sonnig,,güneşli,,Sonstiges,Morgen ist das Wetter wieder warm und sonnig.,sonnig,A2.pdf
A2,sonst,,"yoksa, aksi takdirde",,Sonstiges,"Haben Sie sonst noch einen Wunsch? – Nein danke, das ist alles. Beeil dich, sonst kommen wir zu spät!",sonst,A2.pdf
A2,spannend,,"heyecanlı, gerilimli",,Sonstiges,Ich finde den Film sehr spannend.,spannend,A2.pdf
A2,sparen,,"tasarruf etmek, biriktirmek","spart, hat gespart",Verb,Ein neues Auto ist sehr teuer. Ich muss sparen.,"sparen, spart, hat gespart",A2.pdf
A2,Spaß,der,"eğlence, zevk",(Sg.),Nomen,Meine Arbeit macht mir Spaß. Ich will nicht aufräumen. Das macht mir keinen Spaß. Viel Spaß!,der Spaß (Sg.),A2.pdf
A2,spät,,geç,,Sonstiges,"Es ist schon spät, ich muss gehen.",spät,A2.pdf
A2,später,,daha sonra,,Sonstiges,Das können wir später machen.,später,A2.pdf
A2,spazieren gehen,,yürüyüşe çıkmak,"geht spazieren, ist spazieren gegangen",Verb,Wir gehen sonntags immer spazieren.,"spazieren gehen, geht spazieren, ist spazieren gegangen",A2.pdf
A2,Spaziergang,der,yürüyüş,¨-e,Nomen,Abends mache ich immer einen Spaziergang.,"der Spaziergang, ¨-e",A2.pdf
A2,speichern,,kaydetmek,"speichert, hat gespeichert",Verb,Sie müssen die Datei speichern.,"speichern, speichert, hat gespeichert",A2.pdf
A2,Speisekarte,die,"yemek listesi, menü",-n,Nomen,"Entschuldigung, bringen Sie uns bitte die Speisekarte.","die Speisekarte, -n",A2.pdf
A2,Spiel,das,oyun,-e,Nomen,Welche Kartenspiele kennen Sie? Monopoly ist ein sehr bekanntes Spiel.,"das Spiel, -e",A2.pdf
A2,spielen,,oynamak,"spielt, hat gespielt",Verb,Die Kinder spielen draußen. Spielen Sie Karten? Jakob spielt Klavier.,"spielen, spielt, hat gespielt",A2.pdf
A2,Sport,der,spor,(Sg.),Nomen,Ich mache viel Sport.,der Sport (Sg.),A2.pdf
A2,sportlich,,sportif,,Sonstiges,Tom ist sehr sportlich.,sportlich,A2.pdf
A2,Sportplatz,der,spor sahası,¨-e,Nomen,Das Fußballtraining ist um 17 Uhr auf dem Sportplatz.,"der Sportplatz, ¨-e",A2.pdf
A2,Sprache,die,dil,-n,Nomen,Welche Sprachen sprichst du? – Ich spreche Englisch und Spanisch.,"die Sprache, -n",A2.pdf
A2,sprechen,,konuşmak,"spricht, hat gesprochen",Verb,Kann ich (mit) Herrn Klein sprechen?,"sprechen, spricht, hat gesprochen",A2.pdf
A2,Sprechstunde,die,"muayene saati, görüşme saati",-n,Nomen,Frau Doktor Weiß hat von 9:00 bis 12:30 Uhr Sprechstunde.,"die Sprechstunde, -n",A2.pdf
A2,Stadt,die,"şehir, kent",¨-e,Nomen,Heidelberg ist eine alte Stadt.,"die Stadt, ¨-e",A2.pdf
A2,Stadtplan,der,"şehir planı, şehir haritası",¨-e,Nomen,Haben Sie einen Stadtplan von Salzburg?,"der Stadtplan, ¨-e",A2.pdf
A2,Star,der,"yıldız, ünlü",-s,Nomen,Diese Sängerin ist ein Star in Deutschland.,"der Star, -s",A2.pdf
A2,stark,,"güçlü, kuvvetli, şiddetli",,Sonstiges,Ich habe starke Kopfschmerzen. Es regnet stark. Der Kaffee ist sehr stark.,stark,A2.pdf
A2,stattfinden,,"gerçekleşmek, yapılmak","findet statt, hat stattgefunden",Verb,Das Spiel findet auch bei Regen statt.,"stattfinden, findet statt, hat stattgefunden",A2.pdf
A2,stehen,,"durmak, yazılı olmak","steht, hat/ist gestanden",Verb,Der Bus steht schon an der Haltestelle. Ich bin Verkäuferin. In meinem Beruf muss ich viel stehen. Was steht heute in der Zeitung?,"stehen, steht, hat/ist gestanden",A2.pdf
A2,Stelle,die,"iş, mevki",-n,Nomen,Ich habe eine neue Stelle. Ich arbeite jetzt bei Mercedes. Wir treffen uns hier an dieser Stelle.,"die Stelle, -n",A2.pdf
A2,stellen,,"koymak, yerleştirmek","stellt, hat gestellt",Verb,Stell die Milch bitte in den Kühlschrank!,"stellen, stellt, hat gestellt",A2.pdf
A2,sterben,,ölmek,"stirbt, ist gestorben",Verb,Herr Müller kommt heute nicht. Sein Vater ist gestern gestorben.,"sterben, stirbt, ist gestorben",A2.pdf
A2,Stiefel,der,çizme,-,Nomen,Wie viel kosten die roten Stiefel?,"der Stiefel, -",A2.pdf
A2,Stift,der,kalem,-e,Nomen,Kannst du mir bitte einen Stift geben? - Was brauchst du? Einen Farbstift oder einen Bleistift oder einen Kugelschreiber?,"der Stift, -e",A2.pdf
A2,Stipendium,das,burs,-en,Nomen,"Wenn ich ein gutes Zeugnis habe, bekomme ich ein Stipendium.","das Stipendium, -en",A2.pdf
A2,Stock,der,kat,¨-e,Nomen,Unsere Wohnung liegt im ersten Stock.,"der Stock, ¨-e;",A2.pdf
A2,Stockwerk,das,kat,-e,Nomen,Das Gebäude hat zwanzig Stockwerke.,"das Stockwerk, -e",A2.pdf
A2,stören,,rahatsız etmek,"stört, hat gestört",Verb,Störe ich? Darf ich Sie kurz stören? Mach die Musik leiser! Sie stört mich.,"stören, stört, hat gestört",A2.pdf
A2,Strand,der,"plaj, kumsal",¨-e,Nomen,Im Urlaub bin ich am liebsten am Strand.,"der Strand, ¨-e",A2.pdf
A2,Straße,die,"sokak, cadde",-n,Nomen,In welcher Straße wohnen Sie?,"die Straße, -n",A2.pdf
A2,Straßenbahn,die,tramvay,-en,Nomen,Fahren wir mit der Straßenbahn oder mit der U-Bahn?,"die Straßenbahn, -en",A2.pdf
A2,streiten (sich),,"tartışmak, kavga etmek","streitet, hat gestritten",Verb,Die Kinder streiten (sich) oft.,"streiten (sich), streitet, hat gestritten",A2.pdf
A2,streng,,"sert, katı",,Sonstiges,Der Lehrer von meiner Tochter ist sehr streng.,streng,A2.pdf
A2,Stress,der,stres,(Sg.),Nomen,Ich habe bei der Arbeit viel Stress.,der Stress (Sg.),A2.pdf
A2,stressig,,"stresli, yorucu",,Sonstiges,Meine Arbeit ist stressig.,stressig,A2.pdf
A2,Stück,das,parça,-e,Nomen,Möchten Sie noch ein Stück Kuchen? Im Theater spielen sie heute das Stück „Romeo und Julia“.,"das Stück, -e",A2.pdf
A2,Student,der,üniversite öğrencisi,"-en, die Studentin, -nen",Nomen,Ich bin Studentin.,"der Student, -en, die Studentin, -nen",A2.pdf
A2,studieren,,"üniversitede okumak, öğrenim görmek","studiert, hat studiert",Verb,Ich studiere in Mainz.,"studieren, studiert, hat studiert",A2.pdf
A2,Studium,das,"üniversite eğitimi, öğrenim",(Sg.),Nomen,Das Studium dauert drei Jahre.,das Studium (Sg.),A2.pdf
A2,Stuhl,der,sandalye,¨-e,Nomen,Ist der Stuhl frei?,"der Stuhl, ¨-e",A2.pdf
A2,suchen,,aramak,"sucht, hat gesucht",Verb,Suchst du etwas? Ich suche meine Brille. Wir suchen eine größere Wohnung.,"suchen, sucht, hat gesucht",A2.pdf
A2,super,,"harika, süper",,Sonstiges,Der Film ist super. Er kann super tanzen.,super,A2.pdf
A2,Supermarkt,der,süpermarket,¨-e,Nomen,Ich kaufe oft im Supermarkt ein.,"der Supermarkt, ¨-e",A2.pdf
A2,Suppe,die,çorba,-n,Nomen,Schmeckt dir die Suppe?,"die Suppe, -n",A2.pdf
A2,surfen,,"sörf yapmak, internette gezinmek","surft, hat/ist gesurft",Verb,Ich möchte gern surfen lernen. Surfst du oft im Internet?,"surfen, surft, hat/ist gesurft",A2.pdf
A2,süß,,tatlı,,Sonstiges,Ich finde die Torte zu süß. Ist das deine Tochter? Die ist ja süß!,süß,A2.pdf
A2,Süßigkeiten,die,"tatlılar, şekerlemeler",(Pl.),Nomen,Welche Süßigkeiten isst du am liebsten? - Schokolade und Eis.,die Süßigkeiten (Pl.),A2.pdf
A2,sympathisch,,"sempatik, sevimli",,Sonstiges,Der neue Chef ist sehr sympathisch.,sympathisch,A2.pdf
A2,Tablet,das,tablet,-s,Nomen,"Hast du ein Tablet? - Nein, ich habe einen Laptop und ein Handy.","das Tablet, -s",A2.pdf
A2,Tablette,die,hap,-n,Nomen,Du sollst am Abend zwei Tabletten nehmen.,"die Tablette, -n",A2.pdf
A2,Tafel,die,"tahta, levha",-n (z. B. Infotafel),Nomen,Der Lehrer schreibt das neue Wort an die Tafel. Am Eingang gibt es Tafeln mit Informationen. Die Infotafel ist am Eingang.,"die Tafel, -n (z. B. Infotafel)",A2.pdf
A2,tanzen,,dans etmek,"tanzt, hat getanzt",Verb,Tanzen Sie gern?,"tanzen, tanzt, hat getanzt",A2.pdf
A2,Tasche,die,çanta,-n,Nomen,Ich habe die Schlüssel in der Tasche. Ich habe nicht viel Gepäck. Nur eine Tasche.,"die Tasche, -n",A2.pdf
A2,Taschengeld,das,harçlık,(Sg.),Nomen,Wie viel Taschengeld bekommen deine Kinder?,das Taschengeld (Sg.),A2.pdf
A2,Tasse,die,fincan,-n,Nomen,Möchten Sie eine Tasse Kaffee?,"die Tasse, -n",A2.pdf
A2,(aus)tauschen,,"değiştirmek, değiş tokuş etmek","tauscht (aus), hat (aus)getauscht",Verb,Können wir bitte die Plätze tauschen? Können wir unsere Adressen austauschen?,"(aus)tauschen, tauscht (aus), hat (aus)getauscht",A2.pdf
A2,Taxi,das,taksi,-s,Nomen,Bitte rufen Sie mir ein Taxi.,"das Taxi, -s",A2.pdf
A2,Team,das,"takım, ekip",-s,Nomen,Ich arbeite gern in einem Team. Welches Fußballteam findest du am besten?,"das Team, -s",A2.pdf
A2,Tee,der,çay,-s,Nomen,Ich trinke morgens immer Tee.,"der Tee, -s",A2.pdf
A2,teilen,,"paylaşmak, bölmek",teilt hat geteilt,Sonstiges,Wollen wir die Pizza teilen? Mein Mann und ich teilen uns die Arbeit.,"teilen, teilt, hat geteilt",A2.pdf
A2,teilnehmen,,katılmak,"nimmt teil, hat teilgenommen",Verb,Ich möchte an dem Tanzkurs teilnehmen.,"teilnehmen, nimmt teil, hat teilgenommen",A2.pdf
A2,Telefon,das,telefon,-e,Nomen,Darf ich bitte Ihr Telefon benutzen?,"das Telefon, -e",A2.pdf
A2,telefonieren,,telefonla konuşmak,"telefoniert, hat telefoniert",Verb,Ich muss kurz telefonieren.,"telefonieren, telefoniert, hat telefoniert",A2.pdf
A2,Teller,der,tabak,-,Nomen,Stell die Teller bitte auf den Tisch! Möchtest du noch einen Teller Suppe?,"der Teller, -",A2.pdf
A2,Tennis,das,tenis,(Sg.),Nomen,Steffi spielt sehr gut Tennis.,das Tennis (Sg.),A2.pdf
A2,Termin,der,randevu,-e,Nomen,Am besten machen wir sofort einen Termin. Ich habe heute einen Termin bei meiner Zahnärztin.,"der Termin, -e",A2.pdf
A2,teuer,,pahalı,,Sonstiges,Das ist mir zu teuer.,teuer,A2.pdf
A2,Text,der,metin,-e,Nomen,Lesen Sie bitte den Text.,"der Text, -e",A2.pdf
A2,Theater,das,tiyatro,-,Nomen,Ich gehe nicht gern ins Theater.,"das Theater, -",A2.pdf
A2,Thema,das,konu,-en,Nomen,Heute heißt unser Thema: „Essen und Trinken“.,"das Thema, -en",A2.pdf
A2,Ticket,das,bilet,-s,Nomen,Wie viel kostet das Ticket?,"das Ticket, -s",A2.pdf
A2,tief,,derin,,Sonstiges,"Vorsicht, das Wasser ist tief!",tief,A2.pdf
A2,Tier,das,hayvan,-e,Nomen,Wir dürfen keine Tiere in der Wohnung haben. Meine Lieblingstiere sind Katzen.,"das Tier, -e",A2.pdf
A2,Tipp,der,"tavsiye, ipucu",-s,Nomen,Kannst du mir einen guten Tipp geben?,"der Tipp, -s",A2.pdf
A2,Tisch,der,masa,-e,Nomen,Das Essen steht schon auf dem Tisch.,"der Tisch, -e",A2.pdf
A2,Titel,der,"başlık, unvan",-,Nomen,Wie heißt der Film? - Ich weiß den Titel nicht mehr.,"der Titel, -",A2.pdf
A2,Toilette,die,tuvalet,-n,Nomen,"Wo ist die Toilette, bitte?","die Toilette, -n",A2.pdf
A2,toll,,"harika, muhteşem",,Sonstiges,Der Urlaub war toll.,toll,A2.pdf
A2,Tomate,die,domates,-n,Nomen,Die Tomate ist noch grün.,"die Tomate, -n",A2.pdf
A2,Topf,der,tencere,¨-e,Nomen,Hast du keinen größeren Topf? Ich möchte Kartoffeln kochen.,"der Topf, ¨-e",A2.pdf
A2,Torte,die,"pasta, turta",-n,Nomen,Zum Geburtstag backe ich dir eine Torte.,"die Torte, -n",A2.pdf
A2,tot,,ölü,,Sonstiges,Meine Großeltern sind schon lange tot.,tot,A2.pdf
A2,total,,"tamamen, son derece",,Sonstiges,Der Film ist total langweilig.,total,A2.pdf
A2,Tour,die,"tur, gezi",-en,Nomen,Wo kann ich eine Stadttour buchen? Wir gehen am Wochenende wandern. Ich kenne eine schöne Tour in den Bergen.,"die Tour, -en",A2.pdf
A2,Tourist,der,turist,"-en, die Touristin, -nen",Nomen,Im Sommer kommen viele Touristen in diese Stadt.,"der Tourist, -en, die Touristin, -nen",A2.pdf
A2,tragen,,"taşımak, giymek","trägt, hat getragen",Verb,"Ich kann den Koffer nicht tragen, er ist zu schwer. Er trägt heute einen blauen Anzug.","tragen, trägt, hat getragen",A2.pdf
A2,trainieren,,"antrenman yapmak, çalışmak","trainiert, hat trainiert",Verb,Wir trainieren einmal pro Woche im Sportverein.,"trainieren, trainiert, hat trainiert",A2.pdf
A2,Training,das,antrenman,-s,Nomen,Das Training ist immer dienstags. Ich gehe jede Woche zum Training.,"das Training, -s",A2.pdf
A2,Traum,der,"hayal, rüya",¨-e,Nomen,"Ich möchte eine eigene Firma, das ist mein Traum.","der Traum, ¨-e",A2.pdf
A2,träumen,,"hayal kurmak, rüya görmek","träumt, hat geträumt",Verb,Ich habe schlecht geträumt. Ich träume von einem großen Haus mit Garten.,"träumen, träumt, hat geträumt",A2.pdf
A2,traurig,,üzgün,,Sonstiges,Ich bin sehr traurig. Meine Katze ist weggelaufen.,traurig,A2.pdf
A2,treffen,,"buluşmak, karşılaşmak",(sich),Sonstiges,Ich treffe in der Stadt einen Kollegen.,"treffen (sich),",A2.pdf
A2,trifft,,"buluşmak, karşılaşmak",hat getroffen,Verb,Wir treffen uns immer freitags.,"trifft, hat getroffen",A2.pdf
A2,Treppe,die,merdiven,-n,Nomen,"Ich nehme die Treppe, nicht den Aufzug. Wo ist die Toilette? - Die Treppe hoch und dann links.","die Treppe, -n",A2.pdf
A2,trinken,,içmek,"trinkt, hat getrunken",Verb,Möchtest du etwas trinken?,"trinken, trinkt, hat getrunken",A2.pdf
A2,trocken,,kuru,,Sonstiges,Die Wäsche ist bald trocken.,trocken,A2.pdf
A2,tschüs,,"hoşça kal, güle güle",,Sonstiges,"Tschüs, bis morgen!",tschüs,A2.pdf
A2,T-Shirt,das,tişört,-s,Nomen,Haben Sie dieses T-Shirt auch in M?,"das T-Shirt, -s",A2.pdf
A2,tun,,yapmak,"tut, hat getan",Verb,"Mein Rücken tut weh. Es tut mir leid, ich kann leider nicht kommen. Was kann ich für Sie tun?","tun, tut, hat getan",A2.pdf
A2,Tür,die,kapı,-en,Nomen,Mach bitte die Tür zu!,"die Tür, -en",A2.pdf
A2,typisch,,tipik,,Sonstiges,"Diese Musik ist typisch für dieses Land. Typisch Anna, sie kommt natürlich wieder zu spät.",typisch,A2.pdf
A2,üben,,"alıştırma yapmak, çalışmak","übt, hat geübt",Verb,Ich lerne gerade Gitarre spielen. Ich übe jeden Tag zwei Stunden.,"üben, übt, hat geübt",A2.pdf
A2,über,,"üzerinden, karşıdan karşıya",,Sonstiges,Gehen Sie lieber hier über die Straße. Über uns wohnt Familie Schneider. Sind Sie über 18?,über,A2.pdf
A2,überall,,her yerde,,Sonstiges,"Ich habe überall gesucht, aber ich kann meine Brille nicht finden.",überall,A2.pdf
A2,übermorgen,,"öbür gün, yarından sonraki gün",,Sonstiges,Morgen habe ich frei. Ich komme übermorgen wieder ins Büro.,übermorgen,A2.pdf
A2,übernachten,,"gecelemek, konaklamak","übernachtet, hat übernachtet",Verb,Du kannst bei mir übernachten.,"übernachten, übernachtet, hat übernachtet",A2.pdf
A2,übersetzen,,"tercüme etmek, çevirmek","übersetzt, hat übersetzt",Verb,Können Sie mir den Brief bitte übersetzen?,"übersetzen, übersetzt, hat übersetzt",A2.pdf
A2,Übersetzung,die,"tercüme, çeviri",-en,Nomen,Ich brauche eine Übersetzung von meinem Zeugnis.,"die Übersetzung, -en",A2.pdf
A2,überweisen,,havale etmek,"überweist, hat überwiesen",Verb,Sie können das Geld auch überweisen. Ich überweise dir das Geld.,"überweisen, überweist, hat überwiesen",A2.pdf
A2,Uhr,die,saat,-en,Nomen,Es ist vier Uhr. Geht deine Uhr richtig?,"die Uhr, -en",A2.pdf
A2,um,,"saat ...'de, etrafında, çevresinde",,Sonstiges,Er kommt um sieben Uhr. Die Apotheke ist gleich um die Ecke.,um,A2.pdf
A2,umsteigen,,aktarma yapmak,"steigt um, ist umgestiegen",Verb,Sie müssen in Mannheim umsteigen.,"umsteigen, steigt um, ist umgestiegen",A2.pdf
A2,umziehen,,taşınmak,"zieht um, ist umgezogen",Verb,Nächsten Monat ziehen wir um.,"umziehen, zieht um, ist umgezogen",A2.pdf
A2,sich umziehen,,"üstünü değiştirmek, kıyafet değiştirmek","zieht sich um, zog sich um, hat sich umgezogen",Verb,"Warte bitte, ich muss mich noch umziehen.","sich umziehen, zieht sich um, zog sich um, hat sich umgezogen",A2.pdf
A2,Umzug,der,taşınma,¨-e,Nomen,Der Umzug ist nächste Woche.,"der Umzug, ¨-e",A2.pdf
A2,unbedingt,,"mutlaka, kesinlikle",,Sonstiges,Ich muss unbedingt mit dir sprechen.,unbedingt,A2.pdf
A2,und,,ve,,Sonstiges,Ich habe heute und morgen frei. Ich kaufe ein und mein Mann kocht.,und,A2.pdf
A2,Unfall,der,kaza,¨-e,Nomen,Ich hatte gestern einen Unfall. Wie ist der Unfall passiert?,"der Unfall, ¨-e",A2.pdf
A2,Universität,die,üniversite,-en,Nomen,Er studiert an der Universität Freiburg.,"die Universität, -en",A2.pdf
A2,unten,,aşağıda,,Sonstiges,Er wohnt ganz unten im Haus.,unten,A2.pdf
A2,unter,,altında,,Sonstiges,Unter uns wohnt eine Familie mit drei Kindern.,unter,A2.pdf
A2,unterhalten (sich),,"sohbet etmek, konuşmak","unterhält, hat unterhalten",Verb,Andreas und Nessrin unterhalten sich. Wir haben uns über das Fußballspiel unterhalten.,"unterhalten (sich), unterhält, hat unterhalten",A2.pdf
A2,Unterkunft,die,"konaklama yeri, kalacak yer",¨-e,Nomen,Ich suche noch eine Unterkunft in Basel. Kennst du ein günstiges Hotel?,"die Unterkunft, ¨-e",A2.pdf
A2,unternehmen,,"bir şey yapmak, girişimde bulunmak","unternimmt, hat unternommen",Verb,Wollen wir heute Abend etwas unternehmen?,"unternehmen, unternimmt, hat unternommen",A2.pdf
A2,Unterricht,der,ders,(Sg.),Nomen,Der Unterricht dauert bis 19 Uhr.,der Unterricht (Sg.),A2.pdf
A2,Unterschied,der,fark,-e,Nomen,Was ist der Unterschied zwischen den beiden Kursen? - Die Kurse sind gleich. Es gibt keinen Unterschied.,"der Unterschied, -e",A2.pdf
A2,unterschreiben,,imzalamak,"unterschreibt, hat unterschrieben",Verb,Wo muss ich unterschreiben?,"unterschreiben, unterschreibt, hat unterschrieben",A2.pdf
A2,Unterschrift,die,imza,-en,Nomen,Hier fehlt noch Ihre Unterschrift.,"die Unterschrift,-en",A2.pdf
A2,untersuchen,,"muayene etmek, incelemek","untersucht, hat untersucht",Verb,Der Arzt hat mich untersucht. Der Arzt muss dein Bein untersuchen.,"untersuchen, untersucht, hat untersucht",A2.pdf
A2,unterwegs sein,,yolda olmak,"ist unterwegs, war unterwegs, ist unterwegs gewesen",Verb,Warte bitte auf mich. Ich bin unterwegs und komme gleich.,"unterwegs sein, ist unterwegs, war unterwegs, ist unterwegs gewesen",A2.pdf
A2,Urlaub,der,"tatil, izin",-e,Nomen,Ich nehme im September Urlaub.,"der Urlaub, -e",A2.pdf
A2,verabredet sein,,"sözleşmiş olmak, buluşacak olmak","ist verabredet, war verabredet, ist verabredet gewesen",Verb,Ich bin mit meiner Freundin verabredet.,"verabredet sein, ist verabredet, war verabredet, ist verabredet gewesen",A2.pdf
A2,Veranstaltung,die,etkinlik,-en,Nomen,Am Samstag ist unser Restaurant geschlossen. Wir haben eine Veranstaltung.,"die Veranstaltung, -en",A2.pdf
A2,verbieten / verboten sein,,"yasaklamak, yasak olmak",,Sonstiges,Hier ist Rauchen verboten.,verbieten / verboten sein,A2.pdf
A2,verdienen,,kazanmak,"verdient, hat verdient",Verb,Ich verdiene 1.500 Euro im Monat.,"verdienen, verdient, hat verdient",A2.pdf
A2,Verein,der,"dernek, kulüp",-e,Nomen,Er ist seit vielen Jahren im Verein. Es gibt einen neuen Sportverein in der Stadt.,"der Verein, -e",A2.pdf
A2,vereinbaren,,"kararlaştırmak, anlaşmak","vereinbart, hat vereinbart",Verb,Können wir einen Termin vereinbaren?,"vereinbaren, vereinbart, hat vereinbart",A2.pdf
A2,vergessen,,unutmak,"vergisst, hat vergessen",Verb,Ich habe meine Hausaufgaben vergessen. Vergiss deinen Arzttermin nicht!,"vergessen, vergisst, hat vergessen",A2.pdf
A2,vergleichen,,karşılaştırmak,"vergleicht, hat verglichen",Verb,Vergleichen Sie die Angebote! Können wir die Antworten vergleichen?,"vergleichen, vergleicht, hat verglichen",A2.pdf
A2,verkaufen,,satmak,"verkauft, hat verkauft",Verb,Er verkauft sein altes Auto.,"verkaufen, verkauft, hat verkauft",A2.pdf
A2,Verkehr,der,trafik,(Sg.),Nomen,Morgens gibt es hier immer viel Verkehr.,der Verkehr (Sg.),A2.pdf
A2,Verkehrsmittel,das,ulaşım aracı,-,Nomen,Welche Verkehrsmittel benutzen Sie oft?,"das Verkehrsmittel, -",A2.pdf
A2,verletzen (sich),,"yaralamak, yaralanmak","verletzt, hat verletzt",Verb,"Sind Sie verletzt? – Ja, am Bein. Haben Sie sich verletzt?","verletzen (sich), verletzt, hat verletzt",A2.pdf
A2,verlieben (sich),,âşık olmak,"verliebt, hat verliebt",Verb,Ich bin total verliebt.,"verlieben (sich), verliebt, hat verliebt",A2.pdf
A2,verlieren,,kaybetmek,"verliert, hat verloren",Verb,Ich habe meinen Schlüssel verloren. Michael hat seine Arbeit verloren. Wir haben das Fußballspiel verloren.,"verlieren, verliert, hat verloren",A2.pdf
A2,vermieten,,kiraya vermek,"vermietet, hat vermietet",Verb,Die Wohnung ist schon vermietet.,"vermieten, vermietet, hat vermietet",A2.pdf
A2,Vermieter,der,"ev sahibi, kiraya veren","- / die Vermieterin, -nen",Nomen,Unser Vermieter ist nett.,"der Vermieter, - / die Vermieterin, -nen",A2.pdf
A2,verpassen,,kaçırmak,"verpasst, hat verpasst",Verb,Ich habe den Zug verpasst.,"verpassen, verpasst, hat verpasst",A2.pdf
A2,verreisen,,seyahate çıkmak,"verreist, ist verreist",Verb,Verreist ihr in den Ferien? Frau Doktor Müller ist zur Zeit verreist. Sie kommt erst nächste Woche zurück.,"verreisen, verreist, ist verreist",A2.pdf
A2,verschieben,,ertelemek,"verschiebt, hat verschoben",Verb,Leider muss ich den Termin verschieben.,"verschieben, verschiebt, hat verschoben",A2.pdf
A2,verschieden,,"farklı, çeşitli",,Sonstiges,Unsere beiden Kinder sind sehr verschieden. Ich habe diese Schuhe in verschiedenen Farben.,verschieden,A2.pdf
A2,Verspätung,die,gecikme,-en,Nomen,Unser Zug hat leider 15 Minuten Verspätung.,"die Verspätung,-en",A2.pdf
A2,verstehen,,anlamak,"versteht, hat verstanden",Verb,Können Sie mich verstehen? Ich verstehe diese Aufgabe nicht.,"verstehen, versteht, hat verstanden",A2.pdf
A2,versuchen,,denemek,"versucht, hat versucht",Verb,Kann ich es auch einmal versuchen? Haben Sie es schon einmal mit diesem Mittel versucht?,"versuchen, versucht, hat versucht",A2.pdf
A2,Vertrag,der,sözleşme,¨-e,Nomen,Ich muss den Vertrag noch unterschreiben.,"der Vertrag, ¨-e",A2.pdf
A2,viel,,çok,e,Sonstiges,Ich habe leider nicht viel Zeit. Viel Spaß! Im Winter sind viele Leute erkältet.,"viel, e",A2.pdf
A2,vielleicht,,belki,,Sonstiges,Vielleicht bekomme ich diesen Job. Er besucht uns vielleicht am Wochenende. Kannst du mir vielleicht ein bisschen Geld leihen?,vielleicht,A2.pdf
A2,Vogel,der,kuş,¨-,Nomen,Nadine mag Vögel. Morgens singen die Vögel immer laut.,"der Vogel, ¨-",A2.pdf
A2,voll,,dolu,,Sonstiges,Morgens und abends sind die Züge immer sehr voll. Die Flasche ist noch ganz voll.,voll,A2.pdf
A2,Volleyball,der,voleybol,¨-e,Nomen,Ich spiele gern Volleyball.,"der Volleyball, ¨-e",A2.pdf
A2,von,,"-den/-dan, tarafından",,Sonstiges,Das Auto von Felix ist kaputt. Er kommt gerade von Köln/von zu Hause. Die Brötchen sind leider von gestern.,von,A2.pdf
A2,vor,,"önünde, önce",,Sonstiges,Er ist vor einer Stunde gegangen. Das Auto steht vor der Tür.,vor,A2.pdf
A2,vorbei,,"geçmiş, bitmiş",,Sonstiges,Die Linie 8 fährt am Krankenhaus vorbei. Kommst du morgen bei mir vorbei?,vorbei,A2.pdf
A2,vorbereiten,,hazırlamak,"bereitet vor, hat vorbereitet",Verb,Morgen mache ich eine Party. Ich muss noch viel dafür vorbereiten. Ich muss mich auf meine Prüfung vorbereiten.,"vorbereiten, bereitet vor, hat vorbereitet",A2.pdf
A2,vorgestern,,"önceki gün, evvelsi gün",,Sonstiges,Er hat mich vorgestern angerufen.,vorgestern,A2.pdf
A2,vorher,,"önce, daha önce",,Sonstiges,Ich komme mit ins Café. Vorher muss ich aber noch zur Bank.,vorher,A2.pdf
A2,vorn(e),,"önde, öne",,Sonstiges,Bitte vorn(e) einsteigen!,vorn(e),A2.pdf
A2,Vorname,der,"ad, isim",-n,Nomen,"Ich heiße Müller, mein Vorname ist Eva.","der Vorname, -n",A2.pdf
A2,Vorschlag,der,"öneri, teklif",¨-e (haben/machen),Nomen,Was machen wir am Wochenende? Hast du einen guten Vorschlag? - Wir können ins Kino gehen. Was schenken wir Christina zur Hochzeit? - Wir haben doch schon so viele Vorschläge gemacht.,"der Vorschlag, ¨-e (haben/machen)",A2.pdf
A2,vorsichtig,,dikkatli,,Sonstiges,"Sei vorsichtig! Du musst vorsichtig fahren, es ist neblig.",vorsichtig,A2.pdf
A2,vorstellen (sich),,"tanıtmak, kendini tanıtmak","stellt vor, hat vorgestellt",Verb,Wir wollen uns kennenlernen. Können Sie sich bitte vorstellen? Darf ich Ihnen meine Frau vorstellen?,"vorstellen (sich), stellt vor, hat vorgestellt",A2.pdf
A2,vorwärts,,ileri,,Sonstiges,Fahren Sie bitte noch ein Stück vorwärts.,vorwärts,A2.pdf
A2,wach,,uyanık,,Sonstiges,Bist du schon lange wach? Ich bin noch nicht ganz wach.,wach,A2.pdf
A2,Wagen,der,"araba, vagon",–,Nomen,Wo steht Ihr Wagen? Im zweiten Wagen ist unser Zugrestaurant.,"der Wagen, –",A2.pdf
A2,wählen,,"seçmek, çevirmek","wählt, hat gewählt",Verb,Sie müssen erst eine Null wählen. Wählen Sie bitte ein Getränk.,"wählen, wählt, hat gewählt",A2.pdf
A2,wahr,,"doğru, gerçek",,Sonstiges,Das ist (nicht) wahr!,wahr,A2.pdf
A2,wahrscheinlich,,muhtemelen,,Sonstiges,Wahrscheinlich mache ich im Herbst einen Deutschkurs. Er kommt wahrscheinlich nicht.,wahrscheinlich,A2.pdf
A2,Wald,der,orman,¨-er,Nomen,Im Wald ist es ruhig. Ich gehe gern im Wald spazieren.,"der Wald, ¨-er",A2.pdf
A2,wandern,,"yürüyüş yapmak, doğa yürüyüşüne çıkmak","wandert, ist gewandert",Verb,Wir gehen oft wandern.,"wandern, wandert, ist gewandert",A2.pdf
A2,wann,,ne zaman,,Sonstiges,Wann bist du fertig? Wann kann ich Sie anrufen?,wann,A2.pdf
A2,warm,,"sıcak, ılık",,Sonstiges,Hier ist es sehr warm. Mittags esse ich oft ein warmes Essen. Ich brauche einen warmen Pullover.,warm,A2.pdf
A2,warten,,beklemek,"wartet, hat gewartet",Verb,Können Sie ein paar Minuten warten? Auf wen warten Sie?,"warten, wartet, hat gewartet",A2.pdf
A2,warum,,"neden, niçin",,Sonstiges,Warum kommt er nicht?,warum,A2.pdf
A2,was,,ne,,Sonstiges,Was ist das? Was möchten Sie?,was,A2.pdf
A2,Wäsche,die,çamaşır,-n,Nomen,Ich muss noch Wäsche waschen.,"die Wäsche, -n",A2.pdf
A2,waschen (sich),,"yıkamak, yıkanmak","wäscht, hat gewaschen",Verb,Wo kann ich mir die Hände waschen?,"waschen (sich), wäscht, hat gewaschen",A2.pdf
A2,Wasser,das,su,(Sg.),Nomen,"Ein Glas Wasser, bitte. Gibt es hier kein warmes Wasser?",das Wasser (Sg.),A2.pdf
A2,Webseite,die,web sitesi,-n,Nomen,Es gibt viele Webseiten mit Grammatikübungen.,"die Webseite, -n",A2.pdf
A2,wechseln,,"değiştirmek, bozdurmak","wechselt, hat gewechselt",Verb,Wir müssen den Reifen wechseln. Können Sie mir zehn Dollar wechseln?,"wechseln, wechselt, hat gewechselt",A2.pdf
A2,wecken,,uyandırmak,"weckt, hat geweckt",Verb,Bitte wecken Sie mich morgen früh um fünf.,"wecken, weckt, hat geweckt",A2.pdf
A2,weg/weg-,,"kayıp, yok olmuş",(wegbringen/ -fahren/-gehen/ -laufen/-machen/ -nehmen/-werfen),Sonstiges,Meine Brille ist weg. Ich finde sie nicht mehr. Bringst du bitte den Müll weg? Können Sie Ihr Auto bitte wegfahren? Ich gehe jetzt weg. Unser Hund ist weggelaufen. Kannst du das bitte wegmachen? Warum hast du dem Kind den Ball weggenommen? Sie können diese Papiere wegwerfen.,weg/weg- (wegbringen/ -fahren/-gehen/ -laufen/-machen/ -nehmen/-werfen),A2.pdf
A2,Weg,der,yol,-e,Nomen,Das ist der kürzeste Weg. Können Sie mir bitte den Weg zum Flughafen beschreiben?,"der Weg, -e",A2.pdf
A2,wegen,,"yüzünden, nedeniyle",,Sonstiges,Wegen seiner Arbeit kann er leider nicht kommen. Ich rufe wegen meiner Tochter an.,wegen,A2.pdf
A2,wehtun,,"acımak, canını yakmak","tut weh, hat wehgetan",Verb,Wo tut es weh? Ich will dir nicht wehtun.,"wehtun, tut weh, hat wehgetan",A2.pdf
A2,weiblich,,"kadın, dişi",,Sonstiges,Wählen Sie bitte: „weiblich“ oder „männlich“.,weiblich,A2.pdf
A2,weich,,yumuşak,,Sonstiges,Ich möchte zum Frühstück ein weiches Ei. Das Bett im Hotel war zu weich.,weich,A2.pdf
A2,weil,,çünkü,,Sonstiges,"Ich kann nicht kommen, weil ich arbeiten muss.",weil,A2.pdf
A2,Wein,der,şarap,-e,Nomen,"Nein danke, ich möchte keinen Wein.","der Wein, -e",A2.pdf
A2,weinen,,ağlamak,"weint, hat geweint",Verb,Warum weint das Baby? Weine bitte nicht!,"weinen, weint, hat geweint",A2.pdf
A2,weit,,uzak,,Sonstiges,Zum Bahnhof ist es nicht weit.,weit,A2.pdf
A2,weiter,,"daha, ileri",(z. B. weitermachen/-helfen),Sonstiges,"Der Bus fährt nicht weiter. Können wir jetzt weitermachen? Entschuldigung, können Sie mir bitte weiterhelfen?",weiter (z. B. weitermachen/-helfen),A2.pdf
A2,welcher,,hangi,"-e, -s",Sonstiges,Welcher Tag ist heute? Welchen Kurs möchtest du machen? Welche Bluse nehmen Sie? Welches Buch suchst du?,"welcher, -e, -s",A2.pdf
A2,Welt,die,dünya,-en,Nomen,Ich möchte gern einmal um die Welt reisen. Die Studenten kommen aus vielen Ländern. Sie kommen aus der ganzen Welt.,"die Welt, -en",A2.pdf
A2,wenig,,az,-e,Sonstiges,Ich habe leider nur wenig verstanden. Er verdient wenig.,"wenig, -e",A2.pdf
A2,wenigstens,,en azından,,Sonstiges,"Ich habe keinen Hunger. - Ach, essen Sie wenigstens ein Stück Kuchen.",wenigstens,A2.pdf
A2,wenn,,eğer,,Sonstiges,"Wenn ich nicht arbeiten muss, komme ich.",wenn,A2.pdf
A2,wer (wen,,kim,wem),Sonstiges,Wer ist das?,"wer (wen, wem)",A2.pdf
A2,werden,,"olmak, haline gelmek","wird, ist geworden",Verb,Mein Sohn will Arzt werden. Das Wetter am Wochenende wird gut. Das haben sie im Radio gesagt.,"werden, wird, ist geworden",A2.pdf
A2,Werkstatt,die,"tamirhane, atölye",¨-en,Nomen,Mein Auto ist kaputt. Es ist in der Werkstatt.,"die Werkstatt, ¨-en",A2.pdf
A2,Wettbewerb,der,yarışma,-e,Nomen,Mein Sohn hat bei einem Wettbewerb gewonnen.,"der Wettbewerb, -e",A2.pdf
A2,Wetter,das,"hava, hava durumu",(Sg.),Nomen,Heute ist das Wetter gut: Es ist sonnig und warm. Wir hatten im Urlaub schlechtes Wetter.,das Wetter (Sg.),A2.pdf
A2,wichtig,,önemli,,Sonstiges,"Es ist wichtig, dass Sie auch kommen. Morgen habe ich einen wichtigen Termin.",wichtig,A2.pdf
A2,wie,,"nasıl, gibi",,Sonstiges,Wie heißt du? Wie bitte? Können Sie das bitte wiederholen? Er schreibt wie ein Kind. Meine Frau ist so groß wie ich. Wie groß ist die Wohnung? Wie soll ich das machen? Wie lange bist du schon hier?,wie,A2.pdf
A2,wie viel,,"ne kadar, kaç",-e,Sonstiges,Wie viel kostet diese Hose? Wie viele Kinder haben Sie?,"wie viel, -e",A2.pdf
A2,wieder,,"tekrar, yine",,Sonstiges,Stefan kann wieder zum Fußballtraining kommen. Geht es dir wieder besser? Du kommst schon wieder zu spät. Wann kommst du wieder?,wieder,A2.pdf
A2,wiederholen,,tekrarlamak,"wiederholt, hat wiederholt",Verb,Können Sie das bitte wiederholen?,"wiederholen, wiederholt, hat wiederholt",A2.pdf
A2,Wiederhören,das,duyuşmak üzere,-,Nomen,Wir müssen jetzt Schluss machen. Also auf Wiederhören!,"das Wiederhören, -",A2.pdf
A2,Wiedersehen,das,"tekrar görüşme, yeniden buluşma",-,Nomen,Auf Wiedersehen!,"das Wiedersehen, -",A2.pdf
A2,willkommen,,"hoş geldin, hoş geldiniz",,Sonstiges,Herzlich willkommen in Berlin!,willkommen,A2.pdf
A2,Wind,der,rüzgar,-e,Nomen,Der Wind ist kalt.,"der Wind, -e",A2.pdf
A2,windig,,rüzgârlı,,Sonstiges,Heute ist es sehr windig.,windig,A2.pdf
A2,wirklich,,gerçekten,,Sonstiges,Du glaubst mir nicht? Es ist aber wirklich so.,wirklich,A2.pdf
A2,wissen,,bilmek,"weiß, hat gewusst",Verb,"Weißt du, wie der Hausmeister heißt? Woher wissen Sie das?","wissen, weiß, hat gewusst",A2.pdf
A2,Witz,der,"şaka, fıkra",-e,Nomen,Wir haben Witze erzählt und viel gelacht.,"der Witz, -e",A2.pdf
A2,witzig,,"komik, eğlenceli",,Sonstiges,Warum lachst du? Ich finde das nicht witzig.,witzig,A2.pdf
A2,wo,,nerede,,Sonstiges,Wo waren Sie im Urlaub? - In Frankreich. Wo ist meine Uhr? Wo sind Sie geboren?,wo,A2.pdf
A2,woher,,nereden,,Sonstiges,Woher kommen Sie? Woher wissen Sie das?,woher,A2.pdf
A2,wohin,,nereye,,Sonstiges,Wohin fährt dieser Bus? - Nach Dresden. Wohin wollen Sie am Wochenende gehen?,wohin,A2.pdf
A2,wohnen,,"oturmak, yaşamak, ikamet etmek","wohnt, hat gewohnt",Verb,Ich wohne in Kiel.,"wohnen, wohnt, hat gewohnt",A2.pdf
A2,Wohnung,die,"daire, ev",-en,Nomen,Haben Sie schon eine neue Wohnung gefunden? Meine Wohnung ist sehr hell.,"die Wohnung, -en",A2.pdf
A2,Wohnzimmer,das,oturma odası,-,Nomen,Die Kinder sitzen im Wohnzimmer und sehen fern.,"das Wohnzimmer, -",A2.pdf
A2,Wolke,die,bulut,-n,Nomen,Heute gibt es viele Wolken.,"die Wolke, -n",A2.pdf
A2,wollen,,istemek,"will, wollte, hat gewollt (hat wollen als Modalverb)",Verb,Wollen Sie einen Kaffee trinken?,"wollen, will, wollte, hat gewollt (hat wollen als Modalverb)",A2.pdf
A2,Workshop,der,"çalıştay, seminer",-s,Nomen,Das war ein toller Workshop. Ich habe viel gelernt. Am Freitag gibt es einen Computer-Workshop in meiner Firma.,"der Workshop, -s",A2.pdf
A2,Wort,das,"kelime, sözcük",¨-er,Nomen,Ich kenne das Wort nicht. Ich muss das Wort im Wörterbuch suchen.,"das Wort,¨-er",A2.pdf
A2,wunderbar,,"harika, mükemmel",,Sonstiges,Diese Schokolade schmeckt wunderbar. Wir hatten im Urlaub wunderbares Wetter.,wunderbar,A2.pdf
A2,Wunsch,der,"dilek, istek",¨-e,Nomen,"Ich wünsche Ihnen alles Gute! Sie wünschen? – Ich möchte ein halbes Kilo Äpfel, bitte. Haben Sie noch einen Wunsch? Was ist dein größter Wunsch?","der Wunsch, ¨-e",A2.pdf
A2,wünschen,,dilemek,,Sonstiges,Ich wünsche mir eine Kamera zum Geburtstag.,wünschen,A2.pdf
A2,Wurst,die,"sosis, sucuk",¨-e,Nomen,"Eine Wurst mit Pommes, bitte.","die Wurst, ¨-e",A2.pdf
A2,Zahl,die,"sayı, rakam",-en,Nomen,Können Sie die Zahl bitte wiederholen?,"die Zahl, -en",A2.pdf
A2,zahlen,,ödemek,"zahlt, hat gezahlt",Verb,"Entschuldigung, zahlen bitte!","zahlen, zahlt, hat gezahlt",A2.pdf
A2,Zahn,der,diş,¨-e,Nomen,Der Zahn tut mir schon seit einer Woche weh.,"der Zahn, ¨-e",A2.pdf
A2,zeichnen,,"çizmek, resim yapmak","zeichnet, hat gezeichnet",Verb,Caterina kann gut zeichnen. Sieh mal das Bild hier.,"zeichnen, zeichnet, hat gezeichnet",A2.pdf
A2,zeigen,,göstermek,"zeigt, hat gezeigt",Verb,Können Sie mir bitte den Weg zum Bahnhof zeigen?,"zeigen, zeigt, hat gezeigt",A2.pdf
A2,Zeit,die,"zaman, vakit",-en,Nomen,Ich habe heute keine Zeit.,"die Zeit, -en",A2.pdf
A2,Zeitschrift,die,dergi,-en,Nomen,Diese Zeitschrift kauft Andrea jede Woche.,"die Zeitschrift, -en",A2.pdf
A2,Zeitung,die,gazete,-en,Nomen,Ich lese manchmal Zeitung. Wo ist die Zeitung von heute?,"die Zeitung, -en",A2.pdf
A2,Zelt,das,çadır,-e,Nomen,Im Sommer schlafen wir manchmal im Zelt.,"das Zelt, -e",A2.pdf
A2,Zentrum,das,merkez,-en,Nomen,"Der Bahnhof ist im Stadtzentrum. Wohnst du im Zentrum? - Nein, ich wohne nicht direkt in der Stadt.","das Zentrum, -en",A2.pdf
A2,Zettel,der,"kâğıt parçası, not kâğıdı",-,Nomen,Hast du einen Zettel für mich? Ich muss etwas notieren. Schreiben Sie Ihre Telefonnummer bitte auf den Zettel.,"der Zettel, -",A2.pdf
A2,Zeugnis,das,"karne, tanıklık belgesi",-se,Nomen,Morgen bekommen die Kinder ihr Zeugnis.,"das Zeugnis, -se",A2.pdf
A2,(an-)/(aus)ziehen,,"giymek, giyinmek / çıkarmak, soymak","zieht (an/aus), hat/ist (an/aus)gezogen",Verb,Ich ziehe (mir) eine Jacke an. Er hat sein T-Shirt ausgezogen und ein Hemd angezogen. Die Nachbarn sind am Wochenende ausgezogen.,"(an-)/(aus)ziehen, zieht (an/aus), hat/ist (an/aus)gezogen",A2.pdf
A2,Ziel,das,"hedef, amaç, varış noktası",-e,Nomen,John läuft sehr schnell. Er war als erster am Ziel. Was ist dein Ziel im Leben?,"das Ziel, -e",A2.pdf
A2,Zimmer,das,oda,-,Nomen,Das Zimmer ist am größten. Mach im Schlafzimmer das Fenster zu! Die Wohnung hat drei Zimmer. Ich habe im Hotel ein Zimmer bestellt.,"das Zimmer, -",A2.pdf
A2,Zirkus,der,sirk,-se,Nomen,Heute gehen wir mit den Kindern in den Zirkus.,"der Zirkus, -se",A2.pdf
A2,Zitrone,die,limon,-n,Nomen,Ich trinke den Tee mit Zitrone. Lucia mag Zitroneneis.,"die Zitrone, -n",A2.pdf
A2,Zoo,der,hayvanat bahçesi,-s,Nomen,Am Sonntag gehen wir in den Zoo.,"der Zoo, -s",A2.pdf
A2,zu,,"çok, fazla; -e, -a",,Sonstiges,Der Bus fährt zum Bahnhof. Ich gehe zu Fuß. Ich bin zu Hause. Das Kleid ist mir zu teuer. Ich trinke zum Essen ein Bier.,zu,A2.pdf
A2,Zucker,der,şeker,(Sg.),Nomen,Trinken Sie den Tee mit oder ohne Zucker?,der Zucker (Sg.),A2.pdf
A2,zuerst,,"önce, ilk olarak",,Sonstiges,"Zuerst müsst ihr die Hausaufgaben machen, dann könnt ihr spielen. Zuerst hat mir die Arbeit gar nicht gefallen. Jetzt geht es besser.",zuerst,A2.pdf
A2,zufrieden,,memnun,,Sonstiges,"Ich bin mit der Wohnung zufrieden. Sie ist nicht groß, aber sie hat einen Balkon.",zufrieden,A2.pdf
A2,Zug,der,tren,¨-e,Nomen,Ich fahre gern mit dem Zug.,"der Zug, ¨-e",A2.pdf
A2,zuhören,,"dinlemek, kulak vermek","hört zu, hat zugehört",Verb,Hör mir doch mal zu! Ich rede mit dir.,"zuhören, hört zu, hat zugehört",A2.pdf
A2,zuletzt,,"en son, sonunda",,Sonstiges,Wir haben uns vor drei Jahren zuletzt gesehen. Diese Aufgabe machen wir zuletzt.,zuletzt,A2.pdf
A2,zum Beispiel,,örneğin,,Sonstiges,"Mein Freund hat viele Hobbys, zum Beispiel Kochen, Lesen und Tanzen.",zum Beispiel,A2.pdf
A2,zumachen,,kapatmak,"macht zu, hat zugemacht",Verb,Machst du bitte das Fenster zu?,"zumachen, macht zu, hat zugemacht",A2.pdf
A2,zurück,,geri,,Sonstiges,"Eine Fahrkarte nach Frankfurt und zurück, bitte.",zurück,A2.pdf
A2,zurück- (fahren,,"geri- (dönmek, vermek, gitmek, gelmek, koşmak)","geben, gehen, kommen, laufen)",Verb,Fahrt ihr nach der Party zurück nach Hause? Wann muss ich das Buch zurückgeben? Wir gehen wieder zurück. Wann kommst du zurück? Ich habe mein Buch vergessen. Ich laufe schnell nach Hause zurück.,"zurück- (fahren, geben, gehen, kommen, laufen)",A2.pdf
A2,zusammen,,birlikte,,Sonstiges,"Wollen wir zusammen essen gehen? Zahlen, bitte. – Zusammen oder getrennt? Das macht zusammen 10 Euro 80.",zusammen,A2.pdf
A2,zwischen,,arasında,,Sonstiges,Heidelberg liegt zwischen Frankfurt und Stuttgart. Zwischen acht und zehn Uhr bin ich zu Hause.,zwischen,A2.pdf
